[2019/03/28 06:01:25] OK - http://p.trackmytarget.com/?tmt_data=f788f05b-bc96-4202-aaf2-5e8d5c9578ab&event_sid=qc1963&type=lead&id=73 - ANSWER - 
[2019/03/28 10:26:50] OK - http://p.trackmytarget.com/?tmt_data=f788f05b-bc96-4202-aaf2-5e8d5c9578ab&event_sid=qe0d30&type=sale&id=73&0=amount&1=30000 - ANSWER - 
[2019/03/28 10:30:51] OK - http://p.trackmytarget.com/?tmt_data=f788f05b-bc96-4202-aaf2-5e8d5c9578ab&event_sid=qe0d30&type=sale&id=73&amount=30000 - ANSWER - 
[2019/03/28 10:31:18] OK - http://p.trackmytarget.com/?tmt_data=f788f05b-bc96-4202-aaf2-5e8d5c9578ab&event_sid=qe0d30&type=sale&id=73&amount=30000 - ANSWER - 
[2019/03/28 10:31:28] OK - http://p.trackmytarget.com/?tmt_data=f788f05b-bc96-4202-aaf2-5e8d5c9578ab&event_sid=qe0d30&type=sale&id=73&amount=30000 - ANSWER - 
[2019/03/29 03:07:05] OK - http://p.trackmytarget.com/?tmt_data=f788f05b-bc96-4202-aaf2-5e8d5c9578ab&event_sid=qe0d30&type=sale&id=73&amount=30000 - ANSWER - 
[2019/04/03 08:39:02] OK - http://p.trackmytarget.com/?tmt_data=f788f05b-bc96-4202-aaf2-5e8d5c9578ab&event_sid=qc1963&type=lead&id=78 - ANSWER - 
[2019/04/03 08:45:01] OK - http://p.trackmytarget.com/?tmt_data=f788f05b-bc96-4202-aaf2-5e8d5c9578ab&event_sid=qc1963&type=lead&id=79 - ANSWER - 
[2019/04/04 07:31:02] OK - http://p.trackmytarget.com/?tmt_data=f788f05b-bc96-4202-aaf2-5e8d5c9578ab&event_sid=qc1963&type=lead&id=81 - ANSWER - 
[2019/04/04 07:58:02] OK - http://p.trackmytarget.com/?tmt_data=f788f05b-bc96-4202-aaf2-5e8d5c9578ab&event_sid=qc1963&type=lead&id=82 - ANSWER - 
[2019/04/10 11:19:02] OK - http://p.trackmytarget.com/?tmt_data=f788f05b-bc96-4202-aaf2-5e8d5c9578ab&event_sid=4ah5bj&type=lead&id=83 - ANSWER - 
[2019/04/30 10:01:02] OK - http://p.trackmytarget.com/?tmt_data=b8b16c03-e7d0-4485-abaa-a01923933262&event_sid=tvwr7o&type=lead&id=90 - ANSWER - 
[2019/04/30 10:02:36] OK - http://p.trackmytarget.com/?tmt_data=b8b16c03-e7d0-4485-abaa-a01923933262&event_sid=66x805&type=sale&id=90&amount=30000 - ANSWER - 
[2019/05/05 10:47:03] OK - http://p.trackmytarget.com/?tmt_data=b8b16c03-e7d0-4485-abaa-a01923933262&event_sid=ob3d71&type=lead&id=92 - ANSWER - 
[2019/05/05 12:23:47] OK - http://p.trackmytarget.com/?tmt_data=b8b16c03-e7d0-4485-abaa-a01923933262&event_sid=625w40&type=lead&id=93 - ANSWER - 
[2019/05/23 12:32:07] OK - http://p.trackmytarget.com/?tmt_data=f7849f32-5dd8-4674-a743-a98ad4858855&event_sid=4ah5bj&type=lead&id=145 - ANSWER - 
[2019/05/24 01:10:07] OK - http://p.trackmytarget.com/?tmt_data=852af51d-4237-44c3-b627-e924af8e3cb6&event_sid=4ah5bj&type=lead&id=159 - ANSWER - 
[2019/05/24 02:15:08] OK - http://p.trackmytarget.com/?tmt_data=8b1b0d86-8184-48a5-82e9-e743c4a07988&event_sid=4ah5bj&type=lead&id=161 - ANSWER - 
[2019/05/24 03:49:07] OK - http://p.trackmytarget.com/?tmt_data=c382404e-df60-439d-a60a-ce89a385292a&event_sid=4ah5bj&type=lead&id=164 - ANSWER - 
[2019/05/25 08:35:08] OK - http://p.trackmytarget.com/?tmt_data=0b6a86d8-d5cb-4d71-844c-c546f049394d&event_sid=4ah5bj&type=lead&id=169 - ANSWER - 
[2019/05/25 08:35:08] OK - http://p.trackmytarget.com/?tmt_data=69d79b5d-bd04-4038-a319-a1b69ae3e464&event_sid=ob3d71&type=lead&id=170 - ANSWER - 
[2019/05/25 08:35:09] OK - http://p.trackmytarget.com/?tmt_data=2ad701c7-83e6-4ece-bf3a-4aac1d7ac18a&event_sid=ob3d71&type=lead&id=171 - ANSWER - 
[2019/05/25 08:35:09] OK - http://p.trackmytarget.com/?tmt_data=7b2ce689-17c1-442a-b4d1-302071686680&event_sid=4ah5bj&type=lead&id=172 - ANSWER - 
[2019/05/25 08:35:09] OK - http://p.trackmytarget.com/?tmt_data=f7eee44f-ff36-4377-9411-21eb879385f6&event_sid=ob3d71&type=lead&id=173 - ANSWER - 
[2019/05/25 09:04:08] OK - http://p.trackmytarget.com/?tmt_data=4e01ae27-ee84-4080-ad59-b475b14da982&event_sid=ob3d71&type=lead&id=174 - ANSWER - 
[2019/05/26 07:40:08] OK - http://p.trackmytarget.com/?tmt_data=9f391a01-dfc5-4010-bb5f-25a47c5a7dad&event_sid=ob3d71&type=lead&id=176 - ANSWER - 
[2019/05/27 10:44:08] OK - http://p.trackmytarget.com/?tmt_data=7ccb9472-e84a-44fd-9d9f-92e358e0dae2&event_sid=4ah5bj&type=lead&id=177 - ANSWER - 
[2019/05/27 02:16:08] OK - http://p.trackmytarget.com/?tmt_data=598f90b7-7e82-4e52-a811-3e5ee3c88f89&event_sid=tvwr7o&type=lead&id=178 - ANSWER - 
[2019/05/27 03:30:07] OK - http://p.trackmytarget.com/?tmt_data=129a0e0b-2d2d-454b-ab22-7241e3f5dd33&event_sid=ob3d71&type=lead&id=179 - ANSWER - 
[2019/05/27 03:30:08] OK - http://p.trackmytarget.com/?tmt_data=129a0e0b-2d2d-454b-ab22-7241e3f5dd33&event_sid=tvwr7o&type=lead&id=180 - ANSWER - 
[2019/05/27 04:23:07] OK - http://p.trackmytarget.com/?tmt_data=178e33ad-68a1-4013-a597-a56007fb5ac4&event_sid=4ah5bj&type=lead&id=181 - ANSWER - 
[2019/05/27 04:30:08] OK - http://p.trackmytarget.com/?tmt_data=8114ca3c-009d-4cce-bd1a-c31f36015dc5&event_sid=tvwr7o&type=lead&id=183 - ANSWER - 
[2019/05/27 05:08:07] OK - http://p.trackmytarget.com/?tmt_data=aa72b8ea-6876-4a57-8acd-9e2bd4acc9fc&event_sid=bnm2d1&type=lead&id=184 - ANSWER - 
[2019/05/28 09:35:08] OK - http://p.trackmytarget.com/?tmt_data=b62cab4a-ed90-42d5-b3bd-5d67489fbb56&event_sid=ob3d71&type=lead&id=185 - ANSWER - 
[2019/05/28 09:35:08] OK - http://p.trackmytarget.com/?tmt_data=b62cab4a-ed90-42d5-b3bd-5d67489fbb56&event_sid=tvwr7o&type=lead&id=186 - ANSWER - 
[2019/05/28 10:21:07] OK - http://p.trackmytarget.com/?tmt_data=5fb4c18a-5524-4d91-aac8-d940347e365c&event_sid=4ah5bj&type=lead&id=187 - ANSWER - 
[2019/05/28 10:50:08] OK - http://p.trackmytarget.com/?tmt_data=7b8c504e-e627-4992-841d-16fd0506157a&event_sid=4ah5bj&type=lead&id=188 - ANSWER - 
[2019/05/28 11:23:07] OK - http://p.trackmytarget.com/?tmt_data=b62cab4a-ed90-42d5-b3bd-5d67489fbb56&event_sid=4ah5bj&type=lead&id=189 - ANSWER - 
[2019/05/28 02:10:08] OK - http://p.trackmytarget.com/?tmt_data=1ffd1eed-dbb8-4dc8-8536-1cd411ef75f7&event_sid=ob3d71&type=lead&id=190 - ANSWER - 
[2019/05/28 04:44:08] OK - http://p.trackmytarget.com/?tmt_data=23768c45-6981-4ba3-a442-aa49bf79eaf6&event_sid=bnm2d1&type=lead&id=192 - ANSWER - 
[2019/05/29 10:27:07] OK - http://p.trackmytarget.com/?tmt_data=2776f20c-b6d4-48d6-ac98-0bccae8ce0bc&event_sid=4ah5bj&type=lead&id=195 - ANSWER - 
[2019/05/29 11:41:08] OK - http://p.trackmytarget.com/?tmt_data=976d8629-4827-4961-9bbb-d4fb068b46de&event_sid=625w40&type=lead&id=196 - ANSWER - 
[2019/05/29 12:09:07] OK - http://p.trackmytarget.com/?tmt_data=9f391a01-dfc5-4010-bb5f-25a47c5a7dad&event_sid=4ah5bj&type=lead&id=197 - ANSWER - 
[2019/05/29 12:26:08] OK - http://p.trackmytarget.com/?tmt_data=98bd817c-386b-4826-802d-d3e9d11bcff7&event_sid=4ah5bj&type=lead&id=198 - ANSWER - 
[2019/05/29 12:38:07] OK - http://p.trackmytarget.com/?tmt_data=958aff81-de28-4795-b390-b286a71f9443&event_sid=ob3d71&type=lead&id=199 - ANSWER - 
[2019/05/29 12:42:07] OK - http://p.trackmytarget.com/?tmt_data=98bd817c-386b-4826-802d-d3e9d11bcff7&event_sid=4ah5bj&type=lead&id=200 - ANSWER - 
[2019/05/29 01:12:08] OK - http://p.trackmytarget.com/?tmt_data=7caa4070-7a05-403e-8e61-4ef1a2a0b8a6&event_sid=4ah5bj&type=lead&id=201 - ANSWER - 
[2019/05/29 04:36:08] OK - http://p.trackmytarget.com/?tmt_data=d19aca4c-2c63-4bd7-8c42-7f0c33742abc&event_sid=ob3d71&type=lead&id=204 - ANSWER - 
[2019/05/29 05:10:08] OK - http://p.trackmytarget.com/?tmt_data=52de2eaf-c478-4077-8624-6835d211ab78&event_sid=4ah5bj&type=lead&id=205 - ANSWER - 
[2019/05/29 07:14:08] OK - http://p.trackmytarget.com/?tmt_data=7098a1c0-d6f3-483e-9ebd-df79d02d8889&event_sid=4ah5bj&type=lead&id=207 - ANSWER - 
[2019/05/29 08:39:07] OK - http://p.trackmytarget.com/?tmt_data=a59a5061-b7c4-439e-a5c8-e126e4cd708d&event_sid=4ah5bj&type=lead&id=208 - ANSWER - 
[2019/05/30 11:50:08] OK - http://p.trackmytarget.com/?tmt_data=5613c140-6dfc-4052-8bcb-960b84c433a5&event_sid=4ah5bj&type=lead&id=209 - ANSWER - 
[2019/05/30 12:55:08] OK - http://p.trackmytarget.com/?tmt_data=fa2654ea-4498-4b6e-8657-b20361d76f42&event_sid=4ah5bj&type=lead&id=210 - ANSWER - 
[2019/05/30 03:40:07] OK - http://p.trackmytarget.com/?tmt_data=5a344f3c-1e20-4d75-b3c2-996a06512cb4&event_sid=4ah5bj&type=lead&id=211 - ANSWER - 
[2019/05/30 04:33:08] OK - http://p.trackmytarget.com/?tmt_data=f2d2970f-dc70-4599-ae78-4f034546cb35&event_sid=4ah5bj&type=lead&id=212 - ANSWER - 
[2019/05/30 06:53:07] OK - http://p.trackmytarget.com/?tmt_data=7d57bde3-1a19-453c-bcff-969cd77a2aa0&event_sid=4ah5bj&type=lead&id=213 - ANSWER - 
[2019/05/30 08:23:08] OK - http://p.trackmytarget.com/?tmt_data=bc1400e1-5c6b-4e15-b297-801334d5c185&event_sid=4ah5bj&type=lead&id=214 - ANSWER - 
[2019/05/30 08:23:08] OK - http://p.trackmytarget.com/?tmt_data=bc1400e1-5c6b-4e15-b297-801334d5c185&event_sid=tvwr7o&type=lead&id=215 - ANSWER - 
[2019/05/30 08:46:07] OK - http://p.trackmytarget.com/?tmt_data=1d754cb3-cae7-4547-8e80-8d7c5d9021bf&event_sid=ob3d71&type=lead&id=216 - ANSWER - 
[2019/05/30 11:39:52] OK - http://p.trackmytarget.com/?tmt_data=1d754cb3-cae7-4547-8e80-8d7c5d9021bf&event_sid=ob3d71&type=lead&id=217 - ANSWER - 
[2019/05/30 11:45:39] OK - http://p.trackmytarget.com/?tmt_data=1d754cb3-cae7-4547-8e80-8d7c5d9021bf&event_sid=ob3d71&type=lead&id=218 - ANSWER - 
[2019/05/31 12:10:25] OK - http://p.trackmytarget.com/?tmt_data=1d754cb3-cae7-4547-8e80-8d7c5d9021bf&event_sid=ob3d71&type=lead&id=219 - ANSWER - 
[2019/05/31 12:22:51] OK - http://p.trackmytarget.com/?tmt_data=1d754cb3-cae7-4547-8e80-8d7c5d9021bf&event_sid=ob3d71&type=lead&id=220 - ANSWER - 
[2019/05/31 12:24:41] OK - http://p.trackmytarget.com/?tmt_data=1d754cb3-cae7-4547-8e80-8d7c5d9021bf&event_sid=ob3d71&type=lead&id=221 - ANSWER - 
[2019/05/31 12:31:18] OK - http://p.trackmytarget.com/?tmt_data=1d754cb3-cae7-4547-8e80-8d7c5d9021bf&event_sid=ob3d71&type=lead&id=222 - ANSWER - 
[2019/05/31 12:34:26] OK - http://p.trackmytarget.com/?tmt_data=f2d2970f-dc70-4599-ae78-4f034546cb35&event_sid=4ah5bj&type=lead&id=223 - ANSWER - 
[2019/05/31 12:34:27] OK - http://p.trackmytarget.com/?tmt_data=7d57bde3-1a19-453c-bcff-969cd77a2aa0&event_sid=4ah5bj&type=lead&id=224 - ANSWER - 
[2019/05/31 12:34:27] OK - http://p.trackmytarget.com/?tmt_data=bc1400e1-5c6b-4e15-b297-801334d5c185&event_sid=4ah5bj&type=lead&id=225 - ANSWER - 
[2019/05/31 12:12:07] OK - http://p.trackmytarget.com/?tmt_data=2d276ced-69ac-4937-9559-80d866e0148d&event_sid=4ah5bj&type=lead&id=227 - ANSWER - 
[2019/05/31 04:31:08] OK - http://p.trackmytarget.com/?tmt_data=979b1937-16a4-4ccb-8a65-893abe60289b&event_sid=4ah5bj&type=lead&id=228 - ANSWER - 
[2019/05/31 07:48:08] OK - http://p.trackmytarget.com/?tmt_data=d30df031-069d-4385-8edd-10b4ca8bf78b&event_sid=ob3d71&type=lead&id=230 - ANSWER - 
[2019/06/01 08:49:08] OK - http://p.trackmytarget.com/?tmt_data=82b64378-133b-4fde-b43a-f829d33124bd&event_sid=bnm2d1&type=lead&id=231 - ANSWER - 
[2019/06/01 12:15:08] OK - http://p.trackmytarget.com/?tmt_data=8b943c08-d3da-41e3-a219-fb4c15e6a450&event_sid=ob3d71&type=lead&id=232 - ANSWER - 
[2019/06/01 04:20:08] OK - http://p.trackmytarget.com/?tmt_data=52a6cc9e-b871-4705-81b1-31b1d34b1f5c&event_sid=ob3d71&type=lead&id=233 - ANSWER - 
[2019/06/01 04:23:07] OK - http://p.trackmytarget.com/?tmt_data=fbbe2389-b540-43d5-be3a-f16dae26e469&event_sid=ob3d71&type=lead&id=234 - ANSWER - 
[2019/06/01 07:54:08] OK - http://p.trackmytarget.com/?tmt_data=ec9c0654-af35-4254-adcc-3af28663054b&event_sid=4ah5bj&type=lead&id=235 - ANSWER - 
[2019/06/02 06:26:08] OK - http://p.trackmytarget.com/?tmt_data=edf9d245-7a59-4931-8fb7-36742e33e2a9&event_sid=4ah5bj&type=lead&id=236 - ANSWER - 
[2019/06/02 01:33:07] OK - http://p.trackmytarget.com/?tmt_data=dc5e8a7d-c34e-49c6-aa59-7e4e73a01f8c&event_sid=4ah5bj&type=lead&id=237 - ANSWER - 
[2019/06/02 03:54:07] OK - http://p.trackmytarget.com/?tmt_data=a21dcdb2-7dce-4cd0-a71c-6d229d0c988c&event_sid=4ah5bj&type=lead&id=238 - ANSWER - 
[2019/06/03 08:39:08] OK - http://p.trackmytarget.com/?tmt_data=852af51d-4237-44c3-b627-e924af8e3cb6&event_sid=ob3d71&type=lead&id=239 - ANSWER - 
[2019/06/03 09:00:07] OK - http://p.trackmytarget.com/?tmt_data=206173d4-ddab-4c14-a77d-52d0e42b074d&event_sid=ob3d71&type=lead&id=240 - ANSWER - 
[2019/06/03 10:15:07] OK - http://p.trackmytarget.com/?tmt_data=12c02938-fa3e-4786-a603-24aa5888b27d&event_sid=ob3d71&type=lead&id=241 - ANSWER - 
[2019/06/03 11:28:08] OK - http://p.trackmytarget.com/?tmt_data=47ccb177-36dc-4ca9-84eb-d54ef2f04771&event_sid=4ah5bj&type=lead&id=243 - ANSWER - 
[2019/06/03 11:48:08] OK - http://p.trackmytarget.com/?tmt_data=b8012af7-3b90-43f4-860a-2174a5e71084&event_sid=ob3d71&type=lead&id=244 - ANSWER - 
[2019/06/03 01:26:08] OK - http://p.trackmytarget.com/?tmt_data=b79d416f-5a5a-44d9-8c37-8c1b9ed4c5e5&event_sid=4ah5bj&type=lead&id=245 - ANSWER - 
[2019/06/03 01:32:08] OK - http://p.trackmytarget.com/?tmt_data=a5c30348-8ce0-4ef2-974a-fcf9ec69dd23&event_sid=4ah5bj&type=lead&id=246 - ANSWER - 
[2019/06/03 02:27:07] OK - http://p.trackmytarget.com/?tmt_data=7042f780-d799-40f8-bed0-a0bc6ce301dd&event_sid=4ah5bj&type=lead&id=247 - ANSWER - 
[2019/06/03 09:18:08] OK - http://p.trackmytarget.com/?tmt_data=dc1b879c-45d9-4a7d-9a3d-6b0b56b9f914&event_sid=4ah5bj&type=lead&id=248 - ANSWER - 
[2019/06/03 09:37:08] OK - http://p.trackmytarget.com/?tmt_data=3956b182-d3b0-4994-b7b1-45741c8d3fd1&event_sid=ob3d71&type=lead&id=249 - ANSWER - 
[2019/06/04 12:00:07] OK - http://p.trackmytarget.com/?tmt_data=3560d068-b74a-4542-aaa9-a7830669efaa&event_sid=bnm2d1&type=lead&id=250 - ANSWER - 
[2019/06/04 11:43:07] OK - http://p.trackmytarget.com/?tmt_data=ef2d1546-e8c0-4cf9-8669-8be3b402b30f&event_sid=4ah5bj&type=lead&id=251 - ANSWER - 
[2019/06/04 12:26:07] OK - http://p.trackmytarget.com/?tmt_data=99038186-67ce-4fd8-884b-bc5bc77e8a0e&event_sid=ob3d71&type=lead&id=252 - ANSWER - 
[2019/06/04 08:33:08] OK - http://p.trackmytarget.com/?tmt_data=cb63ac86-b22b-44b1-b3d4-bd4c26452cdb&event_sid=4ah5bj&type=lead&id=253 - ANSWER - 
[2019/06/08 10:20:01] OK - http://p.trackmytarget.com/?tmt_data=ddc6ced9-ee74-4635-a24f-597e629be761&event_sid=tvwr7o&type=lead&id=254 - ANSWER - 
[2019/06/08 10:20:01] OK - http://p.trackmytarget.com/?tmt_data=2397731b-1427-458a-9050-9f4f4a11ea50&event_sid=4ah5bj&type=lead&id=255 - ANSWER - 
[2019/06/08 10:25:42] OK - http://p.trackmytarget.com/?tmt_data=af788ad7-ed5e-46ca-a7fd-11ce23984edc&event_sid=4ah5bj&type=lead&id=257 - ANSWER - 
[2019/06/08 10:30:54] OK - http://p.trackmytarget.com/?tmt_data=af788ad7-ed5e-46ca-a7fd-11ce23984edc&event_sid=ob3d71&type=lead&id=259 - ANSWER - 
[2019/06/08 10:30:55] OK - http://p.trackmytarget.com/?tmt_data=b2c55269-9b94-49aa-9f0a-6baef75776ec&event_sid=ob3d71&type=lead&id=260 - ANSWER - 
[2019/06/08 12:51:26] OK - http://p.trackmytarget.com/?tmt_data=b309f7bd-bb07-4102-9535-bd840a6647e0&event_sid=4ah5bj&type=lead&id=264 - ANSWER - 
[2019/06/08 12:51:38] OK - http://p.trackmytarget.com/?tmt_data=ffbc3f23-ec63-418d-8f05-3229d141e571&event_sid=4ah5bj&type=lead&id=265 - ANSWER - 
[2019/06/08 05:07:48] OK - http://p.trackmytarget.com/?tmt_data=9d5df8ec-f2a3-41c3-9b52-bd6a355629c1&event_sid=4ah5bj&type=lead&id=272 - ANSWER - 
[2019/06/11 07:47:02] OK - http://p.trackmytarget.com/?tmt_data=d0ac285d-84ee-4e1c-8fb2-d736d7953604&event_sid=ob3d71&type=lead&id=274 - ANSWER - 
[2019/06/11 07:47:02] OK - http://p.trackmytarget.com/?tmt_data=12889e28-4f86-4b7b-a603-4246a2f9259f&event_sid=ob3d71&type=lead&id=275 - ANSWER - 
[2019/06/11 07:47:02] OK - http://p.trackmytarget.com/?tmt_data=93535f65-1a34-49dd-af08-538ac638f0ca&event_sid=ob3d71&type=lead&id=276 - ANSWER - 
[2019/06/11 07:47:03] OK - http://p.trackmytarget.com/?tmt_data=a3255480-f071-4a1d-b091-5baf63d8f13b&event_sid=4ah5bj&type=lead&id=277 - ANSWER - 
[2019/06/11 07:47:03] OK - http://p.trackmytarget.com/?tmt_data=12d1291f-8136-4d02-9795-107da9a72a9c&event_sid=bnm2d1&type=lead&id=279 - ANSWER - 
[2019/06/11 09:48:01] OK - http://p.trackmytarget.com/?tmt_data=a691a3af-05ce-40e9-a1fa-ebfc659e7aab&event_sid=bnm2d1&type=lead&id=401 - ANSWER - 
[2019/06/11 12:19:59] OK - http://p.trackmytarget.com/?tmt_data=ddc6ced9-ee74-4635-a24f-597e629be761&event_sid=ob3d71&type=lead&id=550 - ANSWER - 
[2019/06/11 02:28:02] OK - http://p.trackmytarget.com/?tmt_data=7a8c8e56-6719-4958-9497-63098b75684f&event_sid=4ah5bj&type=lead&id=552 - ANSWER - 
[2019/06/11 10:13:02] OK - http://p.trackmytarget.com/?tmt_data=be6527dd-c335-4622-b556-292ac14e9017&event_sid=4ah5bj&type=lead&id=553 - ANSWER - 
[2019/06/13 12:43:02] OK - http://p.trackmytarget.com/?tmt_data=c118f822-72a4-4ebb-8708-9d23b58ede5c&event_sid=4ah5bj&type=lead&id=554 - ANSWER - 
[2019/06/13 01:26:02] OK - http://p.trackmytarget.com/?tmt_data=f813a776-680e-47fb-a401-868b69cb6e13&event_sid=ob3d71&type=lead&id=556 - ANSWER - 
[2019/06/13 03:25:02] OK - http://p.trackmytarget.com/?tmt_data=b55bd1cd-8750-4ef4-b472-30c3739d4a21&event_sid=qc1963&type=lead&id=557 - ANSWER - 
[2019/06/13 06:48:02] OK - http://p.trackmytarget.com/?tmt_data=fc3f5ee9-3f74-4522-9550-8149dafcdf6b&event_sid=4ah5bj&type=lead&id=558 - ANSWER - 
[2019/06/14 09:38:01] OK - http://p.trackmytarget.com/?tmt_data=119e8629-1c3c-4eff-834a-51feb14f9b78&event_sid=qc1963&type=lead&id=559 - ANSWER - 
[2019/06/14 03:19:02] OK - http://p.trackmytarget.com/?tmt_data=eaf31245-2496-4258-a771-99d31cc685c4&event_sid=4ah5bj&type=lead&id=565 - ANSWER - 
[2019/06/14 07:21:01] OK - http://p.trackmytarget.com/?tmt_data=b9ca778d-1cf6-4765-9c72-7693e4c92127&event_sid=bnm2d1&type=lead&id=566 - ANSWER - 
[2019/06/15 12:39:02] OK - http://p.trackmytarget.com/?tmt_data=64084e84-0007-49f2-8512-29a73e188432&event_sid=tvwr7o&type=lead&id=569 - ANSWER - 
[2019/06/15 12:51:02] OK - http://p.trackmytarget.com/?tmt_data=59a62a66-577d-4738-8c2e-ed32038f9115&event_sid=4ah5bj&type=lead&id=570 - ANSWER - 
[2019/06/15 07:37:02] OK - http://p.trackmytarget.com/?tmt_data=0d6f5e14-5580-4c5a-b11b-34d320f52874&event_sid=4ah5bj&type=lead&id=572 - ANSWER - 
[2019/06/16 10:07:01] OK - http://p.trackmytarget.com/?tmt_data=67f01d85-8b85-43f6-8ab6-5f0cbbdac3ba&event_sid=4ah5bj&type=lead&id=573 - ANSWER - 
[2019/06/16 11:33:01] OK - http://p.trackmytarget.com/?tmt_data=d4f2ade9-4d1a-40b6-b1b3-2f247855fee3&event_sid=bnm2d1&type=lead&id=574 - ANSWER - 
[2019/06/16 03:43:02] OK - http://p.trackmytarget.com/?tmt_data=10e99c9b-5fe7-400e-8030-2191667f686f&event_sid=4ah5bj&type=lead&id=575 - ANSWER - 
[2019/06/16 05:19:02] OK - http://p.trackmytarget.com/?tmt_data=be6527dd-c335-4622-b556-292ac14e9017&event_sid=4ah5bj&type=lead&id=576 - ANSWER - 
[2019/06/16 06:15:01] OK - http://p.trackmytarget.com/?tmt_data=8114ca3c-009d-4cce-bd1a-c31f36015dc5&event_sid=tvwr7o&type=lead&id=577 - ANSWER - 
[2019/06/17 01:42:02] OK - http://p.trackmytarget.com/?tmt_data=8efda487-e161-4175-82ea-550ab1b27e72&event_sid=ob3d71&type=lead&id=578 - ANSWER - 
[2019/06/17 02:04:01] OK - http://p.trackmytarget.com/?tmt_data=568313eb-74fa-4c0c-8b0b-bd3c60832cee&event_sid=ob3d71&type=lead&id=579 - ANSWER - 
[2019/06/17 05:11:02] OK - http://p.trackmytarget.com/?tmt_data=0954a10a-b003-430a-a2c4-39c13a6407d2&event_sid=4ah5bj&type=lead&id=580 - ANSWER - 
[2019/06/17 06:55:02] OK - http://p.trackmytarget.com/?tmt_data=cae37628-f628-4f18-9522-d720e702e765&event_sid=bnm2d1&type=lead&id=582 - ANSWER - 
[2019/06/18 10:31:02] OK - http://p.trackmytarget.com/?tmt_data=47d0c8e3-c703-456d-b203-f9850936f9cb&event_sid=625w40&type=lead&id=583 - ANSWER - 
[2019/06/18 10:45:02] OK - http://p.trackmytarget.com/?tmt_data=89f8cea9-e62c-4f96-9fa1-2618c9df26b0&event_sid=4ah5bj&type=lead&id=584 - ANSWER - 
[2019/06/18 02:37:01] OK - http://p.trackmytarget.com/?tmt_data=e6d59f2e-8657-4659-987d-fe573b327729&event_sid=bnm2d1&type=lead&id=585 - ANSWER - 
[2019/06/18 02:40:01] OK - http://p.trackmytarget.com/?tmt_data=edf9d245-7a59-4931-8fb7-36742e33e2a9&event_sid=4ah5bj&type=lead&id=586 - ANSWER - 
[2019/06/18 05:33:01] OK - http://p.trackmytarget.com/?tmt_data=4d438825-710e-4a4f-972b-90a8420aaccf&event_sid=4ah5bj&type=lead&id=587 - ANSWER - 
[2019/06/19 08:09:01] OK - http://p.trackmytarget.com/?tmt_data=fa7bbe61-ca8d-4d05-929b-36df5c1cf59d&event_sid=ob3d71&type=lead&id=588 - ANSWER - 
[2019/06/19 01:35:01] OK - http://p.trackmytarget.com/?tmt_data=f7cc431c-92d2-4aec-9296-bbaeff4daddc&event_sid=4ah5bj&type=lead&id=589 - ANSWER - 
[2019/06/19 08:09:02] OK - http://p.trackmytarget.com/?tmt_data=c09831a2-f2d3-427b-a1d3-6705a1ee5dcd&event_sid=4ah5bj&type=lead&id=591 - ANSWER - 
[2019/06/19 11:33:01] OK - http://p.trackmytarget.com/?tmt_data=4452915e-6f24-4471-8121-fe1191d24574&event_sid=ob3d71&type=lead&id=592 - ANSWER - 
[2019/06/20 05:21:01] OK - http://p.trackmytarget.com/?tmt_data=3560d068-b74a-4542-aaa9-a7830669efaa&event_sid=bnm2d1&type=lead&id=593 - ANSWER - 
[2019/06/20 12:47:54] OK - http://p.trackmytarget.com/?tmt_data=47b0e564-f3b4-497d-8f1d-840ca73cd7e5&event_sid=tvwr7o&type=lead&id=595 - ANSWER - 
[2019/06/20 01:18:01] OK - http://p.trackmytarget.com/?tmt_data=8747f96e-8d7c-4eed-b706-3f5874b4c7b0&event_sid=ob3d71&type=lead&id=596 - ANSWER - 
[2019/06/20 06:47:02] OK - http://p.trackmytarget.com/?tmt_data=5c543a29-5886-4076-a9a6-95683598a3fd&event_sid=4ah5bj&type=lead&id=597 - ANSWER - 
[2019/06/21 11:25:02] OK - http://p.trackmytarget.com/?tmt_data=9689a9af-04a3-4d6b-8012-5c8c4bc4104c&event_sid=ob3d71&type=lead&id=598 - ANSWER - 
[2019/06/21 03:27:01] OK - http://p.trackmytarget.com/?tmt_data=5e03a08c-ed24-4163-bacb-44c4a4e52ad9&event_sid=ob3d71&type=lead&id=599 - ANSWER - 
[2019/06/22 08:28:01] OK - http://p.trackmytarget.com/?tmt_data=3560d068-b74a-4542-aaa9-a7830669efaa&event_sid=4ah5bj&type=lead&id=602 - ANSWER - 
[2019/06/25 01:14:02] OK - http://p.trackmytarget.com/?tmt_data=aa57e4bc-6993-42e9-95bc-577d8789c58b&event_sid=4ah5bj&type=lead&id=604 - ANSWER - 
[2019/06/25 02:54:02] OK - http://p.trackmytarget.com/?tmt_data=86371af2-19c8-4158-830a-3c3e4a3b953f&event_sid=bnm2d1&type=lead&id=605 - ANSWER - 
[2019/06/25 08:41:01] OK - http://p.trackmytarget.com/?tmt_data=69c1e5a4-0013-4310-9e97-e163045ec777&event_sid=4ah5bj&type=lead&id=606 - ANSWER - 
[2019/06/25 08:45:02] OK - http://p.trackmytarget.com/?tmt_data=69c1e5a4-0013-4310-9e97-e163045ec777&event_sid=4ah5bj&type=lead&id=607 - ANSWER - 
[2019/06/26 10:18:02] OK - http://p.trackmytarget.com/?tmt_data=96431890-6d01-40a9-ac2c-50d3e9f29748&event_sid=4ah5bj&type=lead&id=608 - ANSWER - 
[2019/06/26 07:34:36] OK - http://p.trackmytarget.com/?tmt_data=96431890-6d01-40a9-ac2c-50d3e9f29748&event_sid=4ah5bj&type=lead&id=609 - ANSWER - 
[2019/06/26 11:41:01] OK - http://p.trackmytarget.com/?tmt_data=8290384f-e633-4e48-823a-65170ee078f5&event_sid=4ah5bj&type=lead&id=610 - ANSWER - 
[2019/06/27 08:31:01] OK - http://p.trackmytarget.com/?tmt_data=c8573c84-347d-4af2-8d0c-b8b034604019&event_sid=4ah5bj&type=lead&id=611 - ANSWER - 
[2019/06/27 10:15:02] OK - http://p.trackmytarget.com/?tmt_data=c3d2d300-ff0a-44fa-abdc-c32341054c3a&event_sid=625w40&type=lead&id=612 - ANSWER - 
[2019/06/27 11:48:02] OK - http://p.trackmytarget.com/?tmt_data=80ab8eb9-e808-4844-8498-b0c2b838959a&event_sid=ob3d71&type=lead&id=613 - ANSWER - 
[2019/06/27 10:06:01] OK - http://p.trackmytarget.com/?tmt_data=a20bc14d-9abb-488b-9bd9-5610a7027548&event_sid=4ah5bj&type=lead&id=615 - ANSWER - 
[2019/06/28 12:16:02] OK - http://p.trackmytarget.com/?tmt_data=216cadb8-6f79-4617-a51b-fc1810ed091e&event_sid=4ah5bj&type=lead&id=616 - ANSWER - 
[2019/06/28 01:57:52] OK - http://p.trackmytarget.com/?tmt_data=216cadb8-6f79-4617-a51b-fc1810ed091e&event_sid=4ah5bj&type=lead&id=617 - ANSWER - 
[2019/06/28 02:33:29] OK - http://p.trackmytarget.com/?tmt_data=216cadb8-6f79-4617-a51b-fc1810ed091e&event_sid=4ah5bj&type=lead&id=618 - ANSWER - 
[2019/06/28 05:04:02] OK - http://p.trackmytarget.com/?tmt_data=21458bf6-46e5-46b8-a1d6-be664144b718&event_sid=4ah5bj&type=lead&id=619 - ANSWER - 
[2019/06/28 10:39:24] OK - http://p.trackmytarget.com/?tmt_data=d4fedde4-c202-45cf-ae18-e8fed7ad64a2&event_sid=ob3d71&type=lead&id=624 - ANSWER - 
[2019/07/03 10:03:01] OK - http://p.trackmytarget.com/?tmt_data=29049f31-820a-4ec3-b7ed-41d1814675e6&event_sid=4ah5bj&type=lead&id=633 - ANSWER - 
[2019/07/03 10:03:04] OK - http://p.trackmytarget.com/?tmt_data=f997bc32-32db-47f6-a032-01d9306cbac4&event_sid=bnm2d1&type=lead&id=634 - ANSWER - 
[2019/07/03 10:03:06] OK - http://p.trackmytarget.com/?tmt_data=5ecc4e64-7031-4a2a-8607-309f85812d82&event_sid=ob3d71&type=lead&id=635 - ANSWER - 
[2019/07/03 10:03:08] OK - http://p.trackmytarget.com/?tmt_data=187a600a-f821-43df-aca4-94010b396cd7&event_sid=4ah5bj&type=lead&id=636 - ANSWER - 
[2019/07/03 10:03:12] OK - http://p.trackmytarget.com/?tmt_data=f3733006-a36f-4d55-9e43-3f79810bcec9&event_sid=4ah5bj&type=lead&id=638 - ANSWER - 
[2019/07/03 10:03:16] OK - http://p.trackmytarget.com/?tmt_data=a4230266-f267-4c85-bb3c-1f188201e99b&event_sid=4ah5bj&type=lead&id=640 - ANSWER - 
[2019/07/03 10:03:18] OK - http://p.trackmytarget.com/?tmt_data=ba7674d2-c118-43c8-8628-b4beda00687f&event_sid=4ah5bj&type=lead&id=641 - ANSWER - 
[2019/07/03 10:03:20] OK - http://p.trackmytarget.com/?tmt_data=f31aea17-49a6-4024-9569-7f9bd848054f&event_sid=4ah5bj&type=lead&id=642 - ANSWER - 
[2019/07/03 10:03:23] OK - http://p.trackmytarget.com/?tmt_data=4258d40b-6f77-4144-9846-a04be77ee109&event_sid=4ah5bj&type=lead&id=643 - ANSWER - 
[2019/07/03 10:03:25] OK - http://p.trackmytarget.com/?tmt_data=612c275f-8034-4e0b-9e0c-bc1345795906&event_sid=4ah5bj&type=lead&id=644 - ANSWER - 
[2019/07/03 10:03:27] OK - http://p.trackmytarget.com/?tmt_data=06577bdd-49de-496f-8b10-2d4fa01edfb4&event_sid=ob3d71&type=lead&id=645 - ANSWER - 
[2019/07/03 10:39:02] OK - http://p.trackmytarget.com/?tmt_data=bde5e154-03dc-42da-baf9-69b3f1aa8b1c&event_sid=4ah5bj&type=lead&id=659 - ANSWER - 
[2019/07/03 10:39:06] OK - http://p.trackmytarget.com/?tmt_data=bde5e154-03dc-42da-baf9-69b3f1aa8b1c&event_sid=4ah5bj&type=lead&id=660 - ANSWER - 
[2019/07/03 10:52:01] OK - http://p.trackmytarget.com/?tmt_data=06577bdd-49de-496f-8b10-2d4fa01edfb4&event_sid=4ah5bj&type=lead&id=661 - ANSWER - 
[2019/07/03 10:52:04] OK - http://p.trackmytarget.com/?tmt_data=06577bdd-49de-496f-8b10-2d4fa01edfb4&event_sid=4ah5bj&type=lead&id=662 - ANSWER - 
[2019/07/03 10:52:06] OK - http://p.trackmytarget.com/?tmt_data=06577bdd-49de-496f-8b10-2d4fa01edfb4&event_sid=4ah5bj&type=lead&id=663 - ANSWER - 
[2019/07/03 10:53:02] OK - http://p.trackmytarget.com/?tmt_data=06577bdd-49de-496f-8b10-2d4fa01edfb4&event_sid=4ah5bj&type=lead&id=664 - ANSWER - 
[2019/07/03 12:19:02] OK - http://p.trackmytarget.com/?tmt_data=281fb47a-baed-49fd-9fa1-3b27b2a4aa70&event_sid=4ah5bj&type=lead&id=665 - ANSWER - 
[2019/07/03 12:19:04] OK - http://p.trackmytarget.com/?tmt_data=281fb47a-baed-49fd-9fa1-3b27b2a4aa70&event_sid=4ah5bj&type=lead&id=666 - ANSWER - 
[2019/07/03 12:20:01] OK - http://p.trackmytarget.com/?tmt_data=281fb47a-baed-49fd-9fa1-3b27b2a4aa70&event_sid=4ah5bj&type=lead&id=667 - ANSWER - 
[2019/07/03 12:20:03] OK - http://p.trackmytarget.com/?tmt_data=281fb47a-baed-49fd-9fa1-3b27b2a4aa70&event_sid=4ah5bj&type=lead&id=668 - ANSWER - 
[2019/07/03 12:21:02] OK - http://p.trackmytarget.com/?tmt_data=281fb47a-baed-49fd-9fa1-3b27b2a4aa70&event_sid=4ah5bj&type=lead&id=669 - ANSWER - 
[2019/07/03 12:21:04] OK - http://p.trackmytarget.com/?tmt_data=281fb47a-baed-49fd-9fa1-3b27b2a4aa70&event_sid=4ah5bj&type=lead&id=670 - ANSWER - 
[2019/07/03 02:41:02] OK - http://p.trackmytarget.com/?tmt_data=3af16bf5-b886-45ce-9cdf-cad6c07b131c&event_sid=bnm2d1&type=lead&id=671 - ANSWER - 
[2019/07/04 06:57:09] OK - http://p.trackmytarget.com/?tmt_data=0c95ac1e-c673-46d1-bdaa-93e9efcd9c9f&event_sid=4ah5bj&type=lead&id=681 - ANSWER - 
[2019/07/04 06:57:10] OK - http://p.trackmytarget.com/?tmt_data=0c95ac1e-c673-46d1-bdaa-93e9efcd9c9f&event_sid=4ah5bj&type=lead&id=682 - ANSWER - 
[2019/07/04 06:57:12] OK - http://p.trackmytarget.com/?tmt_data=0c95ac1e-c673-46d1-bdaa-93e9efcd9c9f&event_sid=4ah5bj&type=lead&id=683 - ANSWER - 
[2019/07/04 06:57:14] OK - http://p.trackmytarget.com/?tmt_data=0c95ac1e-c673-46d1-bdaa-93e9efcd9c9f&event_sid=4ah5bj&type=lead&id=684 - ANSWER - 
[2019/07/04 06:57:16] OK - http://p.trackmytarget.com/?tmt_data=ea7912f2-b8a8-48cf-b560-f0bcc57884de&event_sid=4ah5bj&type=lead&id=685 - ANSWER - 
[2019/07/04 06:57:18] OK - http://p.trackmytarget.com/?tmt_data=ea7912f2-b8a8-48cf-b560-f0bcc57884de&event_sid=4ah5bj&type=lead&id=686 - ANSWER - 
[2019/07/04 06:57:20] OK - http://p.trackmytarget.com/?tmt_data=ea7912f2-b8a8-48cf-b560-f0bcc57884de&event_sid=4ah5bj&type=lead&id=687 - ANSWER - 
[2019/07/04 06:57:21] OK - http://p.trackmytarget.com/?tmt_data=ea7912f2-b8a8-48cf-b560-f0bcc57884de&event_sid=4ah5bj&type=lead&id=688 - ANSWER - 
[2019/07/04 06:57:23] OK - http://p.trackmytarget.com/?tmt_data=0c95ac1e-c673-46d1-bdaa-93e9efcd9c9f&event_sid=4ah5bj&type=lead&id=694 - ANSWER - 
[2019/07/04 06:57:25] OK - http://p.trackmytarget.com/?tmt_data=0c95ac1e-c673-46d1-bdaa-93e9efcd9c9f&event_sid=ob3d71&type=lead&id=696 - ANSWER - 
[2019/07/04 08:07:01] OK - http://p.trackmytarget.com/?tmt_data=5e03a08c-ed24-4163-bacb-44c4a4e52ad9&event_sid=ob3d71&type=lead&id=697 - ANSWER - 
[2019/07/04 11:08:02] OK - http://p.trackmytarget.com/?tmt_data=d72baeb5-2bb6-4fbd-b4c4-28e71a5e4bc5&event_sid=ob3d71&type=lead&id=699 - ANSWER - 
[2019/07/05 09:34:02] OK - http://p.trackmytarget.com/?tmt_data=12b52dd1-9b6d-4c8b-a024-75562f2c336b&event_sid=ob3d71&type=lead&id=700 - ANSWER - 
[2019/07/05 11:03:02] OK - http://p.trackmytarget.com/?tmt_data=7db162f0-2b28-4674-9053-44fa5980746d&event_sid=4ah5bj&type=lead&id=702 - ANSWER - 
[2019/07/05 03:35:02] OK - http://p.trackmytarget.com/?tmt_data=69692fb6-01f5-465e-982f-da7f0a21360d&event_sid=625w40&type=lead&id=704 - ANSWER - 
[2019/07/05 07:55:01] OK - http://p.trackmytarget.com/?tmt_data=6147589e-b1bf-4d99-85ed-60af9b694c4e&event_sid=ob3d71&type=lead&id=705 - ANSWER - 
[2019/07/06 02:14:01] OK - http://p.trackmytarget.com/?tmt_data=89372f99-ad41-4cb6-bac7-2eb941b27113&event_sid=ob3d71&type=lead&id=708 - ANSWER - 
[2019/07/06 11:01:02] OK - http://p.trackmytarget.com/?tmt_data=93812381-41ca-4271-a203-c47d719726d9&event_sid=bnm2d1&type=lead&id=710 - ANSWER - 
[2019/07/07 11:53:02] OK - http://p.trackmytarget.com/?tmt_data=84cf9052-2760-410e-9d8b-f91cec3a2271&event_sid=ob3d71&type=lead&id=711 - ANSWER - 
[2019/07/07 09:39:02] OK - http://p.trackmytarget.com/?tmt_data=d4fedde4-c202-45cf-ae18-e8fed7ad64a2&event_sid=4ah5bj&type=lead&id=712 - ANSWER - 
[2019/07/08 09:13:02] OK - http://p.trackmytarget.com/?tmt_data=50123db9-a033-4bd0-830b-f012cde08001&event_sid=4ah5bj&type=lead&id=713 - ANSWER - 
[2019/07/08 09:22:02] OK - http://p.trackmytarget.com/?tmt_data=a6c0d091-f6da-41a3-965c-1e7376ff5e68&event_sid=ob3d71&type=lead&id=717 - ANSWER - 
[2019/07/09 11:00:02] OK - http://p.trackmytarget.com/?tmt_data=5a4fe170-60b9-43e1-8a53-1ebc9d54efb2&event_sid=4ah5bj&type=lead&id=719 - ANSWER - 
[2019/07/09 07:35:02] OK - http://p.trackmytarget.com/?tmt_data=dcd90353-5f52-4346-baf1-af0e236e745e&event_sid=4ah5bj&type=lead&id=724 - ANSWER - 
[2019/07/09 10:25:01] OK - http://p.trackmytarget.com/?tmt_data=9201135b-7cfa-44bf-8f36-393bc828e6bf&event_sid=4ah5bj&type=lead&id=725 - ANSWER - 
[2019/07/10 12:50:01] OK - http://p.trackmytarget.com/?tmt_data=64084e84-0007-49f2-8512-29a73e188432&event_sid=ob3d71&type=lead&id=726 - ANSWER - 
[2019/07/10 12:06:02] OK - http://p.trackmytarget.com/?tmt_data=e85f1f16-0f90-4881-9cca-086a6a0787aa&event_sid=4ah5bj&type=lead&id=727 - ANSWER - 
[2019/07/10 12:22:01] OK - http://p.trackmytarget.com/?tmt_data=8459048b-4059-411b-8183-b91db75ab7c2&event_sid=4ah5bj&type=lead&id=728 - ANSWER - 
[2019/07/10 01:03:02] OK - http://p.trackmytarget.com/?tmt_data=88185d81-0ac3-449a-8b6e-de3346d557ea&event_sid=4ah5bj&type=lead&id=729 - ANSWER - 
[2019/07/10 01:19:01] OK - http://p.trackmytarget.com/?tmt_data=ded73dc2-a9f6-4848-bc0c-e98b8d8df993&event_sid=bnm2d1&type=lead&id=730 - ANSWER - 
[2019/07/10 03:28:02] OK - http://p.trackmytarget.com/?tmt_data=7503e697-0612-486f-8d24-bf3822978a4d&event_sid=bnm2d1&type=lead&id=733 - ANSWER - 
[2019/07/10 03:34:02] OK - http://p.trackmytarget.com/?tmt_data=a0cb680c-6098-4a69-9c5e-d8c82883c58a&event_sid=4ah5bj&type=lead&id=734 - ANSWER - 
[2019/07/10 03:38:01] OK - http://p.trackmytarget.com/?tmt_data=8459048b-4059-411b-8183-b91db75ab7c2&event_sid=4ah5bj&type=lead&id=735 - ANSWER - 
[2019/07/10 05:24:02] OK - http://p.trackmytarget.com/?tmt_data=98381f86-9d27-40e4-b263-9601e11c56a1&event_sid=4ah5bj&type=lead&id=736 - ANSWER - 
[2019/07/10 06:13:01] OK - http://p.trackmytarget.com/?tmt_data=ecd650b2-43b4-4c99-9b7a-ae4ff8986918&event_sid=ob3d71&type=lead&id=737 - ANSWER - 
[2019/07/10 06:57:01] OK - http://p.trackmytarget.com/?tmt_data=e3da1611-0d0c-4673-b600-19f9e4f835a2&event_sid=4ah5bj&type=lead&id=739 - ANSWER - 
[2019/07/10 08:08:02] OK - http://p.trackmytarget.com/?tmt_data=b2384a3d-f4fc-495b-bcd1-6ab3b53a182b&event_sid=bnm2d1&type=lead&id=741 - ANSWER - 
[2019/07/11 08:09:02] OK - http://p.trackmytarget.com/?tmt_data=2a6617fd-b44b-40b0-a3eb-eb213a9f2ad1&event_sid=4ah5bj&type=lead&id=742 - ANSWER - 
[2019/07/11 10:51:01] OK - http://p.trackmytarget.com/?tmt_data=11873c8e-79d8-4d6a-a0f1-8b158a15993c&event_sid=ob3d71&type=lead&id=743 - ANSWER - 
[2019/07/11 12:40:01] OK - http://p.trackmytarget.com/?tmt_data=3582c3e0-7df6-4a62-afcd-62b968c1abba&event_sid=4ah5bj&type=lead&id=744 - ANSWER - 
[2019/07/11 01:23:01] OK - http://p.trackmytarget.com/?tmt_data=9a2201df-f85d-4844-974a-7f5bad7b4b2b&event_sid=4ah5bj&type=lead&id=745 - ANSWER - 
[2019/07/11 03:14:02] OK - http://p.trackmytarget.com/?tmt_data=5cee479a-24fa-4488-9f3e-be8f76ac058a&event_sid=ob3d71&type=lead&id=750 - ANSWER - 
[2019/07/11 06:42:02] OK - http://p.trackmytarget.com/?tmt_data=46cf3403-9faa-4d44-862d-d2534d35b77f&event_sid=4ah5bj&type=lead&id=752 - ANSWER - 
[2019/07/11 07:01:02] OK - http://p.trackmytarget.com/?tmt_data=b965cdd5-64aa-45af-b53f-f8c5308672f4&event_sid=bnm2d1&type=lead&id=754 - ANSWER - 
[2019/07/12 08:29:01] OK - http://p.trackmytarget.com/?tmt_data=aabf8677-dd3c-4f50-a8b7-878114bc4b69&event_sid=ob3d71&type=lead&id=757 - ANSWER - 
[2019/07/12 09:04:01] OK - http://p.trackmytarget.com/?tmt_data=ac1caf2c-0bb9-4ade-8731-12d8732ddef4&event_sid=4ah5bj&type=lead&id=758 - ANSWER - 
[2019/07/12 10:59:03] OK - http://p.trackmytarget.com/?tmt_data=e15afaa1-9e7f-4c28-a474-4a298b776ce6&event_sid=ob3d71&type=lead&id=761 - ANSWER - 
[2019/07/12 11:15:02] OK - http://p.trackmytarget.com/?tmt_data=f9042ac2-d633-47f9-8726-fd43837d2e43&event_sid=4ah5bj&type=lead&id=762 - ANSWER - 
[2019/07/12 11:56:02] OK - http://p.trackmytarget.com/?tmt_data=2d3805d8-6e6d-4366-b97c-66efc317c8dc&event_sid=ob3d71&type=lead&id=763 - ANSWER - 
[2019/07/12 12:16:01] OK - http://p.trackmytarget.com/?tmt_data=29f9d448-09d6-438b-8277-e857d2ac9c40&event_sid=4ah5bj&type=lead&id=765 - ANSWER - 
[2019/07/12 12:26:01] OK - http://p.trackmytarget.com/?tmt_data=57d19863-d73b-498d-866e-22d63f8e7fe4&event_sid=bnm2d1&type=lead&id=766 - ANSWER - 
[2019/07/12 12:38:01] OK - http://p.trackmytarget.com/?tmt_data=344de6ea-8e2e-4349-a411-391490b7ec17&event_sid=4ah5bj&type=lead&id=767 - ANSWER - 
[2019/07/12 01:05:01] OK - http://p.trackmytarget.com/?tmt_data=7eb00026-2f92-45ff-9ef9-2f3cbbd95b93&event_sid=ob3d71&type=lead&id=769 - ANSWER - 
[2019/07/12 02:08:01] OK - http://p.trackmytarget.com/?tmt_data=fb846bdb-8699-4908-bd29-69011e82fa92&event_sid=4ah5bj&type=lead&id=776 - ANSWER - 
[2019/07/12 03:06:01] OK - http://p.trackmytarget.com/?tmt_data=ac1caf2c-0bb9-4ade-8731-12d8732ddef4&event_sid=4ah5bj&type=lead&id=777 - ANSWER - 
[2019/07/12 03:46:02] OK - http://p.trackmytarget.com/?tmt_data=fced2f59-5e20-4cb5-84d2-58e4de166578&event_sid=4ah5bj&type=lead&id=779 - ANSWER - 
[2019/07/12 03:51:01] OK - http://p.trackmytarget.com/?tmt_data=7c9de824-361a-4221-a15d-8dbb4a0966fd&event_sid=ob3d71&type=lead&id=780 - ANSWER - 
[2019/07/12 03:59:02] OK - http://p.trackmytarget.com/?tmt_data=eccc3139-976c-4803-bc33-f1dd01bd0372&event_sid=bnm2d1&type=lead&id=782 - ANSWER - 
[2019/07/12 04:12:02] OK - http://p.trackmytarget.com/?tmt_data=0b7c7d96-f496-46eb-afa7-391e22fe1a7f&event_sid=4ah5bj&type=lead&id=783 - ANSWER - 
[2019/07/12 05:02:01] OK - http://p.trackmytarget.com/?tmt_data=5ef712da-68d0-4a36-8fc1-379a9715df3e&event_sid=4ah5bj&type=lead&id=784 - ANSWER - 
[2019/07/12 06:15:02] OK - http://p.trackmytarget.com/?tmt_data=fdc53247-68a4-48eb-baea-f6409409b4fd&event_sid=ob3d71&type=lead&id=786 - ANSWER - 
[2019/07/12 07:55:01] OK - http://p.trackmytarget.com/?tmt_data=010a2357-e531-4467-a96d-016e569bd969&event_sid=ob3d71&type=lead&id=787 - ANSWER - 
[2019/07/12 08:06:02] OK - http://p.trackmytarget.com/?tmt_data=62ca6b85-ab61-4f72-a5d4-116c7c595626&event_sid=4ah5bj&type=lead&id=788 - ANSWER - 
[2019/07/12 08:08:01] OK - http://p.trackmytarget.com/?tmt_data=62ca6b85-ab61-4f72-a5d4-116c7c595626&event_sid=4ah5bj&type=lead&id=789 - ANSWER - 
[2019/07/12 08:32:01] OK - http://p.trackmytarget.com/?tmt_data=aa182f36-10ee-496c-9072-8ebb0f9372a1&event_sid=4ah5bj&type=lead&id=790 - ANSWER - 
[2019/07/13 08:55:01] OK - http://p.trackmytarget.com/?tmt_data=dac4f1ed-d0d6-4397-b0b5-7735ddb783fd&event_sid=ob3d71&type=lead&id=791 - ANSWER - 
[2019/07/13 10:38:02] OK - http://p.trackmytarget.com/?tmt_data=a0c6101a-12e5-407d-9408-a6d1d5c3b04d&event_sid=bnm2d1&type=lead&id=792 - ANSWER - 
[2019/07/13 02:32:02] OK - http://p.trackmytarget.com/?tmt_data=b51aec3c-20ba-41e6-b4d0-e50b6d4ed797&event_sid=4ah5bj&type=lead&id=793 - ANSWER - 
[2019/07/13 03:53:02] OK - http://p.trackmytarget.com/?tmt_data=b51aec3c-20ba-41e6-b4d0-e50b6d4ed797&event_sid=ob3d71&type=lead&id=795 - ANSWER - 
[2019/07/13 05:34:01] OK - http://p.trackmytarget.com/?tmt_data=99151ecc-e346-442a-9627-98f837c6efc8&event_sid=4ah5bj&type=lead&id=798 - ANSWER - 
[2019/07/13 06:49:01] OK - http://p.trackmytarget.com/?tmt_data=b4fb7e9b-74be-4f82-aa35-347e971584eb&event_sid=4ah5bj&type=lead&id=799 - ANSWER - 
[2019/07/14 01:00:02] OK - http://p.trackmytarget.com/?tmt_data=3c4dbbe2-496f-4d09-968f-7dad149ea033&event_sid=bnm2d1&type=lead&id=800 - ANSWER - 
[2019/07/15 10:23:02] OK - http://p.trackmytarget.com/?tmt_data=b133ad09-4acb-48a0-bf4a-a860bc08cdf3&event_sid=4ah5bj&type=lead&id=801 - ANSWER - 
[2019/07/15 11:08:02] OK - http://p.trackmytarget.com/?tmt_data=9ae1955d-53dd-4a8b-87a3-52dbb83b9c28&event_sid=ob3d71&type=lead&id=802 - ANSWER - 
[2019/07/15 01:00:01] OK - http://p.trackmytarget.com/?tmt_data=1e6b4949-a974-4ca6-a67f-7e4729e8887f&event_sid=4ah5bj&type=lead&id=804 - ANSWER - 
[2019/07/15 04:04:01] OK - http://p.trackmytarget.com/?tmt_data=523b63fd-3684-470f-ab4a-991fc2b21499&event_sid=bnm2d1&type=lead&id=807 - ANSWER - 
[2019/07/15 11:05:02] OK - http://p.trackmytarget.com/?tmt_data=017f7640-074a-486b-a1c6-0fe7d6bbe203&event_sid=bnm2d1&type=lead&id=812 - ANSWER - 
[2019/07/15 11:07:02] OK - http://p.trackmytarget.com/?tmt_data=1e6b4949-a974-4ca6-a67f-7e4729e8887f&event_sid=4ah5bj&type=lead&id=813 - ANSWER - 
[2019/07/16 10:19:01] OK - http://p.trackmytarget.com/?tmt_data=3868c056-a3dd-441c-b9f8-170dfaf98a4a&event_sid=4ah5bj&type=lead&id=815 - ANSWER - 
[2019/07/16 10:37:01] OK - http://p.trackmytarget.com/?tmt_data=3964058a-4b1d-4a96-86e0-5f2ed41bddb1&event_sid=ob3d71&type=lead&id=816 - ANSWER - 
[2019/07/16 12:55:02] OK - http://p.trackmytarget.com/?tmt_data=f44d3248-f4f1-496c-aff7-3e84b2988789&event_sid=4ah5bj&type=lead&id=817 - ANSWER - 
[2019/07/16 01:17:02] OK - http://p.trackmytarget.com/?tmt_data=be594ea5-2867-4e94-ab62-12c03e0993c0&event_sid=4ah5bj&type=lead&id=819 - ANSWER - 
[2019/07/16 01:38:02] OK - http://p.trackmytarget.com/?tmt_data=ca7f76a7-9325-43cf-a851-fcc27cf44e40&event_sid=4ah5bj&type=lead&id=820 - ANSWER - 
[2019/07/16 02:09:01] OK - http://p.trackmytarget.com/?tmt_data=ddef18ce-f8bd-4f07-8c14-76b6fee150ff&event_sid=4ah5bj&type=lead&id=821 - ANSWER - 
[2019/07/16 02:25:02] OK - http://p.trackmytarget.com/?tmt_data=2f670ad3-6a54-4b55-ba93-0e84c7d128df&event_sid=4ah5bj&type=lead&id=823 - ANSWER - 
[2019/07/16 11:18:01] OK - http://p.trackmytarget.com/?tmt_data=98e3a5f5-7b8b-4f25-860a-d79406328d8b&event_sid=ob3d71&type=lead&id=826 - ANSWER - 
[2019/07/17 01:14:02] OK - http://p.trackmytarget.com/?tmt_data=70a4726b-bf33-494e-9923-43c5b90b3f81&event_sid=ob3d71&type=lead&id=829 - ANSWER - 
[2019/07/17 02:38:02] OK - http://p.trackmytarget.com/?tmt_data=7094b154-83a1-4993-8f92-342b9fde65d3&event_sid=4ah5bj&type=lead&id=831 - ANSWER - 
[2019/07/17 03:08:02] OK - http://p.trackmytarget.com/?tmt_data=c585bff6-2172-45b9-a067-6ad0dc55da00&event_sid=bnm2d1&type=lead&id=832 - ANSWER - 
[2019/07/17 05:19:02] OK - http://p.trackmytarget.com/?tmt_data=f0ceed9f-034d-44b2-abc9-9f28f8081bd3&event_sid=4ah5bj&type=lead&id=833 - ANSWER - 
[2019/07/17 05:28:02] OK - http://p.trackmytarget.com/?tmt_data=fc111236-b93d-4812-b1ba-452d06b2a2a6&event_sid=4ah5bj&type=lead&id=834 - ANSWER - 
[2019/07/18 04:07:02] OK - http://p.trackmytarget.com/?tmt_data=62eea8a4-5dd3-42af-a4de-cb89d84d2400&event_sid=ob3d71&type=lead&id=841 - ANSWER - 
[2019/07/18 04:10:02] OK - http://p.trackmytarget.com/?tmt_data=ca842f27-156d-4d40-9196-7c583226beb5&event_sid=4ah5bj&type=lead&id=842 - ANSWER - 
[2019/07/18 07:11:02] OK - http://p.trackmytarget.com/?tmt_data=cd0f8c26-b719-44b0-9871-a9bb005dfe8e&event_sid=ob3d71&type=lead&id=845 - ANSWER - 
[2019/07/18 09:05:02] OK - http://p.trackmytarget.com/?tmt_data=a7089b4a-0f30-43c2-8c14-b01d4ad8bfac&event_sid=4ah5bj&type=lead&id=846 - ANSWER - 
[2019/07/18 09:34:01] OK - http://p.trackmytarget.com/?tmt_data=cb6019ee-3cdc-43a5-91fd-2d7b0cb76f86&event_sid=ob3d71&type=lead&id=848 - ANSWER - 
[2019/07/18 10:32:02] OK - http://p.trackmytarget.com/?tmt_data=d7db6b95-caeb-48c4-9d0b-4c7407ed6319&event_sid=ob3d71&type=lead&id=849 - ANSWER - 
[2019/07/18 10:44:02] OK - http://p.trackmytarget.com/?tmt_data=d7db6b95-caeb-48c4-9d0b-4c7407ed6319&event_sid=ob3d71&type=lead&id=850 - ANSWER - 
[2019/07/19 11:46:01] OK - http://p.trackmytarget.com/?tmt_data=3e2f8ad0-c9ea-4b84-9c6b-fb82d37ddb52&event_sid=4ah5bj&type=lead&id=851 - ANSWER - 
[2019/07/19 11:56:02] OK - http://p.trackmytarget.com/?tmt_data=93bfd76a-80b1-49b0-9ddb-1864ffc82089&event_sid=4ah5bj&type=lead&id=852 - ANSWER - 
[2019/07/19 06:44:01] OK - http://p.trackmytarget.com/?tmt_data=e08e7520-c52f-474a-afd7-722a69a3e9ff&event_sid=bnm2d1&type=lead&id=857 - ANSWER - 
[2019/07/19 11:01:01] OK - http://p.trackmytarget.com/?tmt_data=ece3883d-6c12-4bd7-83cd-6898d7af0cc2&event_sid=4ah5bj&type=lead&id=860 - ANSWER - 
[2019/07/20 09:22:01] OK - http://p.trackmytarget.com/?tmt_data=1416e678-1f1d-41db-b3ac-67401b645c83&event_sid=4ah5bj&type=lead&id=861 - ANSWER - 
[2019/07/20 10:10:02] OK - http://p.trackmytarget.com/?tmt_data=a0c6101a-12e5-407d-9408-a6d1d5c3b04d&event_sid=4ah5bj&type=lead&id=862 - ANSWER - 
[2019/07/21 02:37:01] OK - http://p.trackmytarget.com/?tmt_data=6702f9fb-894d-49a2-86af-96fe30eba090&event_sid=4ah5bj&type=lead&id=877 - ANSWER - 
[2019/07/22 12:07:01] OK - http://p.trackmytarget.com/?tmt_data=ea31137f-a392-497c-969c-1a7f93fef3ef&event_sid=ob3d71&type=lead&id=890 - ANSWER - 
[2019/07/22 04:00:02] OK - http://p.trackmytarget.com/?tmt_data=29c590a6-11bb-4bcd-9a54-b7a271cd045c&event_sid=ob3d71&type=lead&id=893 - ANSWER - 
[2019/07/22 05:16:02] OK - http://p.trackmytarget.com/?tmt_data=9a2201df-f85d-4844-974a-7f5bad7b4b2b&event_sid=4ah5bj&type=lead&id=900 - ANSWER - 
[2019/07/22 11:21:01] OK - http://p.trackmytarget.com/?tmt_data=f325fa2e-6262-437a-a800-d9449b21f7be&event_sid=bnm2d1&type=lead&id=909 - ANSWER - 
[2019/07/23 08:27:01] OK - http://p.trackmytarget.com/?tmt_data=824ac5c7-d47f-4fb6-b9c0-fba4bd23eec2&event_sid=4ah5bj&type=lead&id=910 - ANSWER - 
[2019/07/23 09:40:02] OK - http://p.trackmytarget.com/?tmt_data=8b649188-7c6f-4fc6-a159-3842f3129c17&event_sid=ob3d71&type=lead&id=913 - ANSWER - 
[2019/07/23 11:53:02] OK - http://p.trackmytarget.com/?tmt_data=dcad29fd-355a-45f0-ab0d-9fb9e75c1527&event_sid=4ah5bj&type=lead&id=917 - ANSWER - 
[2019/07/23 01:05:02] OK - http://p.trackmytarget.com/?tmt_data=99060afd-67b1-4afd-a924-f756cdeb2c79&event_sid=ob3d71&type=lead&id=923 - ANSWER - 
[2019/07/23 02:19:01] OK - http://p.trackmytarget.com/?tmt_data=6abe0cee-eeab-42a4-a9dc-37c99f76db7c&event_sid=ob3d71&type=lead&id=925 - ANSWER - 
[2019/07/23 02:50:02] OK - http://p.trackmytarget.com/?tmt_data=70c437f4-6a96-4a1b-9c4d-a541a9f4a6d6&event_sid=4ah5bj&type=lead&id=926 - ANSWER - 
[2019/07/23 03:10:01] OK - http://p.trackmytarget.com/?tmt_data=b91150e4-1ad7-46f4-bef2-a8165e938a2c&event_sid=4ah5bj&type=lead&id=929 - ANSWER - 
[2019/07/23 07:05:01] OK - http://p.trackmytarget.com/?tmt_data=2af4d0a7-8176-4c68-879a-97e51538ba59&event_sid=4ah5bj&type=lead&id=934 - ANSWER - 
[2019/07/23 07:44:02] OK - http://p.trackmytarget.com/?tmt_data=7f76f6b5-0b88-48c7-aff2-13adfd8b1938&event_sid=bnm2d1&type=lead&id=936 - ANSWER - 
[2019/07/23 08:08:02] OK - http://p.trackmytarget.com/?tmt_data=99060afd-67b1-4afd-a924-f756cdeb2c79&event_sid=4ah5bj&type=lead&id=937 - ANSWER - 
[2019/07/24 12:11:02] OK - http://p.trackmytarget.com/?tmt_data=e2219f50-2b37-4d5b-8b1f-56403521ee54&event_sid=4ah5bj&type=lead&id=945 - ANSWER - 
[2019/07/24 01:35:02] OK - http://p.trackmytarget.com/?tmt_data=796206eb-16c7-4274-80c5-abb37715d2ed&event_sid=4ah5bj&type=lead&id=948 - ANSWER - 
[2019/07/24 01:39:02] OK - http://p.trackmytarget.com/?tmt_data=0251a879-5398-4cf4-9f69-40917f1f4a7c&event_sid=4ah5bj&type=lead&id=949 - ANSWER - 
[2019/07/24 01:52:01] OK - http://p.trackmytarget.com/?tmt_data=c808c904-b1f8-4822-9ec0-36543eeb8652&event_sid=bnm2d1&type=lead&id=951 - ANSWER - 
[2019/07/24 02:59:01] OK - http://p.trackmytarget.com/?tmt_data=71b060ed-fea2-4298-bf4a-e4954e3d7f44&event_sid=4ah5bj&type=lead&id=952 - ANSWER - 
[2019/07/24 04:21:02] OK - http://p.trackmytarget.com/?tmt_data=16041aef-0121-4351-a427-4b8e64a60bb4&event_sid=ob3d71&type=lead&id=955 - ANSWER - 
[2019/07/24 06:16:02] OK - http://p.trackmytarget.com/?tmt_data=3fe12180-5c68-450d-97c6-afd8cfe5f2d3&event_sid=625w40&type=lead&id=962 - ANSWER - 
[2019/07/25 11:55:02] OK - http://p.trackmytarget.com/?tmt_data=7c9de824-361a-4221-a15d-8dbb4a0966fd&event_sid=ob3d71&type=lead&id=977 - ANSWER - 
[2019/07/25 03:50:02] OK - http://p.trackmytarget.com/?tmt_data=b2b333cb-58e7-4aa0-b43a-007bbbf08742&event_sid=4ah5bj&type=lead&id=984 - ANSWER - 
[2019/07/25 04:37:02] OK - http://p.trackmytarget.com/?tmt_data=010a2357-e531-4467-a96d-016e569bd969&event_sid=4ah5bj&type=lead&id=987 - ANSWER - 
[2019/07/26 10:39:02] OK - http://p.trackmytarget.com/?tmt_data=29709cbb-2d9e-4d46-a3a0-ddf3d23b3bea&event_sid=ob3d71&type=lead&id=993 - ANSWER - 
[2019/07/26 11:30:02] OK - http://p.trackmytarget.com/?tmt_data=29709cbb-2d9e-4d46-a3a0-ddf3d23b3bea&event_sid=ob3d71&type=lead&id=996 - ANSWER - 
[2019/07/26 02:22:02] ERROR - http://p.trackmytarget.com/?tmt_data=41a8cc20-c7e5-4710-bae3-a5c7bb508d1c&event_sid=bnm2d1&type=lead&id=999
[2019/07/26 02:54:02] OK - http://p.trackmytarget.com/?tmt_data=aeb4e6bc-7113-49d6-a373-98bdd440a3c1&event_sid=4ah5bj&type=lead&id=1000 - ANSWER - 
[2019/07/26 04:30:01] OK - http://p.trackmytarget.com/?tmt_data=825f87fe-6384-4efd-9490-c8181e051429&event_sid=4ah5bj&type=lead&id=1004 - ANSWER - 
[2019/07/26 09:55:02] OK - http://p.trackmytarget.com/?tmt_data=55d11724-0346-45ed-b461-6aa20741f272&event_sid=4ah5bj&type=lead&id=1011 - ANSWER - 
[2019/07/27 06:58:02] OK - http://p.trackmytarget.com/?tmt_data=e8988df4-983d-4d48-bb5d-31a3057c3d72&event_sid=4ah5bj&type=lead&id=1021 - ANSWER - 
[2019/07/29 08:16:02] OK - http://p.trackmytarget.com/?tmt_data=9c115a33-f0f0-4149-80cb-05ba87ada2e1&event_sid=ob3d71&type=lead&id=1032 - ANSWER - 
[2019/07/29 02:08:11] OK - http://p.trackmytarget.com/?tmt_data=8ce8771b-47bf-4790-936c-72e9522bf8ea&event_sid=4ah5bj&type=lead&id=1042 - ANSWER - 
[2019/07/29 02:08:17] OK - http://p.trackmytarget.com/?tmt_data=5603c7ed-740b-4ca4-b73e-0e54fe272937&event_sid=4ah5bj&type=lead&id=1046 - ANSWER - 
[2019/07/29 02:08:19] OK - http://p.trackmytarget.com/?tmt_data=768dc3d3-7ea5-4cd0-a03b-fde2e5c55535&event_sid=4ah5bj&type=lead&id=1048 - ANSWER - 
[2019/07/29 03:57:02] OK - http://p.trackmytarget.com/?tmt_data=208c0b04-e18e-45ba-9278-74c74387c29b&event_sid=ob3d71&type=lead&id=1052 - ANSWER - 
[2019/07/29 04:45:02] OK - http://p.trackmytarget.com/?tmt_data=f1d09d19-3203-4838-a689-7002dba5ac67&event_sid=ob3d71&type=lead&id=1056 - ANSWER - 
[2019/07/29 05:58:01] OK - http://p.trackmytarget.com/?tmt_data=d2dd4273-0948-4481-9c7e-c63846cc6a34&event_sid=ob3d71&type=lead&id=1057 - ANSWER - 
[2019/07/29 08:52:02] OK - http://p.trackmytarget.com/?tmt_data=f531f6f6-ec7a-432e-9635-8438d5985499&event_sid=4ah5bj&type=lead&id=1068 - ANSWER - 
[2019/07/30 06:52:02] OK - http://p.trackmytarget.com/?tmt_data=0de34989-3520-448b-9ef2-7632770395a9&event_sid=4ah5bj&type=lead&id=1080 - ANSWER - 
[2019/07/30 09:46:01] OK - http://p.trackmytarget.com/?tmt_data=d2dd4273-0948-4481-9c7e-c63846cc6a34&event_sid=4ah5bj&type=lead&id=1084 - ANSWER - 
[2019/07/30 03:17:02] OK - http://p.trackmytarget.com/?tmt_data=3d6a9add-e737-41dc-ba50-70d366f6207c&event_sid=4ah5bj&type=lead&id=1096 - ANSWER - 
[2019/07/30 04:46:02] OK - http://p.trackmytarget.com/?tmt_data=7544e9bd-06f7-487a-8b9e-3fa2ad11b49d&event_sid=bnm2d1&type=lead&id=1098 - ANSWER - 
[2019/07/30 08:37:02] OK - http://p.trackmytarget.com/?tmt_data=baa6c04b-e64c-4902-8785-e531a9368a9a&event_sid=ob3d71&type=lead&id=1102 - ANSWER - 
[2019/07/31 11:24:02] OK - http://p.trackmytarget.com/?tmt_data=cb6019ee-3cdc-43a5-91fd-2d7b0cb76f86&event_sid=ob3d71&type=lead&id=1109 - ANSWER - 
[2019/07/31 12:03:01] OK - http://p.trackmytarget.com/?tmt_data=7c9de824-361a-4221-a15d-8dbb4a0966fd&event_sid=4ah5bj&type=lead&id=1113 - ANSWER - 
[2019/07/31 03:18:02] OK - http://p.trackmytarget.com/?tmt_data=237f6a59-4587-4ee3-9206-bdc08183fcbc&event_sid=4ah5bj&type=lead&id=1124 - ANSWER - 
[2019/07/31 03:36:02] OK - http://p.trackmytarget.com/?tmt_data=d9539037-3d31-47de-9b6f-30c81a116a54&event_sid=4ah5bj&type=lead&id=1125 - ANSWER - 
[2019/07/31 04:12:01] OK - http://p.trackmytarget.com/?tmt_data=b7900f13-5fed-4f22-bc08-fb62d840c476&event_sid=4ah5bj&type=lead&id=1130 - ANSWER - 
[2019/07/31 04:24:02] OK - http://p.trackmytarget.com/?tmt_data=87072b70-d481-4310-a5eb-33c17026aaa5&event_sid=ob3d71&type=lead&id=1131 - ANSWER - 
[2019/07/31 04:52:01] OK - http://p.trackmytarget.com/?tmt_data=f531f6f6-ec7a-432e-9635-8438d5985499&event_sid=tvwr7o&type=lead&id=1132 - ANSWER - 
[2019/07/31 05:09:02] OK - http://p.trackmytarget.com/?tmt_data=c225cead-0870-4ab3-a706-ce474afe46ab&event_sid=bnm2d1&type=lead&id=1133 - ANSWER - 
[2019/07/31 05:27:01] OK - http://p.trackmytarget.com/?tmt_data=d7f2594f-f64e-4b4f-a17b-9aef3735d2c4&event_sid=4ah5bj&type=lead&id=1134 - ANSWER - 
[2019/07/31 05:58:01] OK - http://p.trackmytarget.com/?tmt_data=a4a4107b-4eab-4148-af30-4762dbc7fd74&event_sid=4ah5bj&type=lead&id=1136 - ANSWER - 
[2019/07/31 06:47:02] OK - http://p.trackmytarget.com/?tmt_data=e1457419-8066-4ae6-8c29-65a2e7d6e026&event_sid=4ah5bj&type=lead&id=1139 - ANSWER - 
[2019/07/31 08:37:02] OK - http://p.trackmytarget.com/?tmt_data=7ba22060-f57b-4ef0-941f-f5a75ace32b1&event_sid=4ah5bj&type=lead&id=1145 - ANSWER - 
[2019/07/31 10:05:01] OK - http://p.trackmytarget.com/?tmt_data=4c39d907-e2ea-4461-af5a-6fe781d56be2&event_sid=4ah5bj&type=lead&id=1150 - ANSWER - 
[2019/08/01 10:02:02] OK - http://p.trackmytarget.com/?tmt_data=f07e5a8e-2af7-4424-bb71-05b613b007d6&event_sid=4ah5bj&type=lead&id=1152 - ANSWER - 
[2019/08/01 12:21:01] OK - http://p.trackmytarget.com/?tmt_data=08ad268f-e4b4-42e7-9b0d-bc591fe44f3e&event_sid=4ah5bj&type=lead&id=1158 - ANSWER - 
[2019/08/01 12:28:02] OK - http://p.trackmytarget.com/?tmt_data=6e1da6ad-fb6c-4715-ac8e-fa582a620bec&event_sid=4ah5bj&type=lead&id=1160 - ANSWER - 
[2019/08/01 12:57:02] OK - http://p.trackmytarget.com/?tmt_data=b356a157-1130-491c-89a7-69f0670fcc9d&event_sid=4ah5bj&type=lead&id=1161 - ANSWER - 
[2019/08/01 03:49:02] OK - http://p.trackmytarget.com/?tmt_data=fce29c2d-cb4a-44d7-8661-ca027e9d0b9b&event_sid=ob3d71&type=lead&id=1169 - ANSWER - 
[2019/08/01 07:30:02] OK - http://p.trackmytarget.com/?tmt_data=1e661907-e20d-4591-aee1-8b5c8340ad9c&event_sid=bnm2d1&type=lead&id=1177 - ANSWER - 
[2019/08/01 08:15:01] OK - http://p.trackmytarget.com/?tmt_data=c66051a1-da66-474a-8c44-c8864e417032&event_sid=4ah5bj&type=lead&id=1179 - ANSWER - 
[2019/08/02 07:47:02] ERROR - http://p.trackmytarget.com/?tmt_data=558153bc-c211-4fda-b12f-d88c854e36c6&event_sid=tvwr7o&type=lead&id=1186
[2019/08/02 11:45:02] OK - http://p.trackmytarget.com/?tmt_data=7544e9bd-06f7-487a-8b9e-3fa2ad11b49d&event_sid=4ah5bj&type=lead&id=1196 - ANSWER - 
[2019/08/02 01:56:01] OK - http://p.trackmytarget.com/?tmt_data=85239d3c-571d-4546-9ce1-26ae56b24a5d&event_sid=4ah5bj&type=lead&id=1201 - ANSWER - 
[2019/08/02 03:28:01] OK - http://p.trackmytarget.com/?tmt_data=41128dea-ec1a-4a86-a589-385c59c4d99f&event_sid=4ah5bj&type=lead&id=1203 - ANSWER - 
[2019/08/02 03:51:02] OK - http://p.trackmytarget.com/?tmt_data=cf2f446e-51f8-4ca8-9ea0-15f4e85af9ca&event_sid=4ah5bj&type=lead&id=1204 - ANSWER - 
[2019/08/02 09:32:02] OK - http://p.trackmytarget.com/?tmt_data=9ffef3c6-e7bd-42bf-9dfb-221a3941882d&event_sid=4ah5bj&type=lead&id=1212 - ANSWER - 
[2019/08/03 11:29:02] OK - http://p.trackmytarget.com/?tmt_data=442536b4-42fa-4753-af95-a41090e0a517&event_sid=bnm2d1&type=lead&id=1223 - ANSWER - 
[2019/08/04 11:07:02] OK - http://p.trackmytarget.com/?tmt_data=d8a0e8b5-b9f2-4f44-ac53-3b06377c8676&event_sid=bnm2d1&type=lead&id=1225 - ANSWER - 
[2019/08/04 02:16:01] OK - http://p.trackmytarget.com/?tmt_data=b550fa91-6a6c-431c-9b3b-7844bf5e3a36&event_sid=4ah5bj&type=lead&id=1229 - ANSWER - 
[2019/08/04 04:41:02] OK - http://p.trackmytarget.com/?tmt_data=10669a1b-5461-4cd9-879e-24d1b06a2311&event_sid=4ah5bj&type=lead&id=1233 - ANSWER - 
[2019/08/04 07:47:02] OK - http://p.trackmytarget.com/?tmt_data=d968e465-3359-49f5-b2ae-1fd69419d795&event_sid=4ah5bj&type=lead&id=1238 - ANSWER - 
[2019/08/04 11:29:02] OK - http://p.trackmytarget.com/?tmt_data=1c99ca9f-589e-4e9f-bdae-17d19ff0dbe3&event_sid=4ah5bj&type=lead&id=1242 - ANSWER - 
[2019/08/05 09:31:01] OK - http://p.trackmytarget.com/?tmt_data=70c437f4-6a96-4a1b-9c4d-a541a9f4a6d6&event_sid=4ah5bj&type=lead&id=1245 - ANSWER - 
[2019/08/05 03:33:01] OK - http://p.trackmytarget.com/?tmt_data=6ac84ba1-7c7c-4289-a28e-5330be1756b0&event_sid=4ah5bj&type=lead&id=1261 - ANSWER - 
[2019/08/05 04:17:02] OK - http://p.trackmytarget.com/?tmt_data=a7d6592e-6f55-4197-b2eb-56ed6c4b7da0&event_sid=4ah5bj&type=lead&id=1265 - ANSWER - 
[2019/08/05 04:44:02] OK - http://p.trackmytarget.com/?tmt_data=1e6b4949-a974-4ca6-a67f-7e4729e8887f&event_sid=4ah5bj&type=lead&id=1266 - ANSWER - 
[2019/08/05 05:12:02] OK - http://p.trackmytarget.com/?tmt_data=80d406b9-4295-403d-96a6-9d782ff285b8&event_sid=ob3d71&type=lead&id=1267 - ANSWER - 
[2019/08/05 07:16:01] OK - http://p.trackmytarget.com/?tmt_data=f26d5f94-6b3a-4bc0-a5fd-a97ad2992202&event_sid=4ah5bj&type=lead&id=1270 - ANSWER - 
[2019/08/05 08:29:02] OK - http://p.trackmytarget.com/?tmt_data=5d9653c8-2e3f-4707-8d3d-f2b61a257a34&event_sid=4ah5bj&type=lead&id=1273 - ANSWER - 
[2019/08/05 10:46:02] OK - http://p.trackmytarget.com/?tmt_data=5d9653c8-2e3f-4707-8d3d-f2b61a257a34&event_sid=4ah5bj&type=lead&id=1279 - ANSWER - 
[2019/08/06 03:19:01] OK - http://p.trackmytarget.com/?tmt_data=e8b5d00c-9224-4500-99f1-ddad75c5120d&event_sid=bnm2d1&type=lead&id=1292 - ANSWER - 
[2019/08/06 03:23:02] OK - http://p.trackmytarget.com/?tmt_data=78c1bf0a-e394-409a-a932-c18ad60ad5b9&event_sid=bnm2d1&type=lead&id=1294 - ANSWER - 
[2019/08/06 03:25:01] OK - http://p.trackmytarget.com/?tmt_data=78c1bf0a-e394-409a-a932-c18ad60ad5b9&event_sid=bnm2d1&type=lead&id=1295 - ANSWER - 
[2019/08/06 04:05:01] OK - http://p.trackmytarget.com/?tmt_data=0db7c8a2-d04a-44b5-a502-71d62e4d3b66&event_sid=4ah5bj&type=lead&id=1297 - ANSWER - 
[2019/08/06 05:09:01] OK - http://p.trackmytarget.com/?tmt_data=442536b4-42fa-4753-af95-a41090e0a517&event_sid=bnm2d1&type=lead&id=1300 - ANSWER - 
[2019/08/06 05:48:02] OK - http://p.trackmytarget.com/?tmt_data=3cedaffd-26ad-4ef6-9f09-d8882fee0209&event_sid=ob3d71&type=lead&id=1302 - ANSWER - 
[2019/08/06 05:52:01] OK - http://p.trackmytarget.com/?tmt_data=3cedaffd-26ad-4ef6-9f09-d8882fee0209&event_sid=4ah5bj&type=lead&id=1303 - ANSWER - 
[2019/08/06 07:54:02] OK - http://p.trackmytarget.com/?tmt_data=d44cddd8-bf95-4e07-bc7e-2abc243f7a76&event_sid=bnm2d1&type=lead&id=1305 - ANSWER - 
[2019/08/07 09:31:01] OK - http://p.trackmytarget.com/?tmt_data=a77f31c6-2cfa-4e70-8dfe-5303f064192b&event_sid=4ah5bj&type=lead&id=1308 - ANSWER - 
[2019/08/07 09:41:02] OK - http://p.trackmytarget.com/?tmt_data=a77f31c6-2cfa-4e70-8dfe-5303f064192b&event_sid=4ah5bj&type=lead&id=1309 - ANSWER - 
[2019/08/07 12:09:02] OK - http://p.trackmytarget.com/?tmt_data=bfd6f7ae-ef35-4d3e-8089-8d8c78e1fe2d&event_sid=4ah5bj&type=lead&id=1313 - ANSWER - 
[2019/08/07 02:08:02] OK - http://p.trackmytarget.com/?tmt_data=53f9a4e7-0b69-43f1-9d28-fd058da1754d&event_sid=4ah5bj&type=lead&id=1316 - ANSWER - 
[2019/08/07 02:38:02] OK - http://p.trackmytarget.com/?tmt_data=03497bef-cabb-4687-a7ca-fab7bd0d7505&event_sid=4ah5bj&type=lead&id=1319 - ANSWER - 
[2019/08/07 02:42:01] OK - http://p.trackmytarget.com/?tmt_data=03497bef-cabb-4687-a7ca-fab7bd0d7505&event_sid=ob3d71&type=lead&id=1321 - ANSWER - 
[2019/08/07 04:57:01] OK - http://p.trackmytarget.com/?tmt_data=937f0e98-b959-424c-a874-8c3be5b0f7f3&event_sid=4ah5bj&type=lead&id=1326 - ANSWER - 
[2019/08/07 05:03:02] OK - http://p.trackmytarget.com/?tmt_data=937f0e98-b959-424c-a874-8c3be5b0f7f3&event_sid=bnm2d1&type=lead&id=1328 - ANSWER - 
[2019/08/07 06:31:02] OK - http://p.trackmytarget.com/?tmt_data=38b68d7f-ae24-415f-a67c-ea12bd07fe51&event_sid=bnm2d1&type=lead&id=1330 - ANSWER - 
[2019/08/07 10:12:02] OK - http://p.trackmytarget.com/?tmt_data=8ddbd13d-d1b8-4a22-9441-bfbc48808b2c&event_sid=4ah5bj&type=lead&id=1335 - ANSWER - 
[2019/08/08 12:51:02] OK - http://p.trackmytarget.com/?tmt_data=3e7cd19f-f76f-4cc8-9e74-be5b059adfef&event_sid=4ah5bj&type=lead&id=1341 - ANSWER - 
[2019/08/08 02:30:01] OK - http://p.trackmytarget.com/?tmt_data=cf496bfc-eaa1-4493-8911-9152f0923143&event_sid=4ah5bj&type=lead&id=1344 - ANSWER - 
[2019/08/08 03:33:02] OK - http://p.trackmytarget.com/?tmt_data=cf496bfc-eaa1-4493-8911-9152f0923143&event_sid=ob3d71&type=lead&id=1345 - ANSWER - 
[2019/08/08 04:30:02] OK - http://p.trackmytarget.com/?tmt_data=3e7cd19f-f76f-4cc8-9e74-be5b059adfef&event_sid=4ah5bj&type=lead&id=1347 - ANSWER - 
[2019/08/08 04:35:02] OK - http://p.trackmytarget.com/?tmt_data=b4d79c4e-73cf-433b-a4d5-2c97410348e5&event_sid=4ah5bj&type=lead&id=1348 - ANSWER - 
[2019/08/08 06:10:02] OK - http://p.trackmytarget.com/?tmt_data=e3da1611-0d0c-4673-b600-19f9e4f835a2&event_sid=4ah5bj&type=lead&id=1349 - ANSWER - 
[2019/08/08 09:22:02] OK - http://p.trackmytarget.com/?tmt_data=9f0b7723-a099-4515-92ac-79e3f77ca35c&event_sid=ob3d71&type=lead&id=1352 - ANSWER - 
[2019/08/09 11:53:02] OK - http://p.trackmytarget.com/?tmt_data=a796dc84-1cf1-4a21-88e8-b88b76f33639&event_sid=ob3d71&type=lead&id=1355 - ANSWER - 
[2019/08/09 11:53:05] OK - http://p.trackmytarget.com/?tmt_data=a796dc84-1cf1-4a21-88e8-b88b76f33639&event_sid=ob3d71&type=lead&id=1356 - ANSWER - 
[2019/08/09 11:53:07] OK - http://p.trackmytarget.com/?tmt_data=a796dc84-1cf1-4a21-88e8-b88b76f33639&event_sid=ob3d71&type=lead&id=1357 - ANSWER - 
[2019/08/09 11:53:09] OK - http://p.trackmytarget.com/?tmt_data=a796dc84-1cf1-4a21-88e8-b88b76f33639&event_sid=ob3d71&type=lead&id=1358 - ANSWER - 
[2019/08/09 12:46:02] OK - http://p.trackmytarget.com/?tmt_data=fe3c2892-b06d-46ad-ba28-8df9b28c8d7e&event_sid=ob3d71&type=lead&id=1359 - ANSWER - 
[2019/08/09 03:25:02] OK - http://p.trackmytarget.com/?tmt_data=423d4c7f-53df-4328-b82a-ccfb11388eea&event_sid=ob3d71&type=lead&id=1360 - ANSWER - 
[2019/08/09 04:21:01] OK - http://p.trackmytarget.com/?tmt_data=b962d16e-30f7-4ebf-a39f-9535eeb96207&event_sid=bnm2d1&type=lead&id=1361 - ANSWER - 
[2019/08/09 04:38:02] OK - http://p.trackmytarget.com/?tmt_data=e3da1611-0d0c-4673-b600-19f9e4f835a2&event_sid=4ah5bj&type=lead&id=1362 - ANSWER - 
[2019/08/09 07:39:01] OK - http://p.trackmytarget.com/?tmt_data=51298b23-05ea-4540-aea0-4ca7eeafdddb&event_sid=4ah5bj&type=lead&id=1364 - ANSWER - 
[2019/08/10 12:37:01] OK - http://p.trackmytarget.com/?tmt_data=b2912af2-76c8-4984-b5e8-e063e9b31864&event_sid=ob3d71&type=lead&id=1367 - ANSWER - 
[2019/08/10 04:46:02] OK - http://p.trackmytarget.com/?tmt_data=cb6019ee-3cdc-43a5-91fd-2d7b0cb76f86&event_sid=4ah5bj&type=lead&id=1368 - ANSWER - 
[2019/08/10 05:45:02] OK - http://p.trackmytarget.com/?tmt_data=0ec0be8c-dabc-49a0-9562-48a3a8a42d2b&event_sid=ob3d71&type=lead&id=1369 - ANSWER - 
[2019/08/10 11:04:02] OK - http://p.trackmytarget.com/?tmt_data=ef535fda-9e07-44aa-996c-fbb6835acf24&event_sid=4ah5bj&type=lead&id=1372 - ANSWER - 
[2019/08/11 11:50:01] OK - http://p.trackmytarget.com/?tmt_data=a1fd70b2-2946-420d-a137-a77ffcb48515&event_sid=4ah5bj&type=lead&id=1373 - ANSWER - 
[2019/08/12 08:14:02] OK - http://p.trackmytarget.com/?tmt_data=e6870563-048c-432e-a81d-35206cee198d&event_sid=4ah5bj&type=lead&id=1384 - ANSWER - 
[2019/08/12 09:58:02] OK - http://p.trackmytarget.com/?tmt_data=f4b28e2e-58ea-452a-bc09-4c64e9d8097c&event_sid=bnm2d1&type=lead&id=1385 - ANSWER - 
[2019/08/12 11:16:01] OK - http://p.trackmytarget.com/?tmt_data=c40b3124-eb07-4e42-825f-8024721bde7f&event_sid=4ah5bj&type=lead&id=1387 - ANSWER - 
[2019/08/13 12:27:02] OK - http://p.trackmytarget.com/?tmt_data=e91f41ad-732b-4ea7-a8cb-d907f96ca34d&event_sid=ob3d71&type=lead&id=1389 - ANSWER - 
[2019/08/14 07:32:01] OK - http://p.trackmytarget.com/?tmt_data=931dd355-6bf9-4522-b09a-c2cf59a3ef6e&event_sid=4ah5bj&type=lead&id=1392 - ANSWER - 
[2019/08/14 11:45:01] OK - http://p.trackmytarget.com/?tmt_data=b68bd354-4ff8-4b6c-80b7-cfa7f2719787&event_sid=4ah5bj&type=lead&id=1393 - ANSWER - 
[2019/08/14 12:17:01] OK - http://p.trackmytarget.com/?tmt_data=88cdae5b-1f46-4045-98c0-d61f4a1c1517&event_sid=4ah5bj&type=lead&id=1395 - ANSWER - 
[2019/08/14 02:14:02] OK - http://p.trackmytarget.com/?tmt_data=452eacb2-d871-4dd7-8439-290ee5c40a6d&event_sid=4ah5bj&type=lead&id=1396 - ANSWER - 
[2019/08/14 04:51:02] OK - http://p.trackmytarget.com/?tmt_data=13fcc505-deb5-482f-a928-4748af6969de&event_sid=ob3d71&type=lead&id=1398 - ANSWER - 
[2019/08/14 05:14:02] OK - http://p.trackmytarget.com/?tmt_data=7994ecf3-6d86-44bf-8db8-aecfdec55118&event_sid=4ah5bj&type=lead&id=1399 - ANSWER - 
[2019/08/15 09:33:02] OK - http://p.trackmytarget.com/?tmt_data=9fc4e2bc-6f13-4778-aa05-37d20ecc33bb&event_sid=ob3d71&type=lead&id=1400 - ANSWER - 
[2019/08/15 01:48:02] OK - http://p.trackmytarget.com/?tmt_data=3e7cd19f-f76f-4cc8-9e74-be5b059adfef&event_sid=4ah5bj&type=lead&id=1403 - ANSWER - 
[2019/08/15 02:44:01] OK - http://p.trackmytarget.com/?tmt_data=eefd6871-a036-4c56-9178-3230d925d322&event_sid=4ah5bj&type=lead&id=1404 - ANSWER - 
[2019/08/15 02:52:02] OK - http://p.trackmytarget.com/?tmt_data=18f517db-39c2-4288-8ba1-e455c62a68d9&event_sid=4ah5bj&type=lead&id=1405 - ANSWER - 
[2019/08/15 03:09:01] OK - http://p.trackmytarget.com/?tmt_data=d8aebaa0-5de5-4de2-aed5-8c5c3dc0c4cd&event_sid=4ah5bj&type=lead&id=1407 - ANSWER - 
[2019/08/15 04:16:02] OK - http://p.trackmytarget.com/?tmt_data=71db24a8-52d2-467d-8afe-f98a9349902e&event_sid=4ah5bj&type=lead&id=1408 - ANSWER - 
[2019/08/15 06:44:01] OK - http://p.trackmytarget.com/?tmt_data=6fb2833d-41c7-4497-9549-5bfae304a692&event_sid=4ah5bj&type=lead&id=1410 - ANSWER - 
[2019/08/15 08:12:02] OK - http://p.trackmytarget.com/?tmt_data=f9ff9d67-c583-4ad5-b521-afc0cd7bdeea&event_sid=4ah5bj&type=lead&id=1413 - ANSWER - 
[2019/08/15 09:55:01] OK - http://p.trackmytarget.com/?tmt_data=59ca25af-098a-408d-9c97-eb281fc56642&event_sid=4ah5bj&type=lead&id=1414 - ANSWER - 
[2019/08/16 12:15:01] OK - http://p.trackmytarget.com/?tmt_data=a1fdd5ed-9322-4d97-a077-c2f9839651fb&event_sid=bnm2d1&type=lead&id=1417 - ANSWER - 
[2019/08/16 02:02:02] OK - http://p.trackmytarget.com/?tmt_data=ea44aaad-951c-4a3d-b7c7-3b1fd30fdbad&event_sid=ob3d71&type=lead&id=1422 - ANSWER - 
[2019/08/16 06:05:02] OK - http://p.trackmytarget.com/?tmt_data=8a156c9d-4336-4364-ba85-bae55202bbfa&event_sid=4ah5bj&type=lead&id=1427 - ANSWER - 
[2019/08/16 07:28:02] OK - http://p.trackmytarget.com/?tmt_data=7158e851-7b55-4af2-9d00-304788694a61&event_sid=bnm2d1&type=lead&id=1428 - ANSWER - 
[2019/08/16 08:32:01] OK - http://p.trackmytarget.com/?tmt_data=7158e851-7b55-4af2-9d00-304788694a61&event_sid=4ah5bj&type=lead&id=1429 - ANSWER - 
[2019/08/16 09:07:02] OK - http://p.trackmytarget.com/?tmt_data=5c160c90-3e3d-4b20-a1f0-1c4627a0148c&event_sid=4ah5bj&type=lead&id=1430 - ANSWER - 
[2019/08/17 06:05:02] OK - http://p.trackmytarget.com/?tmt_data=5f576bb7-c068-4f11-8013-4424f6640509&event_sid=4ah5bj&type=lead&id=1432 - ANSWER - 
[2019/08/17 07:46:02] OK - http://p.trackmytarget.com/?tmt_data=b12776a9-76c1-4df3-977b-f137f929cb39&event_sid=4ah5bj&type=lead&id=1433 - ANSWER - 
[2019/08/17 07:58:01] OK - http://p.trackmytarget.com/?tmt_data=062ea62a-aabb-4a1a-b6b9-21d25f870f91&event_sid=ob3d71&type=lead&id=1434 - ANSWER - 
[2019/08/17 08:36:02] OK - http://p.trackmytarget.com/?tmt_data=a07d81f3-3ebc-4583-ad5d-c83143ee6f79&event_sid=4ah5bj&type=lead&id=1435 - ANSWER - 
[2019/08/18 05:25:02] OK - http://p.trackmytarget.com/?tmt_data=561bba18-5bb0-488b-b14c-dae5b191d127&event_sid=ob3d71&type=lead&id=1439 - ANSWER - 
[2019/08/19 10:26:01] OK - http://p.trackmytarget.com/?tmt_data=a5bccaa8-74cd-4d0e-90d8-c9b6a3e577f2&event_sid=4ah5bj&type=lead&id=1441 - ANSWER - 
[2019/08/19 12:10:01] OK - http://p.trackmytarget.com/?tmt_data=6956c593-3e83-497a-bbbc-7f1ed5704eec&event_sid=bnm2d1&type=lead&id=1443 - ANSWER - 
[2019/08/19 12:30:01] OK - http://p.trackmytarget.com/?tmt_data=8efb007e-811e-41fa-842c-e2ea135ba760&event_sid=4ah5bj&type=lead&id=1444 - ANSWER - 
[2019/08/19 01:16:02] OK - http://p.trackmytarget.com/?tmt_data=978fdd35-e0cd-4585-bd17-fc6bdb03637d&event_sid=ob3d71&type=lead&id=1445 - ANSWER - 
[2019/08/20 08:49:01] OK - http://p.trackmytarget.com/?tmt_data=926b91dc-6ebb-4296-a590-7d3cb252f1cd&event_sid=ob3d71&type=lead&id=1449 - ANSWER - 
[2019/08/20 10:43:02] OK - http://p.trackmytarget.com/?tmt_data=021ab90c-9fa8-4eb0-9b4d-d94f5cb2ac28&event_sid=4ah5bj&type=lead&id=1451 - ANSWER - 
[2019/08/20 01:45:01] OK - http://p.trackmytarget.com/?tmt_data=a8411c6d-f6c4-4508-ad94-20b5d20526ee&event_sid=bnm2d1&type=lead&id=1453 - ANSWER - 
[2019/08/20 10:03:02] OK - http://p.trackmytarget.com/?tmt_data=cdc9c681-719b-4b28-b88c-2bc6a807bf96&event_sid=4ah5bj&type=lead&id=1455 - ANSWER - 
[2019/08/20 11:40:02] OK - http://p.trackmytarget.com/?tmt_data=2d139f16-57a2-46b2-ac37-fdd9920d169d&event_sid=4ah5bj&type=lead&id=1456 - ANSWER - 
[2019/08/21 11:06:01] OK - http://p.trackmytarget.com/?tmt_data=a34ff90d-3e47-4533-83ce-b0b25e331422&event_sid=ob3d71&type=lead&id=1458 - ANSWER - 
[2019/08/21 12:47:02] OK - http://p.trackmytarget.com/?tmt_data=ff846418-0517-4c75-a707-1e151ee26771&event_sid=ob3d71&type=lead&id=1460 - ANSWER - 
[2019/08/21 02:47:02] OK - http://p.trackmytarget.com/?tmt_data=ad9cf1cc-da95-4cfb-9b7d-79dc348e1b0c&event_sid=4ah5bj&type=lead&id=1461 - ANSWER - 
[2019/08/21 04:03:01] OK - http://p.trackmytarget.com/?tmt_data=46cedac4-9eab-4256-b792-30013207883c&event_sid=bnm2d1&type=lead&id=1462 - ANSWER - 
[2019/08/21 05:13:01] OK - http://p.trackmytarget.com/?tmt_data=72110194-c613-426e-ac72-4033edbf5cbe&event_sid=4ah5bj&type=lead&id=1464 - ANSWER - 
[2019/08/21 06:02:02] OK - http://p.trackmytarget.com/?tmt_data=68d7ddb4-6e89-462d-a84a-a5c8adab4b8d&event_sid=4ah5bj&type=lead&id=1465 - ANSWER - 
[2019/08/22 11:43:02] OK - http://p.trackmytarget.com/?tmt_data=fa2ef858-ad3b-4c47-88f9-6304db8a0b3b&event_sid=4ah5bj&type=lead&id=1471 - ANSWER - 
[2019/08/22 12:18:02] OK - http://p.trackmytarget.com/?tmt_data=69e49887-173d-45cd-9c7f-5e4846a5fa9d&event_sid=4ah5bj&type=lead&id=1473 - ANSWER - 
[2019/08/22 01:21:02] OK - http://p.trackmytarget.com/?tmt_data=c64f4f0e-e49c-4198-844d-7577db36f56e&event_sid=4ah5bj&type=lead&id=1477 - ANSWER - 
[2019/08/22 03:55:02] OK - http://p.trackmytarget.com/?tmt_data=add04414-f993-4f88-bdd9-1d627b4a248e&event_sid=bnm2d1&type=lead&id=1479 - ANSWER - 
[2019/08/23 07:12:02] OK - http://p.trackmytarget.com/?tmt_data=b7387859-572f-4b0d-a6b7-fb587b22430e&event_sid=ob3d71&type=lead&id=1481 - ANSWER - 
[2019/08/23 01:41:02] OK - http://p.trackmytarget.com/?tmt_data=437f2ddf-cf56-4dc5-954a-cda9c4e7ecf9&event_sid=4ah5bj&type=lead&id=1482 - ANSWER - 
[2019/08/23 02:22:02] OK - http://p.trackmytarget.com/?tmt_data=1ce7366b-ddf0-4112-b2c5-31aaa68aebe9&event_sid=4ah5bj&type=lead&id=1484 - ANSWER - 
[2019/08/23 04:19:02] OK - http://p.trackmytarget.com/?tmt_data=a7d6592e-6f55-4197-b2eb-56ed6c4b7da0&event_sid=ob3d71&type=lead&id=1486 - ANSWER - 
[2019/08/23 04:33:02] OK - http://p.trackmytarget.com/?tmt_data=f4a6f747-bf94-430e-8413-a696f19350e3&event_sid=4ah5bj&type=lead&id=1487 - ANSWER - 
[2019/08/23 05:35:01] OK - http://p.trackmytarget.com/?tmt_data=af1a1e34-1f26-4003-881e-841c5b3ae16e&event_sid=4ah5bj&type=lead&id=1489 - ANSWER - 
[2019/08/23 09:26:02] OK - http://p.trackmytarget.com/?tmt_data=43d619a8-2aaf-4baa-91fd-b324d6599c5b&event_sid=4ah5bj&type=lead&id=1490 - ANSWER - 
[2019/08/24 04:44:02] OK - http://p.trackmytarget.com/?tmt_data=ae80456d-493a-4bec-aedc-3dcb29d57755&event_sid=4ah5bj&type=lead&id=1492 - ANSWER - 
[2019/08/25 10:04:02] OK - http://p.trackmytarget.com/?tmt_data=a617d979-4682-469a-80c7-6034cd94e968&event_sid=4ah5bj&type=lead&id=1496 - ANSWER - 
[2019/08/25 12:40:02] OK - http://p.trackmytarget.com/?tmt_data=381d0eda-1c39-43da-bcb6-5798514df431&event_sid=4ah5bj&type=lead&id=1498 - ANSWER - 
[2019/08/25 03:59:02] OK - http://p.trackmytarget.com/?tmt_data=cf9d0b9f-6cb5-4a94-b591-d6f161f24b7c&event_sid=4ah5bj&type=lead&id=1499 - ANSWER - 
[2019/08/26 11:14:01] OK - http://p.trackmytarget.com/?tmt_data=a5389f7d-6bf2-4ecd-a560-f3ecbbce6a5e&event_sid=4ah5bj&type=lead&id=1500 - ANSWER - 
[2019/08/26 11:45:01] OK - http://p.trackmytarget.com/?tmt_data=5eacc86e-5ff9-4037-b520-431469aafd56&event_sid=ob3d71&type=lead&id=1501 - ANSWER - 
[2019/08/26 12:18:01] OK - http://p.trackmytarget.com/?tmt_data=c784109b-bf5b-4abd-b142-b0cd56c7eb19&event_sid=4ah5bj&type=lead&id=1502 - ANSWER - 
[2019/08/26 01:18:02] OK - http://p.trackmytarget.com/?tmt_data=5ec1f913-d671-4e8d-9297-f1a984235a03&event_sid=ob3d71&type=lead&id=1503 - ANSWER - 
[2019/08/26 01:47:01] OK - http://p.trackmytarget.com/?tmt_data=3c1357c5-a126-4096-892f-02e59c44c6ef&event_sid=4ah5bj&type=lead&id=1504 - ANSWER - 
[2019/08/26 03:51:02] OK - http://p.trackmytarget.com/?tmt_data=7ce7d6f1-4edd-4c6c-bc2f-8692e561ceec&event_sid=625w40&type=lead&id=1505 - ANSWER - 
[2019/08/26 04:33:01] OK - http://p.trackmytarget.com/?tmt_data=11a98beb-97be-407e-ace1-af0edcc3d720&event_sid=4ah5bj&type=lead&id=1506 - ANSWER - 
[2019/08/26 06:25:02] OK - http://p.trackmytarget.com/?tmt_data=38b68d7f-ae24-415f-a67c-ea12bd07fe51&event_sid=bnm2d1&type=lead&id=1511 - ANSWER - 
[2019/08/26 10:44:01] OK - http://p.trackmytarget.com/?tmt_data=5535cefc-77e1-4c0b-b44a-193b3f6b9be9&event_sid=4ah5bj&type=lead&id=1516 - ANSWER - 
[2019/08/27 09:08:02] OK - http://p.trackmytarget.com/?tmt_data=7022eb93-ca49-4b9d-941b-8fac2589abec&event_sid=ob3d71&type=lead&id=1517 - ANSWER - 
[2019/08/27 09:29:01] OK - http://p.trackmytarget.com/?tmt_data=8b445606-a911-46d1-836e-f22afc489862&event_sid=4ah5bj&type=lead&id=1518 - ANSWER - 
[2019/08/27 10:54:02] OK - http://p.trackmytarget.com/?tmt_data=d22add2a-df27-4080-8634-4f7532cbf9b1&event_sid=4ah5bj&type=lead&id=1519 - ANSWER - 
[2019/08/27 11:54:01] OK - http://p.trackmytarget.com/?tmt_data=75e0351e-05d0-46b1-a83d-632ab1c75607&event_sid=4ah5bj&type=lead&id=1521 - ANSWER - 
[2019/08/27 01:01:02] OK - http://p.trackmytarget.com/?tmt_data=2ac8bd2d-1378-4cbc-9d9e-fc87b38afa41&event_sid=4ah5bj&type=lead&id=1522 - ANSWER - 
[2019/08/27 01:20:01] OK - http://p.trackmytarget.com/?tmt_data=f43880ad-205e-4aa9-96d9-62e72a03fcda&event_sid=4ah5bj&type=lead&id=1523 - ANSWER - 
[2019/08/27 02:05:02] OK - http://p.trackmytarget.com/?tmt_data=a4257fd0-eecf-4cd1-a48d-1d94daf2428f&event_sid=4ah5bj&type=lead&id=1524 - ANSWER - 
[2019/08/27 02:14:01] OK - http://p.trackmytarget.com/?tmt_data=a4257fd0-eecf-4cd1-a48d-1d94daf2428f&event_sid=ob3d71&type=lead&id=1525 - ANSWER - 
[2019/08/27 03:51:02] OK - http://p.trackmytarget.com/?tmt_data=a4257fd0-eecf-4cd1-a48d-1d94daf2428f&event_sid=ob3d71&type=lead&id=1526 - ANSWER - 
[2019/08/27 10:46:02] OK - http://p.trackmytarget.com/?tmt_data=08a1d0c1-8bab-45f0-bb06-9301b89be608&event_sid=ob3d71&type=lead&id=1527 - ANSWER - 
[2019/08/27 10:56:02] OK - http://p.trackmytarget.com/?tmt_data=510dc2c7-65cb-4eee-8b9f-cf1b9850c555&event_sid=4ah5bj&type=lead&id=1528 - ANSWER - 
[2019/08/28 12:32:02] OK - http://p.trackmytarget.com/?tmt_data=8129a8a1-1d20-4203-99d9-d5da50e42515&event_sid=bnm2d1&type=lead&id=1531 - ANSWER - 
[2019/08/28 02:06:02] OK - http://p.trackmytarget.com/?tmt_data=1729325d-a84a-4983-8d05-7b5937e742c0&event_sid=ob3d71&type=lead&id=1534 - ANSWER - 
[2019/08/28 03:50:02] OK - http://p.trackmytarget.com/?tmt_data=6b0b91a3-7749-4dea-b68b-5e94fad1a94e&event_sid=ob3d71&type=lead&id=1536 - ANSWER - 
[2019/08/28 04:51:02] OK - http://p.trackmytarget.com/?tmt_data=84f05be6-f166-4bcd-a254-befeab5f93c6&event_sid=bnm2d1&type=lead&id=1537 - ANSWER - 
[2019/08/28 06:26:01] OK - http://p.trackmytarget.com/?tmt_data=931e9fa7-8392-4e6c-ad6e-9ca6249f4a22&event_sid=4ah5bj&type=lead&id=1539 - ANSWER - 
[2019/08/28 07:25:01] OK - http://p.trackmytarget.com/?tmt_data=9792fdd5-ca1b-47bb-8825-701196b730f2&event_sid=4ah5bj&type=lead&id=1540 - ANSWER - 
[2019/08/28 09:35:02] OK - http://p.trackmytarget.com/?tmt_data=4363e389-8042-4479-9d49-6bbec578af3b&event_sid=4ah5bj&type=lead&id=1541 - ANSWER - 
[2019/08/28 09:41:02] OK - http://p.trackmytarget.com/?tmt_data=ff61d049-e927-4795-823b-92f8990b1cc2&event_sid=ob3d71&type=lead&id=1542 - ANSWER - 
[2019/08/28 10:49:02] OK - http://p.trackmytarget.com/?tmt_data=5e85c69e-7286-41ec-8e1f-e73a0a9e8100&event_sid=4ah5bj&type=lead&id=1543 - ANSWER - 
[2019/08/29 09:42:02] OK - http://p.trackmytarget.com/?tmt_data=800b5d81-80d1-4465-b2f8-25d2f13ec6f0&event_sid=4ah5bj&type=lead&id=1544 - ANSWER - 
[2019/08/29 11:00:01] OK - http://p.trackmytarget.com/?tmt_data=f02e2f1e-a852-41f3-8bcd-6f95ef2f9bff&event_sid=ob3d71&type=lead&id=1547 - ANSWER - 
[2019/08/29 01:53:01] OK - http://p.trackmytarget.com/?tmt_data=27bac08f-7f57-4a6f-8ac8-fbd0ce06e31a&event_sid=tvwr7o&type=lead&id=1548 - ANSWER - 
[2019/08/29 03:00:02] OK - http://p.trackmytarget.com/?tmt_data=bff71e00-0b32-4767-bf95-653af2e60653&event_sid=4ah5bj&type=lead&id=1549 - ANSWER - 
[2019/08/29 07:17:02] OK - http://p.trackmytarget.com/?tmt_data=ef54fa36-9f10-4ece-bfe4-9a0c609ffc17&event_sid=4ah5bj&type=lead&id=1551 - ANSWER - 
[2019/08/30 01:35:01] OK - http://p.trackmytarget.com/?tmt_data=d7c3d0dc-bab6-4f73-b092-5ff11c4280e8&event_sid=bnm2d1&type=lead&id=1552 - ANSWER - 
[2019/08/30 09:29:01] OK - http://p.trackmytarget.com/?tmt_data=9edffb69-b844-4b77-bda0-9d68030917e0&event_sid=4ah5bj&type=lead&id=1554 - ANSWER - 
[2019/08/30 11:43:02] OK - http://p.trackmytarget.com/?tmt_data=1a2fd8f5-a02e-43c3-a784-7a6a85643a94&event_sid=4ah5bj&type=lead&id=1555 - ANSWER - 
[2019/08/30 11:50:01] OK - http://p.trackmytarget.com/?tmt_data=d69aae9c-2f90-4492-acf0-3869a40111a9&event_sid=ob3d71&type=lead&id=1557 - ANSWER - 
[2019/08/30 11:53:02] OK - http://p.trackmytarget.com/?tmt_data=afbef33b-4f75-4380-b852-a514ae86be42&event_sid=4ah5bj&type=lead&id=1558 - ANSWER - 
[2019/08/30 04:09:02] OK - http://p.trackmytarget.com/?tmt_data=de672e20-e441-4076-9133-779bce13d410&event_sid=4ah5bj&type=lead&id=1560 - ANSWER - 
[2019/08/30 06:10:01] OK - http://p.trackmytarget.com/?tmt_data=78ac7f24-05ac-438d-bd6e-d89a16ea45a7&event_sid=4ah5bj&type=lead&id=1562 - ANSWER - 
[2019/08/30 07:22:02] OK - http://p.trackmytarget.com/?tmt_data=1e99279f-7706-4dda-a354-1e856d3a8d27&event_sid=4ah5bj&type=lead&id=1563 - ANSWER - 
[2019/08/31 12:44:02] OK - http://p.trackmytarget.com/?tmt_data=6f790fe7-1521-4345-9f74-e97c30e7b26e&event_sid=4ah5bj&type=lead&id=1564 - ANSWER - 
[2019/08/31 11:46:01] OK - http://p.trackmytarget.com/?tmt_data=eae7ac8f-92c2-43c7-9e7f-4a9e64eb9e59&event_sid=4ah5bj&type=lead&id=1566 - ANSWER - 
[2019/09/01 02:29:01] OK - http://p.trackmytarget.com/?tmt_data=c8a800c2-164c-4ff0-ae96-3645f2109c94&event_sid=ob3d71&type=lead&id=1571 - ANSWER - 
[2019/09/01 02:31:02] OK - http://p.trackmytarget.com/?tmt_data=c8a800c2-164c-4ff0-ae96-3645f2109c94&event_sid=4ah5bj&type=lead&id=1572 - ANSWER - 
[2019/09/01 09:33:02] OK - http://p.trackmytarget.com/?tmt_data=2fecc171-a823-4754-a642-d6a862d09865&event_sid=4ah5bj&type=lead&id=1573 - ANSWER - 
[2019/09/01 10:02:02] OK - http://p.trackmytarget.com/?tmt_data=43597851-85be-45ab-8578-403c825d3b14&event_sid=ob3d71&type=lead&id=1575 - ANSWER - 
[2019/09/01 10:08:02] OK - http://p.trackmytarget.com/?tmt_data=2fecc171-a823-4754-a642-d6a862d09865&event_sid=qc1963&type=lead&id=1577 - ANSWER - 
[2019/09/02 11:11:01] OK - http://p.trackmytarget.com/?tmt_data=042d12a4-7789-4b35-9b0e-2a7344d6f10b&event_sid=4ah5bj&type=lead&id=1579 - ANSWER - 
[2019/09/02 01:12:02] OK - http://p.trackmytarget.com/?tmt_data=50903a8c-fb34-421d-99ad-0ed6ac961181&event_sid=4ah5bj&type=lead&id=1581 - ANSWER - 
[2019/09/02 03:11:02] OK - http://p.trackmytarget.com/?tmt_data=f7e875a8-ceb1-42f5-ad9c-79d0b11f970f&event_sid=bnm2d1&type=lead&id=1582 - ANSWER - 
[2019/09/02 05:10:02] OK - http://p.trackmytarget.com/?tmt_data=07b65d77-ed48-4224-8b38-3989d09cb014&event_sid=4ah5bj&type=lead&id=1584 - ANSWER - 
[2019/09/02 06:10:01] OK - http://p.trackmytarget.com/?tmt_data=07b65d77-ed48-4224-8b38-3989d09cb014&event_sid=4ah5bj&type=lead&id=1585 - ANSWER - 
[2019/09/02 07:09:02] OK - http://p.trackmytarget.com/?tmt_data=8d499eca-6215-4bd4-95e5-81fe1d023b0d&event_sid=ob3d71&type=lead&id=1586 - ANSWER - 
[2019/09/03 10:05:02] OK - http://p.trackmytarget.com/?tmt_data=add04414-f993-4f88-bdd9-1d627b4a248e&event_sid=ob3d71&type=lead&id=1588 - ANSWER - 
[2019/09/03 10:08:02] OK - http://p.trackmytarget.com/?tmt_data=add04414-f993-4f88-bdd9-1d627b4a248e&event_sid=ob3d71&type=lead&id=1589 - ANSWER - 
[2019/09/03 11:31:01] OK - http://p.trackmytarget.com/?tmt_data=7aa9d63d-4851-4616-9b58-f597cef25002&event_sid=4ah5bj&type=lead&id=1590 - ANSWER - 
[2019/09/03 11:39:01] OK - http://p.trackmytarget.com/?tmt_data=f3ef4797-d597-40b9-b767-e75ac7aa88fc&event_sid=tvwr7o&type=lead&id=1591 - ANSWER - 
[2019/09/03 07:18:02] OK - http://p.trackmytarget.com/?tmt_data=60fee0c9-612e-41cb-a033-5c914ad6597a&event_sid=ob3d71&type=lead&id=1594 - ANSWER - 
[2019/09/03 10:25:02] OK - http://p.trackmytarget.com/?tmt_data=6da215bf-9d6a-4fe0-9a44-0a1a69e7cc98&event_sid=bnm2d1&type=lead&id=1596 - ANSWER - 
[2019/09/04 12:46:01] OK - http://p.trackmytarget.com/?tmt_data=cd25fff5-5dd2-457b-bd48-8f4fe7b19968&event_sid=4ah5bj&type=lead&id=1597 - ANSWER - 
[2019/09/04 11:54:01] OK - http://p.trackmytarget.com/?tmt_data=b7387859-572f-4b0d-a6b7-fb587b22430e&event_sid=4ah5bj&type=lead&id=1603 - ANSWER - 
[2019/09/04 01:59:02] OK - http://p.trackmytarget.com/?tmt_data=84e7ab6e-1e41-440f-ba50-cc2d289e38af&event_sid=bnm2d1&type=lead&id=1605 - ANSWER - 
[2019/09/04 04:04:02] OK - http://p.trackmytarget.com/?tmt_data=b085c6e5-5d54-4d88-8065-db6537fd932a&event_sid=4ah5bj&type=lead&id=1606 - ANSWER - 
[2019/09/04 09:02:01] OK - http://p.trackmytarget.com/?tmt_data=26b7f9c1-266f-4612-8f0d-fbd635c8ad99&event_sid=ob3d71&type=lead&id=1608 - ANSWER - 
[2019/09/04 10:36:02] OK - http://p.trackmytarget.com/?tmt_data=18f1abe0-a0a1-407a-a03c-503d404c5fcb&event_sid=4ah5bj&type=lead&id=1609 - ANSWER - 
[2019/09/04 11:02:02] OK - http://p.trackmytarget.com/?tmt_data=de3c62f8-a7d7-4da3-88a5-58048f594f0e&event_sid=4ah5bj&type=lead&id=1610 - ANSWER - 
[2019/09/05 10:29:02] OK - http://p.trackmytarget.com/?tmt_data=e97b3880-71f1-4229-a0ce-3b77509984bf&event_sid=tvwr7o&type=lead&id=1614 - ANSWER - 
[2019/09/05 10:42:01] OK - http://p.trackmytarget.com/?tmt_data=9ef0f57f-d323-4af1-b69a-8a17401bf51b&event_sid=4ah5bj&type=lead&id=1615 - ANSWER - 
[2019/09/05 11:06:02] OK - http://p.trackmytarget.com/?tmt_data=c2af98b2-9143-4ce7-a11d-863d28edc9a5&event_sid=4ah5bj&type=lead&id=1617 - ANSWER - 
[2019/09/05 11:18:02] OK - http://p.trackmytarget.com/?tmt_data=0eaae9a3-9043-4f62-a10d-0ec5a210e007&event_sid=4ah5bj&type=lead&id=1619 - ANSWER - 
[2019/09/05 12:39:02] OK - http://p.trackmytarget.com/?tmt_data=29dca23f-6322-431f-9cd6-1052618f12fc&event_sid=4ah5bj&type=lead&id=1620 - ANSWER - 
[2019/09/05 01:54:02] OK - http://p.trackmytarget.com/?tmt_data=c918e004-da2c-42a1-8f12-3f85b1fe09c5&event_sid=4ah5bj&type=lead&id=1621 - ANSWER - 
[2019/09/05 03:23:02] OK - http://p.trackmytarget.com/?tmt_data=8a7eb314-8a06-4a30-80b6-e60af42b56f5&event_sid=4ah5bj&type=lead&id=1622 - ANSWER - 
[2019/09/05 04:23:02] OK - http://p.trackmytarget.com/?tmt_data=9693cbd9-238d-49c4-9156-8a32d5190af8&event_sid=bnm2d1&type=lead&id=1624 - ANSWER - 
[2019/09/05 06:25:02] OK - http://p.trackmytarget.com/?tmt_data=509feb8c-f16d-47a2-9b50-da53a43f6d18&event_sid=4ah5bj&type=lead&id=1628 - ANSWER - 
[2019/09/05 07:37:01] OK - http://p.trackmytarget.com/?tmt_data=50259128-e1f3-447d-a1f1-25367df3710f&event_sid=4ah5bj&type=lead&id=1629 - ANSWER - 
[2019/09/05 09:14:02] OK - http://p.trackmytarget.com/?tmt_data=56fcba76-6a41-4709-aef7-245101062d48&event_sid=tvwr7o&type=lead&id=1630 - ANSWER - 
[2019/09/07 10:40:03] OK - http://p.trackmytarget.com/?tmt_data=11d521a6-aa3e-4d16-9770-ede9716151c9&event_sid=4ah5bj&type=lead&id=1637 - ANSWER - 
[2019/09/07 03:32:03] OK - http://p.trackmytarget.com/?tmt_data=e9ed0e99-3fbd-45ec-a525-1b1d0812416d&event_sid=4ah5bj&type=lead&id=1641 - ANSWER - 
[2019/09/08 04:57:03] OK - http://p.trackmytarget.com/?tmt_data=7bdd3913-1680-4de2-a14b-d2c7af8cc932&event_sid=4ah5bj&type=lead&id=1643 - ANSWER - 
[2019/09/09 01:53:05] OK - http://p.trackmytarget.com/?tmt_data=d6d5010c-0f34-46dc-8453-605d2227ba89&event_sid=4ah5bj&type=lead&id=1645 - ANSWER - 
[2019/09/09 02:38:04] OK - http://p.trackmytarget.com/?tmt_data=33012146-ae48-4c74-9218-b12295386645&event_sid=4ah5bj&type=lead&id=1646 - ANSWER - 
[2019/09/09 02:40:05] OK - http://p.trackmytarget.com/?tmt_data=33012146-ae48-4c74-9218-b12295386645&event_sid=ob3d71&type=lead&id=1647 - ANSWER - 
[2019/09/09 04:29:04] OK - http://p.trackmytarget.com/?tmt_data=2c5ce63e-b15c-465d-adf2-c1823d931258&event_sid=ob3d71&type=lead&id=1651 - ANSWER - 
[2019/09/09 05:36:05] OK - http://p.trackmytarget.com/?tmt_data=4e035aa0-0d25-4edb-a644-5b9353cc6315&event_sid=4ah5bj&type=lead&id=1652 - ANSWER - 
[2019/09/09 08:32:05] OK - http://p.trackmytarget.com/?tmt_data=e25bc33d-e840-4795-a77a-6ad6288edbe4&event_sid=4ah5bj&type=lead&id=1657 - ANSWER - 
[2019/09/09 11:46:05] OK - http://p.trackmytarget.com/?tmt_data=319c7b8f-f474-4c4c-ab08-dd2897607e09&event_sid=4ah5bj&type=lead&id=1659 - ANSWER - 
[2019/09/10 12:38:05] OK - http://p.trackmytarget.com/?tmt_data=6c54c7ad-c06c-490e-8ff9-861e32f25928&event_sid=4ah5bj&type=lead&id=1661 - ANSWER - 
[2019/09/10 01:55:05] OK - http://p.trackmytarget.com/?tmt_data=4a10c61f-129b-4d75-aa77-6626aadb934e&event_sid=4ah5bj&type=lead&id=1662 - ANSWER - 
[2019/09/10 03:10:05] OK - http://p.trackmytarget.com/?tmt_data=0342bf98-2971-4f92-8469-54e0f01f5773&event_sid=4ah5bj&type=lead&id=1663 - ANSWER - 
[2019/09/10 04:04:06] OK - http://p.trackmytarget.com/?tmt_data=d4123ada-c249-4ea4-bd82-7ba27fdf68df&event_sid=bnm2d1&type=lead&id=1664 - ANSWER - 
[2019/09/10 05:26:05] OK - http://p.trackmytarget.com/?tmt_data=fe65b137-b31e-4cb0-9002-f06841ef13de&event_sid=4ah5bj&type=lead&id=1666 - ANSWER - 
[2019/09/10 08:26:05] OK - http://p.trackmytarget.com/?tmt_data=b4a16665-ff85-41c8-88fa-b58f6771df04&event_sid=4ah5bj&type=lead&id=1667 - ANSWER - 
[2019/09/11 09:30:06] OK - http://p.trackmytarget.com/?tmt_data=6b785cae-f8a8-4849-92d0-c00c120cf5e8&event_sid=4ah5bj&type=lead&id=1669 - ANSWER - 
[2019/09/11 09:46:06] OK - http://p.trackmytarget.com/?tmt_data=a2c5208b-2996-4504-a190-cd978bddb555&event_sid=4ah5bj&type=lead&id=1670 - ANSWER - 
[2019/09/11 10:45:07] OK - http://p.trackmytarget.com/?tmt_data=48967c79-ac34-4ff0-8a6f-37c136c9afdc&event_sid=625w40&type=lead&id=1672 - ANSWER - 
[2019/09/11 12:06:07] OK - http://p.trackmytarget.com/?tmt_data=1d2ab39b-0696-4363-805b-4c9bd99d4c33&event_sid=4ah5bj&type=lead&id=1674 - ANSWER - 
[2019/09/11 03:08:06] OK - http://p.trackmytarget.com/?tmt_data=24a8b742-a864-42b8-bf1f-8dfd8251d74f&event_sid=ob3d71&type=lead&id=1675 - ANSWER - 
[2019/09/11 04:35:07] OK - http://p.trackmytarget.com/?tmt_data=f9350819-8910-46c2-bcfb-34a01c888f39&event_sid=4ah5bj&type=lead&id=1676 - ANSWER - 
[2019/09/11 04:51:07] OK - http://p.trackmytarget.com/?tmt_data=79fb765a-ff74-49a0-9cae-69ec63c43787&event_sid=ob3d71&type=lead&id=1677 - ANSWER - 
[2019/09/12 10:53:07] OK - http://p.trackmytarget.com/?tmt_data=0b39a07a-f677-4ffe-899a-86fbe89b5824&event_sid=4ah5bj&type=lead&id=1678 - ANSWER - 
[2019/09/12 01:36:07] OK - http://p.trackmytarget.com/?tmt_data=664b7f3f-dfae-4c92-814f-ab131f8b9bf4&event_sid=4ah5bj&type=lead&id=1682 - ANSWER - 
[2019/09/12 10:10:07] OK - http://p.trackmytarget.com/?tmt_data=1616bf70-5bac-427a-9806-df4b307a834b&event_sid=4ah5bj&type=lead&id=1683 - ANSWER - 
[2019/09/13 08:52:07] OK - http://p.trackmytarget.com/?tmt_data=9607e0af-f28c-4500-94dc-4c604fd8fb95&event_sid=4ah5bj&type=lead&id=1685 - ANSWER - 
[2019/09/13 09:26:08] OK - http://p.trackmytarget.com/?tmt_data=d91b4452-b30d-46d9-b334-bf0fa7b685c3&event_sid=ob3d71&type=lead&id=1686 - ANSWER - 
[2019/09/13 11:58:07] OK - http://p.trackmytarget.com/?tmt_data=ae4879f5-7c4b-4370-a3fa-8ecc9a31738a&event_sid=ob3d71&type=lead&id=1687 - ANSWER - 
[2019/09/13 12:04:07] OK - http://p.trackmytarget.com/?tmt_data=0b29ada5-99ae-40be-822e-d2a7e395b82d&event_sid=qc1963&type=lead&id=1689 - ANSWER - 
[2019/09/13 01:04:08] OK - http://p.trackmytarget.com/?tmt_data=375cc378-86ea-4fc5-9898-bcfcf540aa67&event_sid=4ah5bj&type=lead&id=1693 - ANSWER - 
[2019/09/13 05:50:07] OK - http://p.trackmytarget.com/?tmt_data=1ca737e7-db92-49fd-8ad5-43279b862914&event_sid=4ah5bj&type=lead&id=1696 - ANSWER - 
[2019/09/13 07:27:08] OK - http://p.trackmytarget.com/?tmt_data=082eab07-d24d-4dc2-8f00-86f4027646a7&event_sid=4ah5bj&type=lead&id=1699 - ANSWER - 
[2019/09/13 08:04:07] OK - http://p.trackmytarget.com/?tmt_data=f7c84dbe-7f69-4458-8d08-266887fd76e1&event_sid=4ah5bj&type=lead&id=1700 - ANSWER - 
[2019/09/14 01:37:07] OK - http://p.trackmytarget.com/?tmt_data=a18e0854-f0b7-463d-adaa-e99d9dda232e&event_sid=4ah5bj&type=lead&id=1701 - ANSWER - 
[2019/09/14 03:02:08] OK - http://p.trackmytarget.com/?tmt_data=02a253a9-27c7-4d4e-a9ee-699791e3b98f&event_sid=4ah5bj&type=lead&id=1702 - ANSWER - 
[2019/09/14 06:37:07] OK - http://p.trackmytarget.com/?tmt_data=3644f837-0179-4806-b717-26c85bfe769a&event_sid=4ah5bj&type=lead&id=1703 - ANSWER - 
[2019/09/15 03:38:08] OK - http://p.trackmytarget.com/?tmt_data=11a5e126-7aac-4962-a38c-853d500097ba&event_sid=ob3d71&type=lead&id=1704 - ANSWER - 
[2019/09/16 08:22:08] OK - http://p.trackmytarget.com/?tmt_data=04aba137-289a-4a05-8feb-59556b324f6e&event_sid=ob3d71&type=lead&id=1705 - ANSWER - 
[2019/09/16 11:47:07] OK - http://p.trackmytarget.com/?tmt_data=85875b55-fe87-41a8-8548-edcaf099cdf0&event_sid=ob3d71&type=lead&id=1706 - ANSWER - 
[2019/09/16 02:16:07] OK - http://p.trackmytarget.com/?tmt_data=84b4749c-31d4-4b5c-b4da-5561f681e841&event_sid=4ah5bj&type=lead&id=1707 - ANSWER - 
[2019/09/16 02:25:08] OK - http://p.trackmytarget.com/?tmt_data=c3278ff1-bb73-4277-ae29-1243d58f3eca&event_sid=4ah5bj&type=lead&id=1708 - ANSWER - 
[2019/09/16 05:28:08] OK - http://p.trackmytarget.com/?tmt_data=6425d7cf-0e47-433b-a08f-75d2f9c0e6a4&event_sid=4ah5bj&type=lead&id=1711 - ANSWER - 
[2019/09/16 05:30:07] OK - http://p.trackmytarget.com/?tmt_data=6425d7cf-0e47-433b-a08f-75d2f9c0e6a4&event_sid=4ah5bj&type=lead&id=1712 - ANSWER - 
[2019/09/16 06:06:08] OK - http://p.trackmytarget.com/?tmt_data=035447b1-a50f-46a2-bcdd-cbf9183333f3&event_sid=bnm2d1&type=lead&id=1713 - ANSWER - 
[2019/09/16 07:34:08] OK - http://p.trackmytarget.com/?tmt_data=0fa94bba-b228-44d5-848e-d0981eff97de&event_sid=ob3d71&type=lead&id=1715 - ANSWER - 
[2019/09/16 08:47:07] OK - http://p.trackmytarget.com/?tmt_data=0cc5550f-4c80-452b-bc6d-710506ce3ce4&event_sid=ob3d71&type=lead&id=1716 - ANSWER - 
[2019/09/17 08:21:07] OK - http://p.trackmytarget.com/?tmt_data=00bdc114-f35a-4758-aa8d-219e8b1ad3b8&event_sid=ob3d71&type=lead&id=1717 - ANSWER - 
[2019/09/17 09:17:08] OK - http://p.trackmytarget.com/?tmt_data=9f8fd140-fd93-4cdf-80c7-96077036707b&event_sid=4ah5bj&type=lead&id=1718 - ANSWER - 
[2019/09/17 10:22:07] OK - http://p.trackmytarget.com/?tmt_data=0be19db7-3fb4-48cc-af66-393662731377&event_sid=ob3d71&type=lead&id=1719 - ANSWER - 
[2019/09/17 11:58:07] OK - http://p.trackmytarget.com/?tmt_data=046fef77-eb58-4a96-850c-97a231feb560&event_sid=4ah5bj&type=lead&id=1720 - ANSWER - 
[2019/09/17 07:28:07] OK - http://p.trackmytarget.com/?tmt_data=26ea12c6-a416-4468-997b-1c5ac21a3e22&event_sid=ob3d71&type=lead&id=1724 - ANSWER - 
[2019/09/18 12:20:07] OK - http://p.trackmytarget.com/?tmt_data=8be40a95-ec1e-4c54-805b-12740003a222&event_sid=4ah5bj&type=lead&id=1725 - ANSWER - 
[2019/09/18 08:57:07] OK - http://p.trackmytarget.com/?tmt_data=80dab9bc-a877-4246-8b82-7f66b8fe9f8e&event_sid=4ah5bj&type=lead&id=1726 - ANSWER - 
[2019/09/18 01:10:08] OK - http://p.trackmytarget.com/?tmt_data=fed84e79-cccb-4372-83db-ecff97ae4e96&event_sid=bnm2d1&type=lead&id=1729 - ANSWER - 
[2019/09/18 01:11:08] OK - http://p.trackmytarget.com/?tmt_data=add04414-f993-4f88-bdd9-1d627b4a248e&event_sid=4ah5bj&type=lead&id=1730 - ANSWER - 
[2019/09/18 02:55:07] OK - http://p.trackmytarget.com/?tmt_data=42da2c2b-5818-4167-9635-b4f5e70a433f&event_sid=ob3d71&type=lead&id=1731 - ANSWER - 
[2019/09/18 04:03:07] OK - http://p.trackmytarget.com/?tmt_data=b9be2351-5869-48a8-bb70-2350c278e7f2&event_sid=4ah5bj&type=lead&id=1732 - ANSWER - 
[2019/09/18 08:19:07] OK - http://p.trackmytarget.com/?tmt_data=dc51c03b-c876-4ff6-8a9a-8353bde6dcfd&event_sid=4ah5bj&type=lead&id=1734 - ANSWER - 
[2019/09/19 10:51:08] OK - http://p.trackmytarget.com/?tmt_data=f6dd38ba-a262-42bc-8392-14d478b17282&event_sid=ob3d71&type=lead&id=1735 - ANSWER - 
[2019/09/19 12:45:08] OK - http://p.trackmytarget.com/?tmt_data=f340c256-9982-4608-8296-4f19849a7614&event_sid=4ah5bj&type=lead&id=1736 - ANSWER - 
[2019/09/19 01:28:08] OK - http://p.trackmytarget.com/?tmt_data=20f0160e-390b-4d48-b96b-8cbd633c3c04&event_sid=4ah5bj&type=lead&id=1738 - ANSWER - 
[2019/09/19 03:25:07] OK - http://p.trackmytarget.com/?tmt_data=7f185493-4341-450e-99dd-002fb306a0df&event_sid=ob3d71&type=lead&id=1739 - ANSWER - 
[2019/09/19 04:10:07] OK - http://p.trackmytarget.com/?tmt_data=6db12dbd-0395-44fb-8390-e450e65d1fbe&event_sid=4ah5bj&type=lead&id=1740 - ANSWER - 
[2019/09/19 04:46:07] OK - http://p.trackmytarget.com/?tmt_data=19056697-4690-4da5-828e-4af4170ac89c&event_sid=4ah5bj&type=lead&id=1742 - ANSWER - 
[2019/09/19 07:08:08] OK - http://p.trackmytarget.com/?tmt_data=c86bfd8f-5a01-465a-b765-0dcd37e369a4&event_sid=4ah5bj&type=lead&id=1743 - ANSWER - 
[2019/09/19 09:20:07] OK - http://p.trackmytarget.com/?tmt_data=eba3135a-d76e-49bd-9c86-226c6c518537&event_sid=bnm2d1&type=lead&id=1746 - ANSWER - 
[2019/09/19 11:49:08] OK - http://p.trackmytarget.com/?tmt_data=d6bd2f43-11cb-48fd-be64-ceaf5519285f&event_sid=4ah5bj&type=lead&id=1747 - ANSWER - 
[2019/09/20 12:12:07] OK - http://p.trackmytarget.com/?tmt_data=4d043805-d146-4242-8caa-07034e4c4edd&event_sid=4ah5bj&type=lead&id=1748 - ANSWER - 
[2019/09/20 12:25:07] OK - http://p.trackmytarget.com/?tmt_data=afbef33b-4f75-4380-b852-a514ae86be42&event_sid=4ah5bj&type=lead&id=1750 - ANSWER - 
[2019/09/20 12:41:08] OK - http://p.trackmytarget.com/?tmt_data=99164660-a3cf-4fe2-a5a8-3b195341ff62&event_sid=625w40&type=lead&id=1751 - ANSWER - 
[2019/09/20 01:43:07] OK - http://p.trackmytarget.com/?tmt_data=bbdcd9f5-fab8-4a8a-8f53-bdf729bd8b21&event_sid=4ah5bj&type=lead&id=1752 - ANSWER - 
[2019/09/20 02:22:07] OK - http://p.trackmytarget.com/?tmt_data=f3287ed5-4644-4b5a-93b5-dedb00683ee0&event_sid=4ah5bj&type=lead&id=1753 - ANSWER - 
[2019/09/20 02:33:08] OK - http://p.trackmytarget.com/?tmt_data=807c7cfe-eafe-4ee7-b022-d5c3b2d0cb70&event_sid=4ah5bj&type=lead&id=1755 - ANSWER - 
[2019/09/20 03:40:08] OK - http://p.trackmytarget.com/?tmt_data=aa723b3f-423b-4af6-a636-935364ed9e39&event_sid=ob3d71&type=lead&id=1756 - ANSWER - 
[2019/09/21 08:56:08] OK - http://p.trackmytarget.com/?tmt_data=3f8f65cf-ec0f-4d97-9db7-eff4f55cb032&event_sid=4ah5bj&type=lead&id=1758 - ANSWER - 
[2019/09/21 11:23:08] OK - http://p.trackmytarget.com/?tmt_data=67b0e232-53d5-47a7-8254-e3471c00ef0f&event_sid=4ah5bj&type=lead&id=1760 - ANSWER - 
[2019/09/21 02:29:07] OK - http://p.trackmytarget.com/?tmt_data=f25cfaef-1ade-4003-8d4b-30695ff6cb16&event_sid=bnm2d1&type=lead&id=1762 - ANSWER - 
[2019/09/21 02:44:07] OK - http://p.trackmytarget.com/?tmt_data=c0cd639b-1803-4d2b-b802-d4f48ec9744b&event_sid=bnm2d1&type=lead&id=1763 - ANSWER - 
[2019/09/22 03:01:07] OK - http://p.trackmytarget.com/?tmt_data=78e568d4-dfcb-47f5-bb7a-3558c5fb462d&event_sid=4ah5bj&type=lead&id=1768 - ANSWER - 
[2019/09/22 06:18:07] OK - http://p.trackmytarget.com/?tmt_data=4c2e4622-89e0-4c29-bc71-f968a3c6afdc&event_sid=4ah5bj&type=lead&id=1769 - ANSWER - 
[2019/09/22 11:43:07] OK - http://p.trackmytarget.com/?tmt_data=e966da13-1245-43e5-a69b-fabaa3781613&event_sid=ob3d71&type=lead&id=1770 - ANSWER - 
[2019/09/23 01:41:08] OK - http://p.trackmytarget.com/?tmt_data=766b4eaf-1f3d-43d8-89b2-f6bfc5ffc641&event_sid=ob3d71&type=lead&id=1772 - ANSWER - 
[2019/09/23 02:03:07] OK - http://p.trackmytarget.com/?tmt_data=b6da1843-c376-4497-99ae-e231e1d7508a&event_sid=ob3d71&type=lead&id=1773 - ANSWER - 
[2019/09/23 02:22:07] OK - http://p.trackmytarget.com/?tmt_data=292bb9bf-7ddf-4894-b481-39ceed48742a&event_sid=4ah5bj&type=lead&id=1774 - ANSWER - 
[2019/09/23 06:54:08] OK - http://p.trackmytarget.com/?tmt_data=0931c55f-0aaf-4844-b03a-cb9d484873be&event_sid=ob3d71&type=lead&id=1776 - ANSWER - 
[2019/09/23 07:28:07] OK - http://p.trackmytarget.com/?tmt_data=0fd5888e-6f71-4a2a-9dfa-82a82f4c8d64&event_sid=4ah5bj&type=lead&id=1779 - ANSWER - 
[2019/09/24 12:04:07] OK - http://p.trackmytarget.com/?tmt_data=0dbaec09-ace0-494e-8ce4-5217d8733ebb&event_sid=bnm2d1&type=lead&id=1780 - ANSWER - 
[2019/09/24 06:42:07] OK - http://p.trackmytarget.com/?tmt_data=232bd40a-1afc-4fd2-904a-005441ab5741&event_sid=4ah5bj&type=lead&id=1781 - ANSWER - 
[2019/09/24 01:58:08] OK - http://p.trackmytarget.com/?tmt_data=b5e113d3-2b47-4aac-8f6d-3da2f5bdbe1b&event_sid=ob3d71&type=lead&id=1785 - ANSWER - 
[2019/09/24 03:19:07] OK - http://p.trackmytarget.com/?tmt_data=c7e83a97-1e68-4a78-8c18-85d4e4927723&event_sid=bnm2d1&type=lead&id=1786 - ANSWER - 
[2019/09/24 03:24:07] OK - http://p.trackmytarget.com/?tmt_data=90b7a8bb-b67f-4d91-b5bb-f566e69c6b2d&event_sid=4ah5bj&type=lead&id=1787 - ANSWER - 
[2019/09/24 05:54:08] OK - http://p.trackmytarget.com/?tmt_data=9438e842-99e2-4af4-8d19-af84b0de4f53&event_sid=625w40&type=lead&id=1788 - ANSWER - 
[2019/09/24 06:05:07] OK - http://p.trackmytarget.com/?tmt_data=d065c0d0-43f7-4a6a-8046-446621b16b7b&event_sid=bnm2d1&type=lead&id=1789 - ANSWER - 
[2019/09/24 07:36:08] OK - http://p.trackmytarget.com/?tmt_data=232bd40a-1afc-4fd2-904a-005441ab5741&event_sid=4ah5bj&type=lead&id=1791 - ANSWER - 
[2019/09/24 08:47:07] OK - http://p.trackmytarget.com/?tmt_data=3993616e-465c-4933-bf70-9461e25e15b4&event_sid=ob3d71&type=lead&id=1792 - ANSWER - 
[2019/09/25 01:07:07] OK - http://p.trackmytarget.com/?tmt_data=5834eb29-8e88-456b-b719-93364cf9f5bf&event_sid=4ah5bj&type=lead&id=1793 - ANSWER - 
[2019/09/25 02:00:08] OK - http://p.trackmytarget.com/?tmt_data=6286b33f-62a7-4fba-b87a-d2594c00f961&event_sid=bnm2d1&type=lead&id=1795 - ANSWER - 
[2019/09/25 02:13:07] OK - http://p.trackmytarget.com/?tmt_data=23a3acda-0249-4400-a78b-5e56fc0aaa40&event_sid=4ah5bj&type=lead&id=1796 - ANSWER - 
[2019/09/25 04:35:07] OK - http://p.trackmytarget.com/?tmt_data=da5fd84e-fad4-4199-b0df-3920d3eafa2d&event_sid=4ah5bj&type=lead&id=1798 - ANSWER - 
[2019/09/25 05:18:07] OK - http://p.trackmytarget.com/?tmt_data=2d20f54c-ffa7-4753-baee-598c110a965b&event_sid=4ah5bj&type=lead&id=1799 - ANSWER - 
[2019/09/25 05:20:08] OK - http://p.trackmytarget.com/?tmt_data=f2f3301c-85a6-45c0-a156-e0142789cb5a&event_sid=ob3d71&type=lead&id=1800 - ANSWER - 
[2019/09/25 05:21:08] OK - http://p.trackmytarget.com/?tmt_data=2d20f54c-ffa7-4753-baee-598c110a965b&event_sid=4ah5bj&type=lead&id=1801 - ANSWER - 
[2019/09/25 05:30:08] OK - http://p.trackmytarget.com/?tmt_data=f51d892d-9294-423d-a063-d8f5c5809bdf&event_sid=ob3d71&type=lead&id=1802 - ANSWER - 
[2019/09/25 05:35:08] OK - http://p.trackmytarget.com/?tmt_data=4c2e4622-89e0-4c29-bc71-f968a3c6afdc&event_sid=4ah5bj&type=lead&id=1803 - ANSWER - 
[2019/09/25 07:42:08] OK - http://p.trackmytarget.com/?tmt_data=f153b96e-f492-4736-a78c-f218695bac37&event_sid=bnm2d1&type=lead&id=1804 - ANSWER - 
[2019/09/25 08:27:08] OK - http://p.trackmytarget.com/?tmt_data=ba17709b-ee61-4917-893e-b9271c7248c3&event_sid=4ah5bj&type=lead&id=1805 - ANSWER - 
[2019/09/25 09:37:08] OK - http://p.trackmytarget.com/?tmt_data=5fa2c551-3b03-49e4-8a73-0908eed1c8c9&event_sid=4ah5bj&type=lead&id=1806 - ANSWER - 
[2019/09/26 08:27:08] OK - http://p.trackmytarget.com/?tmt_data=33012146-ae48-4c74-9218-b12295386645&event_sid=ob3d71&type=lead&id=1807 - ANSWER - 
[2019/09/26 09:21:08] OK - http://p.trackmytarget.com/?tmt_data=b1e298ee-d231-42ec-977d-0b94a7b8a0e7&event_sid=4ah5bj&type=lead&id=1808 - ANSWER - 
[2019/09/26 12:26:08] OK - http://p.trackmytarget.com/?tmt_data=366babed-29c9-42d7-8e85-d6a6823dde8a&event_sid=4ah5bj&type=lead&id=1810 - ANSWER - 
[2019/09/26 01:37:09] OK - http://p.trackmytarget.com/?tmt_data=9fcf2107-c868-4a67-b181-5103a9789c3b&event_sid=bnm2d1&type=lead&id=1813 - ANSWER - 
[2019/09/26 02:17:09] OK - http://p.trackmytarget.com/?tmt_data=7724dc40-746b-46bb-bb9d-ccd89fbad2d1&event_sid=bnm2d1&type=lead&id=1814 - ANSWER - 
[2019/09/26 02:23:09] OK - http://p.trackmytarget.com/?tmt_data=9fc54213-ee59-4560-b134-b5bff036859b&event_sid=4ah5bj&type=lead&id=1815 - ANSWER - 
[2019/09/26 03:14:09] OK - http://p.trackmytarget.com/?tmt_data=0a35fffd-a8bf-4f22-b6c5-dede0fef40ad&event_sid=4ah5bj&type=lead&id=1817 - ANSWER - 
[2019/09/26 06:04:09] OK - http://p.trackmytarget.com/?tmt_data=9ed2e7ef-0564-4a62-b597-f91f7f88e9b0&event_sid=4ah5bj&type=lead&id=1822 - ANSWER - 
[2019/09/26 08:06:09] OK - http://p.trackmytarget.com/?tmt_data=7905cc1f-905a-48a9-b593-210f70a18b1f&event_sid=tvwr7o&type=lead&id=1824 - ANSWER - 
[2019/09/27 10:35:10] OK - http://p.trackmytarget.com/?tmt_data=38cc0216-39ad-44eb-8d60-d56f0c240277&event_sid=4ah5bj&type=lead&id=1826 - ANSWER - 
[2019/09/27 10:49:09] OK - http://p.trackmytarget.com/?tmt_data=38cc0216-39ad-44eb-8d60-d56f0c240277&event_sid=4ah5bj&type=lead&id=1828 - ANSWER - 
[2019/09/27 12:26:10] OK - http://p.trackmytarget.com/?tmt_data=2233335d-6e98-4cfa-ab3b-c973f0cfa986&event_sid=ob3d71&type=lead&id=1830 - ANSWER - 
[2019/09/27 01:46:09] OK - http://p.trackmytarget.com/?tmt_data=3ef8b523-8d76-47c9-82af-74f3de982ca7&event_sid=bnm2d1&type=lead&id=1832 - ANSWER - 
[2019/09/27 02:04:10] OK - http://p.trackmytarget.com/?tmt_data=ce4d851e-e889-40c2-9be3-3d58b00d7a8c&event_sid=4ah5bj&type=lead&id=1833 - ANSWER - 
[2019/09/27 06:37:09] OK - http://p.trackmytarget.com/?tmt_data=ba17709b-ee61-4917-893e-b9271c7248c3&event_sid=4ah5bj&type=lead&id=1834 - ANSWER - 
[2019/09/27 09:37:09] OK - http://p.trackmytarget.com/?tmt_data=c48b8efd-e360-46db-9966-fe1ae3ab131e&event_sid=bnm2d1&type=lead&id=1836 - ANSWER - 
[2019/09/28 04:27:10] OK - http://p.trackmytarget.com/?tmt_data=b63c57e2-8c1e-4769-84eb-f38df65636d8&event_sid=4ah5bj&type=lead&id=1837 - ANSWER - 
[2019/09/28 09:44:11] OK - http://p.trackmytarget.com/?tmt_data=2b7cbe3f-4c97-4a3a-8de6-9027e447c044&event_sid=4ah5bj&type=lead&id=1838 - ANSWER - 
[2019/09/28 11:33:11] OK - http://p.trackmytarget.com/?tmt_data=ae5204ef-943c-484d-ad2b-9d79a0611de2&event_sid=4ah5bj&type=lead&id=1839 - ANSWER - 
[2019/09/28 01:02:10] OK - http://p.trackmytarget.com/?tmt_data=04598b5c-2ced-4819-b6f8-5fa7495f59bc&event_sid=ob3d71&type=lead&id=1840 - ANSWER - 
[2019/09/28 10:54:11] OK - http://p.trackmytarget.com/?tmt_data=5b401fd4-69f3-42ff-86c1-ac2992d89f7c&event_sid=ob3d71&type=lead&id=1841 - ANSWER - 
[2019/09/29 12:18:11] OK - http://p.trackmytarget.com/?tmt_data=9b096b0d-0b4f-4c28-a64b-91ddf86ede8c&event_sid=4ah5bj&type=lead&id=1842 - ANSWER - 
[2019/09/29 10:53:11] OK - http://p.trackmytarget.com/?tmt_data=5a078778-9f79-42cc-b9f6-fe96d1b2a72a&event_sid=ob3d71&type=lead&id=1843 - ANSWER - 
[2019/09/29 11:59:11] OK - http://p.trackmytarget.com/?tmt_data=5d070c93-ea5e-44d3-bbac-272eb6025c36&event_sid=4ah5bj&type=lead&id=1844 - ANSWER - 
[2019/09/29 06:48:11] OK - http://p.trackmytarget.com/?tmt_data=db4921eb-cc35-445a-94c0-8c5b66697a3d&event_sid=4ah5bj&type=lead&id=1845 - ANSWER - 
[2019/09/29 09:25:12] OK - http://p.trackmytarget.com/?tmt_data=2e896b73-6736-4918-b7e7-80a5f69e1e72&event_sid=tvwr7o&type=lead&id=1847 - ANSWER - 
[2019/09/29 09:40:12] OK - http://p.trackmytarget.com/?tmt_data=d35c476a-33fc-499a-a13a-3e6a4cc01ef2&event_sid=bnm2d1&type=lead&id=1848 - ANSWER - 
[2019/09/30 10:42:12] OK - http://p.trackmytarget.com/?tmt_data=dcc42dca-9f7c-4934-b6bd-c409d5a5094f&event_sid=4ah5bj&type=lead&id=1850 - ANSWER - 
[2019/09/30 11:51:12] OK - http://p.trackmytarget.com/?tmt_data=fb452a1f-28e8-4b24-8205-d6dc0aaf2fa8&event_sid=4ah5bj&type=lead&id=1851 - ANSWER - 
[2019/09/30 11:51:18] OK - http://p.trackmytarget.com/?tmt_data=3cdac1e1-12aa-47cf-966d-7b9ce17481b8&event_sid=ob3d71&type=lead&id=1852 - ANSWER - 
[2019/09/30 04:18:12] OK - http://p.trackmytarget.com/?tmt_data=e6cfa0dd-e0cc-4ae1-9a49-86c04aa73104&event_sid=4ah5bj&type=lead&id=1853 - ANSWER - 
[2019/09/30 04:47:12] OK - http://p.trackmytarget.com/?tmt_data=cf9d58ec-ea78-42d1-b979-02fc505ee66c&event_sid=4ah5bj&type=lead&id=1854 - ANSWER - 
[2019/09/30 06:37:13] OK - http://p.trackmytarget.com/?tmt_data=6c9e88bc-ccfd-440f-891c-cbc148a58f23&event_sid=4ah5bj&type=lead&id=1856 - ANSWER - 
[2019/09/30 08:49:13] OK - http://p.trackmytarget.com/?tmt_data=38f95d17-ec61-43f5-afed-7b3818e74bce&event_sid=4ah5bj&type=lead&id=1857 - ANSWER - 
[2019/10/01 08:05:13] OK - http://p.trackmytarget.com/?tmt_data=1652318e-04c1-4b97-a3ad-775b65a09c73&event_sid=4ah5bj&type=lead&id=1858 - ANSWER - 
[2019/10/01 09:12:13] OK - http://p.trackmytarget.com/?tmt_data=b3087c95-f38e-49ba-8259-6e64b611fbc4&event_sid=4ah5bj&type=lead&id=1859 - ANSWER - 
[2019/10/01 11:17:13] OK - http://p.trackmytarget.com/?tmt_data=2cb1a64a-9a7c-4b72-9f53-3e042e01b91d&event_sid=4ah5bj&type=lead&id=1860 - ANSWER - 
[2019/10/01 12:09:12] OK - http://p.trackmytarget.com/?tmt_data=95aab151-7b1e-4786-ac7e-9b984933b41a&event_sid=4ah5bj&type=lead&id=1863 - ANSWER - 
[2019/10/01 12:45:14] OK - http://p.trackmytarget.com/?tmt_data=b044f71d-158a-4303-9ffa-bf3232bd4f6c&event_sid=4ah5bj&type=lead&id=1864 - ANSWER - 
[2019/10/01 01:58:13] OK - http://p.trackmytarget.com/?tmt_data=71353b2f-e2ce-47d9-baa0-4b8f8c1dc5fb&event_sid=4ah5bj&type=lead&id=1865 - ANSWER - 
[2019/10/01 02:06:13] OK - http://p.trackmytarget.com/?tmt_data=33012146-ae48-4c74-9218-b12295386645&event_sid=ob3d71&type=lead&id=1866 - ANSWER - 
[2019/10/01 04:07:13] OK - http://p.trackmytarget.com/?tmt_data=cd7468aa-e854-448c-be28-25dd8c1447f6&event_sid=4ah5bj&type=lead&id=1867 - ANSWER - 
[2019/10/01 07:05:13] OK - http://p.trackmytarget.com/?tmt_data=a6b26bd3-7d21-4fb1-933e-5025fe5db334&event_sid=ob3d71&type=lead&id=1868 - ANSWER - 
[2019/10/02 09:32:14] OK - http://p.trackmytarget.com/?tmt_data=98c805b3-30c8-4b27-b18e-c724aa7a9052&event_sid=4ah5bj&type=lead&id=1871 - ANSWER - 
[2019/10/02 12:16:14] OK - http://p.trackmytarget.com/?tmt_data=47ad43c1-982b-4894-b588-2eeff8ad2368&event_sid=4ah5bj&type=lead&id=1872 - ANSWER - 
[2019/10/02 02:50:14] OK - http://p.trackmytarget.com/?tmt_data=79fec6c6-a441-4f50-bccd-8071458723db&event_sid=bnm2d1&type=lead&id=1875 - ANSWER - 
[2019/10/02 04:10:15] OK - http://p.trackmytarget.com/?tmt_data=a6b26bd3-7d21-4fb1-933e-5025fe5db334&event_sid=4ah5bj&type=lead&id=1878 - ANSWER - 
[2019/10/02 04:57:14] OK - http://p.trackmytarget.com/?tmt_data=d2af2840-de8e-4820-b52b-a0daa6277ea2&event_sid=4ah5bj&type=lead&id=1879 - ANSWER - 
[2019/10/02 05:13:14] OK - http://p.trackmytarget.com/?tmt_data=f1ad9cf4-a9c8-412b-b320-8e2c90baff8d&event_sid=ob3d71&type=lead&id=1880 - ANSWER - 
[2019/10/03 05:27:15] OK - http://p.trackmytarget.com/?tmt_data=1716b7de-9e5b-460f-85c4-ab25e73595bd&event_sid=4ah5bj&type=lead&id=1887 - ANSWER - 
[2019/10/04 10:12:15] OK - http://p.trackmytarget.com/?tmt_data=bd4141bc-9827-423c-8b65-ea93e4d527e4&event_sid=ob3d71&type=lead&id=1888 - ANSWER - 
[2019/10/04 11:18:16] OK - http://p.trackmytarget.com/?tmt_data=4cd3ac6f-d72e-4944-bc24-d7dec231668d&event_sid=ob3d71&type=lead&id=1890 - ANSWER - 
[2019/10/04 03:24:16] OK - http://p.trackmytarget.com/?tmt_data=5751de67-e558-4367-817e-5cdb3136708b&event_sid=4ah5bj&type=lead&id=1893 - ANSWER - 
[2019/10/04 03:48:16] OK - http://p.trackmytarget.com/?tmt_data=972da7ac-f848-4283-8519-21f80d60edfe&event_sid=4ah5bj&type=lead&id=1894 - ANSWER - 
[2019/10/05 10:08:16] OK - http://p.trackmytarget.com/?tmt_data=61c19997-36bd-4b8e-95cb-67a96025b1ef&event_sid=ob3d71&type=lead&id=1896 - ANSWER - 
[2019/10/05 11:59:17] OK - http://p.trackmytarget.com/?tmt_data=af18d09f-9fdd-4f91-b700-02c878797c90&event_sid=4ah5bj&type=lead&id=1897 - ANSWER - 
[2019/10/05 01:23:16] OK - http://p.trackmytarget.com/?tmt_data=11604aa6-1b47-4e8b-bb2f-124ff56486c5&event_sid=4ah5bj&type=lead&id=1898 - ANSWER - 
[2019/10/05 02:57:17] OK - http://p.trackmytarget.com/?tmt_data=bfa22587-a42d-4fdb-98e0-7d64c1054f1f&event_sid=4ah5bj&type=lead&id=1899 - ANSWER - 
[2019/10/05 10:26:17] OK - http://p.trackmytarget.com/?tmt_data=404447a0-93f8-4b57-ab91-5d619822060d&event_sid=ob3d71&type=lead&id=1900 - ANSWER - 
[2019/10/06 07:15:17] OK - http://p.trackmytarget.com/?tmt_data=21d31dd0-2f06-4366-95a2-0c5ccd4bad2a&event_sid=625w40&type=lead&id=1901 - ANSWER - 
[2019/10/06 09:43:17] OK - http://p.trackmytarget.com/?tmt_data=56cb5aab-9595-4e7f-9421-a00614d82d41&event_sid=4ah5bj&type=lead&id=1902 - ANSWER - 
[2019/10/06 12:41:17] OK - http://p.trackmytarget.com/?tmt_data=c0fede9a-36e0-4e95-a075-43d81064ce87&event_sid=4ah5bj&type=lead&id=1904 - ANSWER - 
[2019/10/06 09:07:18] OK - http://p.trackmytarget.com/?tmt_data=f569abc5-eee5-4ebf-8f3e-b424b83a5804&event_sid=4ah5bj&type=lead&id=1907 - ANSWER - 
[2019/10/07 01:23:18] OK - http://p.trackmytarget.com/?tmt_data=7217d9e9-3340-4378-b8a6-7dfd0e7e2c32&event_sid=4ah5bj&type=lead&id=1908 - ANSWER - 
[2019/10/07 06:39:18] OK - http://p.trackmytarget.com/?tmt_data=bebb79b5-127e-4309-9147-9427b53d8893&event_sid=4ah5bj&type=lead&id=1910 - ANSWER - 
[2019/10/07 09:39:19] OK - http://p.trackmytarget.com/?tmt_data=7217d9e9-3340-4378-b8a6-7dfd0e7e2c32&event_sid=4ah5bj&type=lead&id=1911 - ANSWER - 
[2019/10/07 10:07:18] OK - http://p.trackmytarget.com/?tmt_data=eae7bc8e-9f32-41c0-81c1-565ae9222246&event_sid=4ah5bj&type=lead&id=1912 - ANSWER - 
[2019/10/07 10:29:18] OK - http://p.trackmytarget.com/?tmt_data=1e7a5682-0929-40eb-8af1-8d5b7a274d6f&event_sid=ob3d71&type=lead&id=1913 - ANSWER - 
[2019/10/07 10:45:18] OK - http://p.trackmytarget.com/?tmt_data=b3ad73fb-bca0-4a93-a354-288a93cc9bda&event_sid=ob3d71&type=lead&id=1915 - ANSWER - 
[2019/10/07 10:56:18] OK - http://p.trackmytarget.com/?tmt_data=a539ebaf-a494-46b6-9744-fbcf7edf684f&event_sid=4ah5bj&type=lead&id=1916 - ANSWER - 
[2019/10/07 11:56:18] OK - http://p.trackmytarget.com/?tmt_data=a15b0763-93e9-415f-a5df-c92bcfc2b8a1&event_sid=4ah5bj&type=lead&id=1917 - ANSWER - 
[2019/10/07 12:07:18] OK - http://p.trackmytarget.com/?tmt_data=2c4c64ee-e367-442f-b1f9-0c5247fb25cd&event_sid=4ah5bj&type=lead&id=1918 - ANSWER - 
[2019/10/07 12:21:18] OK - http://p.trackmytarget.com/?tmt_data=af519c3c-bd30-472a-bdb8-27a62b122bb9&event_sid=4ah5bj&type=lead&id=1919 - ANSWER - 
[2019/10/07 02:01:18] OK - http://p.trackmytarget.com/?tmt_data=22874773-816b-4393-88a6-f4ca1fe73bd7&event_sid=4ah5bj&type=lead&id=1920 - ANSWER - 
[2019/10/08 01:30:19] OK - http://p.trackmytarget.com/?tmt_data=4f147536-a3b8-4ab0-81df-6ce874b49132&event_sid=ob3d71&type=lead&id=1921 - ANSWER - 
[2019/10/08 03:37:19] OK - http://p.trackmytarget.com/?tmt_data=612e3724-7e25-4b0e-9171-2089a7ac234d&event_sid=ob3d71&type=lead&id=1922 - ANSWER - 
[2019/10/08 05:50:19] OK - http://p.trackmytarget.com/?tmt_data=eac62c27-f52b-4208-9394-6d4e0ec3877f&event_sid=4ah5bj&type=lead&id=1924 - ANSWER - 
[2019/10/08 07:26:19] OK - http://p.trackmytarget.com/?tmt_data=0d08f65b-37ec-4c6a-b88a-11e590bfe418&event_sid=ob3d71&type=lead&id=1925 - ANSWER - 
[2019/10/09 10:33:20] OK - http://p.trackmytarget.com/?tmt_data=a28bb461-f3da-498d-acc0-87f338c9c42c&event_sid=ob3d71&type=lead&id=1926 - ANSWER - 
[2019/10/09 12:21:20] OK - http://p.trackmytarget.com/?tmt_data=e1caa121-f5af-45b7-bb6f-9dc1f1cea9c7&event_sid=625w40&type=lead&id=1927 - ANSWER - 
[2019/10/09 12:57:19] OK - http://p.trackmytarget.com/?tmt_data=88a76412-42ce-4d70-84ae-b5ccb249252a&event_sid=ob3d71&type=lead&id=1929 - ANSWER - 
[2019/10/09 01:14:20] OK - http://p.trackmytarget.com/?tmt_data=a6d815a6-2f3f-415a-a9b4-9268936233a0&event_sid=4ah5bj&type=lead&id=1931 - ANSWER - 
[2019/10/09 04:27:20] OK - http://p.trackmytarget.com/?tmt_data=04a6e24f-1a66-4159-b276-613796132e66&event_sid=bnm2d1&type=lead&id=1934 - ANSWER - 
[2019/10/09 04:43:20] OK - http://p.trackmytarget.com/?tmt_data=400f7290-b5bf-4447-9f17-9f45cb5e2413&event_sid=4ah5bj&type=lead&id=1936 - ANSWER - 
[2019/10/09 05:58:20] OK - http://p.trackmytarget.com/?tmt_data=206887b7-f413-4240-a566-42ac1231fff1&event_sid=4ah5bj&type=lead&id=1938 - ANSWER - 
[2019/10/09 06:43:20] OK - http://p.trackmytarget.com/?tmt_data=d7da6ce9-4833-47e1-87dc-1830cea84300&event_sid=4ah5bj&type=lead&id=1939 - ANSWER - 
[2019/10/09 07:19:20] OK - http://p.trackmytarget.com/?tmt_data=62e32cc0-bbe1-438a-85de-283e67562b1b&event_sid=bnm2d1&type=lead&id=1942 - ANSWER - 
[2019/10/11 09:05:20] OK - http://p.trackmytarget.com/?tmt_data=1c19616d-c523-4853-8da3-e7d8b3725a98&event_sid=bnm2d1&type=lead&id=1948 - ANSWER - 
[2019/10/11 11:44:21] OK - http://p.trackmytarget.com/?tmt_data=4b8c123e-501e-4942-82aa-3fe7e03a1bb2&event_sid=ob3d71&type=lead&id=1956 - ANSWER - 
[2019/10/11 12:35:21] OK - http://p.trackmytarget.com/?tmt_data=bb8cd48b-1d95-4928-81ee-60d12ae33b22&event_sid=ob3d71&type=lead&id=1959 - ANSWER - 
[2019/10/11 02:50:21] OK - http://p.trackmytarget.com/?tmt_data=7439965e-728b-43b6-bedf-fc5d91a01d52&event_sid=4ah5bj&type=lead&id=1966 - ANSWER - 
[2019/10/11 03:33:20] OK - http://p.trackmytarget.com/?tmt_data=ed04969e-c954-4147-9877-2a4131633536&event_sid=ob3d71&type=lead&id=1968 - ANSWER - 
[2019/10/11 03:52:21] OK - http://p.trackmytarget.com/?tmt_data=8dbbe8ec-267a-4a58-ab15-4bd2b7729f40&event_sid=4ah5bj&type=lead&id=1969 - ANSWER - 
[2019/10/11 04:28:21] OK - http://p.trackmytarget.com/?tmt_data=057f63a6-f4bb-48d4-83bf-798dfcbe637f&event_sid=4ah5bj&type=lead&id=1970 - ANSWER - 
[2019/10/11 05:10:21] OK - http://p.trackmytarget.com/?tmt_data=07966580-df26-458c-b020-12205ba9e2db&event_sid=ob3d71&type=lead&id=1972 - ANSWER - 
[2019/10/11 06:32:21] OK - http://p.trackmytarget.com/?tmt_data=f9a24d92-9bec-4eaa-bea0-d08729c00acd&event_sid=ob3d71&type=lead&id=1977 - ANSWER - 
[2019/10/11 06:52:21] OK - http://p.trackmytarget.com/?tmt_data=ae8a8d5d-923e-436a-98a1-fbb543c798bb&event_sid=ob3d71&type=lead&id=1979 - ANSWER - 
[2019/10/12 12:41:21] OK - http://p.trackmytarget.com/?tmt_data=19f2ac4e-4cd9-44d8-adfd-d679fb54d107&event_sid=4ah5bj&type=lead&id=1985 - ANSWER - 
[2019/10/12 09:27:21] OK - http://p.trackmytarget.com/?tmt_data=85592936-999d-4ecd-bb56-c4890eea70d5&event_sid=4ah5bj&type=lead&id=1987 - ANSWER - 
[2019/10/12 10:14:21] OK - http://p.trackmytarget.com/?tmt_data=8162f4ca-b365-4141-859f-1f01c740b99f&event_sid=4ah5bj&type=lead&id=1988 - ANSWER - 
[2019/10/12 10:28:21] OK - http://p.trackmytarget.com/?tmt_data=5688cb5d-42f0-44be-84c4-d4b68b6939c3&event_sid=4ah5bj&type=lead&id=1989 - ANSWER - 
[2019/10/12 10:37:21] OK - http://p.trackmytarget.com/?tmt_data=96fdd7f2-d333-42b1-95e9-e2b9ad925211&event_sid=4ah5bj&type=lead&id=1990 - ANSWER - 
[2019/10/12 03:13:22] OK - http://p.trackmytarget.com/?tmt_data=378e3aa7-4c27-4a04-af55-af0e96196672&event_sid=4ah5bj&type=lead&id=1991 - ANSWER - 
[2019/10/12 06:17:22] OK - http://p.trackmytarget.com/?tmt_data=82bf1455-6648-40a9-a7b9-03561cafe9ef&event_sid=4ah5bj&type=lead&id=1992 - ANSWER - 
[2019/10/12 06:53:21] OK - http://p.trackmytarget.com/?tmt_data=042aa327-382b-4085-a7a6-254f98297863&event_sid=4ah5bj&type=lead&id=1993 - ANSWER - 
[2019/10/12 07:27:21] OK - http://p.trackmytarget.com/?tmt_data=fd30046d-1a16-404d-b576-a2ecabe62596&event_sid=ob3d71&type=lead&id=1994 - ANSWER - 
[2019/10/13 09:36:22] OK - http://p.trackmytarget.com/?tmt_data=9f7fcdea-36de-4d1d-bc4c-773d354d9ca5&event_sid=4ah5bj&type=lead&id=1995 - ANSWER - 
[2019/10/13 10:11:21] OK - http://p.trackmytarget.com/?tmt_data=4d92a631-b7c4-4b65-ba38-c7d8c7588da8&event_sid=4ah5bj&type=lead&id=1996 - ANSWER - 
[2019/10/13 12:21:22] OK - http://p.trackmytarget.com/?tmt_data=8fce5479-e787-4fa2-9166-7f24bf612702&event_sid=4ah5bj&type=lead&id=1997 - ANSWER - 
[2019/10/13 07:47:22] OK - http://p.trackmytarget.com/?tmt_data=a2e5195e-0a77-4959-8b31-65588bc89d3d&event_sid=4ah5bj&type=lead&id=1998 - ANSWER - 
[2019/10/13 07:47:26] OK - http://p.trackmytarget.com/?tmt_data=5b060ce2-0de6-4e02-acf6-fe01726463e2&event_sid=ob3d71&type=lead&id=1999 - ANSWER - 
[2019/10/14 10:48:22] OK - http://p.trackmytarget.com/?tmt_data=a8bff29e-b2ef-4183-a5be-4eea14d318e9&event_sid=bnm2d1&type=lead&id=2002 - ANSWER - 
[2019/10/14 03:09:22] OK - http://p.trackmytarget.com/?tmt_data=a9d799ae-c857-412a-9f55-b27d06181971&event_sid=4ah5bj&type=lead&id=2013 - ANSWER - 
[2019/10/14 03:35:22] OK - http://p.trackmytarget.com/?tmt_data=1ba09510-b178-4909-b1fd-d2680ca4e769&event_sid=4ah5bj&type=lead&id=2014 - ANSWER - 
[2019/10/14 03:45:22] OK - http://p.trackmytarget.com/?tmt_data=057f63a6-f4bb-48d4-83bf-798dfcbe637f&event_sid=4ah5bj&type=lead&id=2015 - ANSWER - 
[2019/10/14 04:22:22] OK - http://p.trackmytarget.com/?tmt_data=688402aa-b2a5-4ac9-bca7-95fae39f7676&event_sid=4ah5bj&type=lead&id=2019 - ANSWER - 
[2019/10/14 04:31:23] OK - http://p.trackmytarget.com/?tmt_data=8d288155-a914-4ac0-a93f-f388103b77f8&event_sid=ob3d71&type=lead&id=2020 - ANSWER - 
[2019/10/14 06:33:23] OK - http://p.trackmytarget.com/?tmt_data=c3f14d9a-55b9-44c9-ac6e-aedfc557f1d5&event_sid=ob3d71&type=lead&id=2024 - ANSWER - 
[2019/10/14 09:00:23] OK - http://p.trackmytarget.com/?tmt_data=fb9ebd1a-2ed7-4a31-9066-8a70db492a04&event_sid=ob3d71&type=lead&id=2033 - ANSWER - 
[2019/10/15 08:47:23] OK - http://p.trackmytarget.com/?tmt_data=2bfd1376-3d4e-447e-aefe-2e8cb83c51d7&event_sid=4ah5bj&type=lead&id=2039 - ANSWER - 
[2019/10/15 10:12:23] OK - http://p.trackmytarget.com/?tmt_data=fd4a168c-f53e-44d4-9c0e-1aba629ed99e&event_sid=ob3d71&type=lead&id=2040 - ANSWER - 
[2019/10/15 10:37:23] OK - http://p.trackmytarget.com/?tmt_data=4cdad15d-1017-438c-9bcd-d536f3ed0f25&event_sid=4ah5bj&type=lead&id=2041 - ANSWER - 
[2019/10/15 11:48:23] OK - http://p.trackmytarget.com/?tmt_data=806766e6-21d4-4353-8ec7-ed4fb278a3c0&event_sid=ob3d71&type=lead&id=2044 - ANSWER - 
[2019/10/15 12:06:23] OK - http://p.trackmytarget.com/?tmt_data=80dab9bc-a877-4246-8b82-7f66b8fe9f8e&event_sid=4ah5bj&type=lead&id=2045 - ANSWER - 
[2019/10/15 03:15:23] OK - http://p.trackmytarget.com/?tmt_data=8456ba36-e68c-4beb-8142-1dd8c1310873&event_sid=4ah5bj&type=lead&id=2050 - ANSWER - 
[2019/10/15 04:23:23] OK - http://p.trackmytarget.com/?tmt_data=31fbfbb4-9f78-4edb-8e2b-d8d85c50013a&event_sid=4ah5bj&type=lead&id=2053 - ANSWER - 
[2019/10/15 06:14:23] OK - http://p.trackmytarget.com/?tmt_data=057f63a6-f4bb-48d4-83bf-798dfcbe637f&event_sid=bnm2d1&type=lead&id=2055 - ANSWER - 
[2019/10/15 06:24:23] OK - http://p.trackmytarget.com/?tmt_data=5c1db588-a8bb-4019-a854-00fba36c518b&event_sid=bnm2d1&type=lead&id=2057 - ANSWER - 
[2019/10/15 07:38:23] OK - http://p.trackmytarget.com/?tmt_data=208f4105-ce34-4e54-913d-1be58f4d56b6&event_sid=bnm2d1&type=lead&id=2060 - ANSWER - 
[2019/10/15 07:40:23] OK - http://p.trackmytarget.com/?tmt_data=34c99a47-6374-407d-bb55-336f29e9bc88&event_sid=bnm2d1&type=lead&id=2061 - ANSWER - 
[2019/10/16 09:32:23] OK - http://p.trackmytarget.com/?tmt_data=2725edac-9c3a-48bd-b746-64ceb480e3d5&event_sid=4ah5bj&type=lead&id=2065 - ANSWER - 
[2019/10/16 12:20:23] OK - http://p.trackmytarget.com/?tmt_data=aab4ad52-e760-4c45-9ea7-0a0e51e5cd5a&event_sid=4ah5bj&type=lead&id=2068 - ANSWER - 
[2019/10/16 12:22:24] OK - http://p.trackmytarget.com/?tmt_data=b9297431-78cd-4b9a-aa61-1fa85f30edd7&event_sid=4ah5bj&type=lead&id=2069 - ANSWER - 
[2019/10/16 01:00:23] OK - http://p.trackmytarget.com/?tmt_data=3bdd275f-3dd7-48e2-a4fb-acc958ee2b0d&event_sid=ob3d71&type=lead&id=2070 - ANSWER - 
[2019/10/16 01:42:24] OK - http://p.trackmytarget.com/?tmt_data=2d74d16e-1489-412a-9406-890ef0330616&event_sid=ob3d71&type=lead&id=2071 - ANSWER - 
[2019/10/16 04:10:23] OK - http://p.trackmytarget.com/?tmt_data=f3f2299a-ac69-4237-8264-d016c1f4be4d&event_sid=4ah5bj&type=lead&id=2074 - ANSWER - 
[2019/10/16 08:21:24] OK - http://p.trackmytarget.com/?tmt_data=38f95d17-ec61-43f5-afed-7b3818e74bce&event_sid=4ah5bj&type=lead&id=2082 - ANSWER - 
[2019/10/16 09:24:23] OK - http://p.trackmytarget.com/?tmt_data=972da7ac-f848-4283-8519-21f80d60edfe&event_sid=4ah5bj&type=lead&id=2083 - ANSWER - 
[2019/10/16 11:03:24] OK - http://p.trackmytarget.com/?tmt_data=1213be7a-b23f-4014-8fe5-11bcbd4d96bd&event_sid=4ah5bj&type=lead&id=2085 - ANSWER - 
[2019/10/17 01:12:24] OK - http://p.trackmytarget.com/?tmt_data=b9011428-6925-4703-b9ec-58ccf2ceae66&event_sid=4ah5bj&type=lead&id=2087 - ANSWER - 
[2019/10/17 01:50:24] OK - http://p.trackmytarget.com/?tmt_data=66e3f143-0bc0-40a4-9e47-b3db281648a9&event_sid=ob3d71&type=lead&id=2088 - ANSWER - 
[2019/10/17 02:40:24] OK - http://p.trackmytarget.com/?tmt_data=b9d8e032-af6e-4108-b2f5-653a79ad5e2f&event_sid=4ah5bj&type=lead&id=2091 - ANSWER - 
[2019/10/17 02:52:24] OK - http://p.trackmytarget.com/?tmt_data=6dae6a84-4965-4cd5-8f9a-10d490b3bac5&event_sid=ob3d71&type=lead&id=2094 - ANSWER - 
[2019/10/17 04:13:24] OK - http://p.trackmytarget.com/?tmt_data=eae7bc8e-9f32-41c0-81c1-565ae9222246&event_sid=4ah5bj&type=lead&id=2098 - ANSWER - 
[2019/10/17 05:04:24] OK - http://p.trackmytarget.com/?tmt_data=af1e45e6-76d2-4064-9aaa-fcc487df0d0f&event_sid=4ah5bj&type=lead&id=2100 - ANSWER - 
[2019/10/17 05:36:24] OK - http://p.trackmytarget.com/?tmt_data=250d4c87-74a5-4354-9e92-704952fcf84d&event_sid=4ah5bj&type=lead&id=2102 - ANSWER - 
[2019/10/17 07:02:25] OK - http://p.trackmytarget.com/?tmt_data=4a66386d-a01e-4c49-b119-83058b47c9d2&event_sid=4ah5bj&type=lead&id=2105 - ANSWER - 
[2019/10/18 12:36:24] OK - http://p.trackmytarget.com/?tmt_data=cb7e7bc9-3483-4ad3-a455-f2e80109c70e&event_sid=4ah5bj&type=lead&id=2114 - ANSWER - 
[2019/10/18 10:06:25] OK - http://p.trackmytarget.com/?tmt_data=93eaa8ba-891d-475e-b0a2-2efebd64681d&event_sid=tvwr7o&type=lead&id=2115 - ANSWER - 
[2019/10/18 10:26:26] OK - http://p.trackmytarget.com/?tmt_data=f340c256-9982-4608-8296-4f19849a7614&event_sid=4ah5bj&type=lead&id=2117 - ANSWER - 
[2019/10/18 10:48:25] OK - http://p.trackmytarget.com/?tmt_data=fbb9a3f8-fcef-42eb-8ac5-ab04bacc278b&event_sid=4ah5bj&type=lead&id=2120 - ANSWER - 
[2019/10/18 11:11:25] OK - http://p.trackmytarget.com/?tmt_data=4cd3ac6f-d72e-4944-bc24-d7dec231668d&event_sid=ob3d71&type=lead&id=2121 - ANSWER - 
[2019/10/18 12:04:24] OK - http://p.trackmytarget.com/?tmt_data=9da9eccd-274c-4b32-9972-dcd7991da443&event_sid=4ah5bj&type=lead&id=2122 - ANSWER - 
[2019/10/18 12:26:25] OK - http://p.trackmytarget.com/?tmt_data=1a7ca473-b114-463d-8e9e-43afa97460e7&event_sid=4ah5bj&type=lead&id=2123 - ANSWER - 
[2019/10/18 01:26:25] OK - http://p.trackmytarget.com/?tmt_data=9adb1dc0-f070-4df1-889d-07dbad43de72&event_sid=4ah5bj&type=lead&id=2124 - ANSWER - 
[2019/10/18 01:40:25] OK - http://p.trackmytarget.com/?tmt_data=3009866f-cb53-4721-813f-71cff0a2052a&event_sid=4ah5bj&type=lead&id=2126 - ANSWER - 
[2019/10/18 04:55:25] OK - http://p.trackmytarget.com/?tmt_data=d9fe61ad-6ae1-4221-82aa-c300b80d20ba&event_sid=4ah5bj&type=lead&id=2130 - ANSWER - 
[2019/10/18 10:26:25] OK - http://p.trackmytarget.com/?tmt_data=64f079c4-c6ea-4023-8d9f-0d850bc15c7b&event_sid=4ah5bj&type=lead&id=2133 - ANSWER - 
[2019/10/19 02:24:25] OK - http://p.trackmytarget.com/?tmt_data=fc71e66e-66d7-4f98-926d-287d9ce398bf&event_sid=ob3d71&type=lead&id=2134 - ANSWER - 
[2019/10/19 03:06:25] OK - http://p.trackmytarget.com/?tmt_data=1d38180c-6221-4eac-ba00-ed6fbed8cb69&event_sid=4ah5bj&type=lead&id=2135 - ANSWER - 
[2019/10/19 05:32:25] OK - http://p.trackmytarget.com/?tmt_data=be117b9f-33e9-4f72-99ca-9db9f016e57e&event_sid=ob3d71&type=lead&id=2136 - ANSWER - 
[2019/10/19 06:12:25] OK - http://p.trackmytarget.com/?tmt_data=8a351f6a-6928-4827-8227-21ccb675a0fb&event_sid=4ah5bj&type=lead&id=2138 - ANSWER - 
[2019/10/19 06:13:25] OK - http://p.trackmytarget.com/?tmt_data=17054d9b-737f-4e9a-8811-d7db896a423f&event_sid=4ah5bj&type=lead&id=2139 - ANSWER - 
[2019/10/21 10:23:27] OK - http://p.trackmytarget.com/?tmt_data=d3c43472-c876-4e1e-94c9-2daf4577bbe0&event_sid=ob3d71&type=lead&id=2141 - ANSWER - 
[2019/10/21 10:52:27] OK - http://p.trackmytarget.com/?tmt_data=9acd31c7-612f-4a98-bab3-b91634e9157c&event_sid=bnm2d1&type=lead&id=2143 - ANSWER - 
[2019/10/21 11:36:26] OK - http://p.trackmytarget.com/?tmt_data=a3c1b6fd-34d9-4199-8870-093bdaae4da4&event_sid=4ah5bj&type=lead&id=2144 - ANSWER - 
[2019/10/21 11:48:26] OK - http://p.trackmytarget.com/?tmt_data=42034f2a-2019-4ebc-a576-74454927433e&event_sid=4ah5bj&type=lead&id=2145 - ANSWER - 
[2019/10/21 12:01:26] OK - http://p.trackmytarget.com/?tmt_data=125241d4-b842-46be-b6f6-1b72f7053f76&event_sid=4ah5bj&type=lead&id=2146 - ANSWER - 
[2019/10/21 12:04:26] OK - http://p.trackmytarget.com/?tmt_data=f3c1c3bb-db9b-4516-9caa-f229b24ab38e&event_sid=4ah5bj&type=lead&id=2147 - ANSWER - 
[2019/10/21 02:06:26] OK - http://p.trackmytarget.com/?tmt_data=9dd1215b-b96d-4b8b-8517-78978c4d764d&event_sid=4ah5bj&type=lead&id=2148 - ANSWER - 
[2019/10/21 03:23:27] OK - http://p.trackmytarget.com/?tmt_data=1cc4ab44-fe90-4243-8668-c996b260fdc9&event_sid=ob3d71&type=lead&id=2150 - ANSWER - 
[2019/10/21 07:12:27] OK - http://p.trackmytarget.com/?tmt_data=6ef418e5-6a61-4823-ad61-c225513a357b&event_sid=ob3d71&type=lead&id=2154 - ANSWER - 
[2019/10/21 07:35:26] OK - http://p.trackmytarget.com/?tmt_data=18a09aeb-296f-4a24-8609-c05112022e28&event_sid=bnm2d1&type=lead&id=2155 - ANSWER - 
[2019/10/22 08:31:27] OK - http://p.trackmytarget.com/?tmt_data=6002c4a2-c3e5-4600-ba3a-6a8cd832db14&event_sid=4ah5bj&type=lead&id=2157 - ANSWER - 
[2019/10/22 10:14:27] OK - http://p.trackmytarget.com/?tmt_data=19e893ce-2f8e-4680-b29d-326c0912a4ff&event_sid=4ah5bj&type=lead&id=2160 - ANSWER - 
[2019/10/22 11:45:28] OK - http://p.trackmytarget.com/?tmt_data=9b5ee747-bc34-4ca3-8c83-b0d7d725c448&event_sid=ob3d71&type=lead&id=2165 - ANSWER - 
[2019/10/22 02:11:28] OK - http://p.trackmytarget.com/?tmt_data=e54c4b7e-6e5c-42f7-8c9c-722fcf17f8d3&event_sid=4ah5bj&type=lead&id=2169 - ANSWER - 
[2019/10/22 03:20:28] OK - http://p.trackmytarget.com/?tmt_data=7b5aae44-4bb8-48da-9b13-d218d6267950&event_sid=4ah5bj&type=lead&id=2170 - ANSWER - 
[2019/10/22 05:31:27] OK - http://p.trackmytarget.com/?tmt_data=2d8b76c7-a65c-430f-bc78-861427a828e7&event_sid=4ah5bj&type=lead&id=2176 - ANSWER - 
[2019/10/22 06:27:27] OK - http://p.trackmytarget.com/?tmt_data=0c873acb-a26f-4569-97a6-a9d002da320a&event_sid=4ah5bj&type=lead&id=2177 - ANSWER - 
[2019/10/22 07:53:27] OK - http://p.trackmytarget.com/?tmt_data=77b0da36-c4bf-4ec8-aac3-fffb20d1cc8a&event_sid=4ah5bj&type=lead&id=2179 - ANSWER - 
[2019/10/22 08:09:28] OK - http://p.trackmytarget.com/?tmt_data=77b0da36-c4bf-4ec8-aac3-fffb20d1cc8a&event_sid=4ah5bj&type=lead&id=2180 - ANSWER - 
[2019/10/22 08:43:26] OK - http://p.trackmytarget.com/?tmt_data=77b0da36-c4bf-4ec8-aac3-fffb20d1cc8a&event_sid=4ah5bj&type=lead&id=2181 - ANSWER - 
[2019/10/22 09:09:27] OK - http://p.trackmytarget.com/?tmt_data=b3ca4b5f-b2b4-477a-baba-6a78588b9cf9&event_sid=4ah5bj&type=lead&id=2182 - ANSWER - 
[2019/10/22 10:38:27] OK - http://p.trackmytarget.com/?tmt_data=41293e33-606a-46e3-adec-dd06855b2abf&event_sid=4ah5bj&type=lead&id=2183 - ANSWER - 
[2019/10/22 11:07:26] OK - http://p.trackmytarget.com/?tmt_data=e69381b6-d241-4d77-a647-07e855493aeb&event_sid=4ah5bj&type=lead&id=2186 - ANSWER - 
[2019/10/22 11:10:27] OK - http://p.trackmytarget.com/?tmt_data=e69381b6-d241-4d77-a647-07e855493aeb&event_sid=ob3d71&type=lead&id=2187 - ANSWER - 
[2019/10/23 09:36:27] OK - http://p.trackmytarget.com/?tmt_data=3067994e-a230-42aa-adfb-f7bb17759786&event_sid=4ah5bj&type=lead&id=2188 - ANSWER - 
[2019/10/23 11:22:28] OK - http://p.trackmytarget.com/?tmt_data=614df321-2ccd-441d-a8e1-907608941447&event_sid=bnm2d1&type=lead&id=2191 - ANSWER - 
[2019/10/23 12:04:28] OK - http://p.trackmytarget.com/?tmt_data=6bdbccfc-e004-4aec-acd6-412e2395b534&event_sid=625w40&type=lead&id=2195 - ANSWER - 
[2019/10/23 12:08:27] OK - http://p.trackmytarget.com/?tmt_data=2bed9487-9b37-4689-a53f-5a5bc6a45ae5&event_sid=bnm2d1&type=lead&id=2197 - ANSWER - 
[2019/10/23 12:23:26] OK - http://p.trackmytarget.com/?tmt_data=660803c4-4f3b-497a-8eaa-0af52357bc5d&event_sid=4ah5bj&type=lead&id=2198 - ANSWER - 
[2019/10/23 01:14:28] OK - http://p.trackmytarget.com/?tmt_data=0fc58d5c-683e-46be-a2c7-70f8d0dc26a3&event_sid=ob3d71&type=lead&id=2199 - ANSWER - 
[2019/10/23 04:55:28] OK - http://p.trackmytarget.com/?tmt_data=5ac1b6a1-db17-4eaf-bca9-4a48bfe25262&event_sid=4ah5bj&type=lead&id=2208 - ANSWER - 
[2019/10/23 06:47:26] OK - http://p.trackmytarget.com/?tmt_data=255711a7-93cc-4dd4-aa78-df7e60bcd8f2&event_sid=4ah5bj&type=lead&id=2211 - ANSWER - 
[2019/10/23 09:00:28] OK - http://p.trackmytarget.com/?tmt_data=fa5dafb2-ae2d-49e1-bae2-d4f23d9a35a5&event_sid=4ah5bj&type=lead&id=2217 - ANSWER - 
[2019/10/23 11:39:27] OK - http://p.trackmytarget.com/?tmt_data=75913c20-6595-4f35-bc0b-4de819acd55c&event_sid=bnm2d1&type=lead&id=2220 - ANSWER - 
[2019/10/24 12:11:29] OK - http://p.trackmytarget.com/?tmt_data=1a7ca473-b114-463d-8e9e-43afa97460e7&event_sid=4ah5bj&type=lead&id=2224 - ANSWER - 
[2019/10/24 12:59:27] OK - http://p.trackmytarget.com/?tmt_data=e701f6f3-f9be-4171-b203-0a9d538373d4&event_sid=4ah5bj&type=lead&id=2225 - ANSWER - 
[2019/10/24 02:26:28] OK - http://p.trackmytarget.com/?tmt_data=92ee81ce-f814-4af7-acc2-39052ac27e86&event_sid=ob3d71&type=lead&id=2229 - ANSWER - 
[2019/10/24 02:43:28] OK - http://p.trackmytarget.com/?tmt_data=cf3ca7e6-d4d5-4bbb-b48e-b1038477fd07&event_sid=ob3d71&type=lead&id=2230 - ANSWER - 
[2019/10/24 07:49:28] OK - http://p.trackmytarget.com/?tmt_data=b3d60846-f981-4e3d-829b-a8269f57761f&event_sid=4ah5bj&type=lead&id=2232 - ANSWER - 
[2019/10/24 09:05:28] OK - http://p.trackmytarget.com/?tmt_data=ba3d65c0-a665-48c6-89e4-71376b2def72&event_sid=4ah5bj&type=lead&id=2234 - ANSWER - 
[2019/10/24 09:27:28] OK - http://p.trackmytarget.com/?tmt_data=b3d60846-f981-4e3d-829b-a8269f57761f&event_sid=4ah5bj&type=lead&id=2235 - ANSWER - 
[2019/10/25 09:35:28] OK - http://p.trackmytarget.com/?tmt_data=0dcc0a67-76b9-4cbf-8690-ce15a24ed53a&event_sid=4ah5bj&type=lead&id=2236 - ANSWER - 
[2019/10/25 11:02:29] OK - http://p.trackmytarget.com/?tmt_data=bb2aefbe-929e-4e2c-a274-edd67cbc73d8&event_sid=bnm2d1&type=lead&id=2237 - ANSWER - 
[2019/10/25 02:51:28] OK - http://p.trackmytarget.com/?tmt_data=a807e12b-822f-40c4-92a1-300343982dc6&event_sid=ob3d71&type=lead&id=2239 - ANSWER - 
[2019/10/25 04:55:28] OK - http://p.trackmytarget.com/?tmt_data=d4965576-92b5-42a8-964f-9bde01bf2caa&event_sid=ob3d71&type=lead&id=2241 - ANSWER - 
[2019/10/25 05:13:28] OK - http://p.trackmytarget.com/?tmt_data=b89e1e19-9a44-4c39-a6ce-a8920ff88e14&event_sid=625w40&type=lead&id=2242 - ANSWER - 
[2019/10/25 07:42:27] OK - http://p.trackmytarget.com/?tmt_data=64f079c4-c6ea-4023-8d9f-0d850bc15c7b&event_sid=4ah5bj&type=lead&id=2243 - ANSWER - 
[2019/10/25 07:57:29] OK - http://p.trackmytarget.com/?tmt_data=b1359a4d-e278-4758-a126-9d4c237aa9e9&event_sid=bnm2d1&type=lead&id=2244 - ANSWER - 
[2019/10/25 08:05:29] OK - http://p.trackmytarget.com/?tmt_data=d4ade56e-7d51-49ca-b3b6-d4bbac3be02e&event_sid=ob3d71&type=lead&id=2245 - ANSWER - 
[2019/10/26 04:31:28] OK - http://p.trackmytarget.com/?tmt_data=48128248-2f38-4658-bc59-63429632672d&event_sid=4ah5bj&type=lead&id=2248 - ANSWER - 
[2019/10/26 06:57:29] OK - http://p.trackmytarget.com/?tmt_data=a8d66fc2-1962-4acd-aca0-91c687a16761&event_sid=ob3d71&type=lead&id=2249 - ANSWER - 
[2019/10/26 07:02:28] OK - http://p.trackmytarget.com/?tmt_data=a8d66fc2-1962-4acd-aca0-91c687a16761&event_sid=4ah5bj&type=lead&id=2250 - ANSWER - 
[2019/10/26 08:32:27] OK - http://p.trackmytarget.com/?tmt_data=a2e5195e-0a77-4959-8b31-65588bc89d3d&event_sid=4ah5bj&type=lead&id=2251 - ANSWER - 
[2019/10/27 01:55:30] OK - http://p.trackmytarget.com/?tmt_data=cc7570c7-c018-4c9a-970b-4844348e2648&event_sid=bnm2d1&type=lead&id=2252 - ANSWER - 
[2019/10/27 02:13:29] OK - http://p.trackmytarget.com/?tmt_data=c3107386-d9c5-4429-ba59-855c8fbfd1b9&event_sid=4ah5bj&type=lead&id=2253 - ANSWER - 
[2019/10/27 03:37:29] OK - http://p.trackmytarget.com/?tmt_data=c7dd6f14-d697-4c4f-bd57-25b78b6aaf8b&event_sid=4ah5bj&type=lead&id=2256 - ANSWER - 
[2019/10/27 03:54:29] OK - http://p.trackmytarget.com/?tmt_data=9687db39-3ca4-49b3-a1ac-7d4e08c8bfee&event_sid=ob3d71&type=lead&id=2257 - ANSWER - 
[2019/10/27 05:43:28] OK - http://p.trackmytarget.com/?tmt_data=ffafcd1f-0921-4e3f-8ec8-c0c68c55bf07&event_sid=ob3d71&type=lead&id=2258 - ANSWER - 
[2019/10/27 06:02:29] OK - http://p.trackmytarget.com/?tmt_data=f589ab9c-0108-4506-b166-7cb67a316370&event_sid=4ah5bj&type=lead&id=2259 - ANSWER - 
[2019/10/27 07:57:29] OK - http://p.trackmytarget.com/?tmt_data=06ea59d9-db8c-414a-bd6d-87cafd25f42a&event_sid=bnm2d1&type=lead&id=2261 - ANSWER - 
[2019/10/27 09:30:28] OK - http://p.trackmytarget.com/?tmt_data=42594c41-714b-4b3b-9e93-850849b70bf6&event_sid=4ah5bj&type=lead&id=2262 - ANSWER - 
[2019/10/27 10:10:28] OK - http://p.trackmytarget.com/?tmt_data=61c2fe0a-7037-439a-aec8-60721571571e&event_sid=4ah5bj&type=lead&id=2264 - ANSWER - 
[2019/10/28 10:19:29] OK - http://p.trackmytarget.com/?tmt_data=29a65ee6-ef97-4781-aa23-c6ac90657be0&event_sid=4ah5bj&type=lead&id=2265 - ANSWER - 
[2019/10/28 10:29:29] OK - http://p.trackmytarget.com/?tmt_data=4b76ab4e-4da4-4e50-a28b-6d5f45d3e3f0&event_sid=tvwr7o&type=lead&id=2267 - ANSWER - 
[2019/10/28 11:34:29] OK - http://p.trackmytarget.com/?tmt_data=fd30046d-1a16-404d-b576-a2ecabe62596&event_sid=625w40&type=lead&id=2268 - ANSWER - 
[2019/10/28 11:37:30] OK - http://p.trackmytarget.com/?tmt_data=fd30046d-1a16-404d-b576-a2ecabe62596&event_sid=bnm2d1&type=lead&id=2269 - ANSWER - 
[2019/10/28 12:34:30] OK - http://p.trackmytarget.com/?tmt_data=223539a6-a2c5-41fa-b4ef-7a94c4e51252&event_sid=bnm2d1&type=lead&id=2270 - ANSWER - 
[2019/10/28 01:11:30] OK - http://p.trackmytarget.com/?tmt_data=be2b5f52-2adb-462f-b056-914e076e6593&event_sid=4ah5bj&type=lead&id=2271 - ANSWER - 
[2019/10/28 01:36:30] OK - http://p.trackmytarget.com/?tmt_data=bd7ebad2-9489-4406-9989-0392a01ce63c&event_sid=4ah5bj&type=lead&id=2272 - ANSWER - 
[2019/10/28 01:54:30] OK - http://p.trackmytarget.com/?tmt_data=61c2fe0a-7037-439a-aec8-60721571571e&event_sid=4ah5bj&type=lead&id=2273 - ANSWER - 
[2019/10/28 02:14:29] OK - http://p.trackmytarget.com/?tmt_data=604c015b-23ca-4fd3-851b-1a78ffab410b&event_sid=4ah5bj&type=lead&id=2274 - ANSWER - 
[2019/10/28 02:18:29] OK - http://p.trackmytarget.com/?tmt_data=897933ca-7668-4732-b9ce-b80fc5077bba&event_sid=bnm2d1&type=lead&id=2275 - ANSWER - 
[2019/10/28 03:34:29] OK - http://p.trackmytarget.com/?tmt_data=30879e97-d282-464b-8da8-6fe4ca9f6d18&event_sid=4ah5bj&type=lead&id=2277 - ANSWER - 
[2019/10/28 03:47:30] OK - http://p.trackmytarget.com/?tmt_data=7fa6ab7c-0676-4f03-9510-b52de05a9428&event_sid=4ah5bj&type=lead&id=2278 - ANSWER - 
[2019/10/28 03:53:30] OK - http://p.trackmytarget.com/?tmt_data=d2c3ff71-34c5-4f1f-b5cc-060eec339b2e&event_sid=4ah5bj&type=lead&id=2279 - ANSWER - 
[2019/10/28 04:02:30] OK - http://p.trackmytarget.com/?tmt_data=004d0da3-cc96-45b4-958c-fa87564a72ea&event_sid=4ah5bj&type=lead&id=2280 - ANSWER - 
[2019/10/28 04:58:30] OK - http://p.trackmytarget.com/?tmt_data=c44441ca-1bfe-4cc2-99cc-114edb30013f&event_sid=4ah5bj&type=lead&id=2281 - ANSWER - 
[2019/10/28 06:35:30] OK - http://p.trackmytarget.com/?tmt_data=0c98ed81-b4b2-4d8c-a63c-373ebcd9bd86&event_sid=4ah5bj&type=lead&id=2282 - ANSWER - 
[2019/10/29 03:50:31] OK - http://p.trackmytarget.com/?tmt_data=67829e62-191b-4c0d-8734-64201a82aa49&event_sid=625w40&type=lead&id=2290 - ANSWER - 
[2019/10/29 04:33:30] OK - http://p.trackmytarget.com/?tmt_data=6ca5a563-baaf-4013-bbe6-57c3586c1391&event_sid=4ah5bj&type=lead&id=2291 - ANSWER - 
[2019/10/29 04:52:31] OK - http://p.trackmytarget.com/?tmt_data=8203fa92-25a3-4a20-abb0-b1409d55b65b&event_sid=4ah5bj&type=lead&id=2292 - ANSWER - 
[2019/10/29 05:57:31] OK - http://p.trackmytarget.com/?tmt_data=0f761e82-b523-43a7-93f4-a6777dadd6ca&event_sid=ob3d71&type=lead&id=2293 - ANSWER - 
[2019/10/30 10:55:31] OK - http://p.trackmytarget.com/?tmt_data=04a6e24f-1a66-4159-b276-613796132e66&event_sid=bnm2d1&type=lead&id=2294 - ANSWER - 
[2019/10/30 11:57:31] OK - http://p.trackmytarget.com/?tmt_data=8f35e9bd-d24a-456b-9eca-16c6d2813f9e&event_sid=4ah5bj&type=lead&id=2295 - ANSWER - 
[2019/10/30 01:09:31] OK - http://p.trackmytarget.com/?tmt_data=783fdf16-c250-4e89-83d1-962cf01909d0&event_sid=bnm2d1&type=lead&id=2296 - ANSWER - 
[2019/10/30 01:59:32] OK - http://p.trackmytarget.com/?tmt_data=e09c5327-e4e1-41f2-bfa2-fab8a2e6700b&event_sid=4ah5bj&type=lead&id=2299 - ANSWER - 
[2019/10/30 02:00:32] OK - http://p.trackmytarget.com/?tmt_data=fdb44cc7-d3e7-4f0f-be00-559f31371fac&event_sid=bnm2d1&type=lead&id=2301 - ANSWER - 
[2019/10/30 02:22:32] OK - http://p.trackmytarget.com/?tmt_data=e09c5327-e4e1-41f2-bfa2-fab8a2e6700b&event_sid=4ah5bj&type=lead&id=2302 - ANSWER - 
[2019/10/30 02:26:32] OK - http://p.trackmytarget.com/?tmt_data=595067c0-56a9-4d8a-8221-b0e5b67c8320&event_sid=4ah5bj&type=lead&id=2304 - ANSWER - 
[2019/10/30 02:55:31] OK - http://p.trackmytarget.com/?tmt_data=1a2443b1-c5db-4103-bb28-c3842f4e584d&event_sid=ob3d71&type=lead&id=2306 - ANSWER - 
[2019/10/30 03:12:31] OK - http://p.trackmytarget.com/?tmt_data=684fcb37-97a3-452e-85f8-236824542c8b&event_sid=4ah5bj&type=lead&id=2307 - ANSWER - 
[2019/10/30 03:21:31] OK - http://p.trackmytarget.com/?tmt_data=9b9c3647-4c17-49eb-af50-a5d32052ac7b&event_sid=ob3d71&type=lead&id=2308 - ANSWER - 
[2019/10/30 03:56:31] OK - http://p.trackmytarget.com/?tmt_data=04432c8e-9dd4-4229-8ddb-f333d2a5b8d5&event_sid=ob3d71&type=lead&id=2309 - ANSWER - 
[2019/10/30 08:13:32] OK - http://p.trackmytarget.com/?tmt_data=b8d7a081-cede-43e9-ab12-af4f4ad1e280&event_sid=4ah5bj&type=lead&id=2311 - ANSWER - 
[2019/10/31 01:47:32] OK - http://p.trackmytarget.com/?tmt_data=c29cb8da-3430-425f-8c99-98130fa129d7&event_sid=ob3d71&type=lead&id=2312 - ANSWER - 
[2019/10/31 03:05:31] OK - http://p.trackmytarget.com/?tmt_data=a15b273c-504d-404a-9b03-e2270af54a1f&event_sid=ob3d71&type=lead&id=2313 - ANSWER - 
[2019/10/31 09:01:32] OK - http://p.trackmytarget.com/?tmt_data=92c25393-21d5-4ca3-9494-ff1884aa9325&event_sid=4ah5bj&type=lead&id=2314 - ANSWER - 
[2019/10/31 12:46:32] OK - http://p.trackmytarget.com/?tmt_data=9a15da12-b432-4b14-9aa8-d8ae71edb589&event_sid=4ah5bj&type=lead&id=2320 - ANSWER - 
[2019/10/31 02:02:32] OK - http://p.trackmytarget.com/?tmt_data=2e1176e3-cbdd-4425-9110-8ea60a174852&event_sid=4ah5bj&type=lead&id=2321 - ANSWER - 
[2019/10/31 06:29:32] OK - http://p.trackmytarget.com/?tmt_data=4aa8ca40-9ab5-4c88-9956-b93f19135f20&event_sid=4ah5bj&type=lead&id=2324 - ANSWER - 
[2019/10/31 06:32:32] OK - http://p.trackmytarget.com/?tmt_data=fe196bc5-24a0-4ec9-815f-b93aad4c8d47&event_sid=4ah5bj&type=lead&id=2325 - ANSWER - 
[2019/10/31 07:52:32] OK - http://p.trackmytarget.com/?tmt_data=b3bead6e-7161-4b69-9a8f-9e440ea949ab&event_sid=ob3d71&type=lead&id=2326 - ANSWER - 
[2019/10/31 07:54:32] OK - http://p.trackmytarget.com/?tmt_data=b3bead6e-7161-4b69-9a8f-9e440ea949ab&event_sid=4ah5bj&type=lead&id=2327 - ANSWER - 
[2019/10/31 07:57:32] OK - http://p.trackmytarget.com/?tmt_data=b3bead6e-7161-4b69-9a8f-9e440ea949ab&event_sid=4ah5bj&type=lead&id=2328 - ANSWER - 
[2019/10/31 09:22:32] OK - http://p.trackmytarget.com/?tmt_data=35f64d8c-35c1-46fe-b262-41f3b40f08e0&event_sid=ob3d71&type=lead&id=2329 - ANSWER - 
[2019/10/31 09:42:32] OK - http://p.trackmytarget.com/?tmt_data=d0daad65-f7a6-4a24-a0d9-bf31a665f0f9&event_sid=4ah5bj&type=lead&id=2330 - ANSWER - 
[2019/10/31 09:58:32] OK - http://p.trackmytarget.com/?tmt_data=88e7ea5d-0952-4a2c-9114-70f42fe6852a&event_sid=ob3d71&type=lead&id=2331 - ANSWER - 
[2019/11/01 11:46:33] OK - http://p.trackmytarget.com/?tmt_data=9620d3ac-1158-44ba-80e3-8befeb8a63dc&event_sid=4ah5bj&type=lead&id=2333 - ANSWER - 
[2019/11/01 12:06:32] OK - http://p.trackmytarget.com/?tmt_data=759dca40-80b2-44d7-828b-ea46971fd02b&event_sid=ob3d71&type=lead&id=2334 - ANSWER - 
[2019/11/01 12:27:33] OK - http://p.trackmytarget.com/?tmt_data=8db767d8-27ad-4227-9ad1-bbe65eed39f7&event_sid=4ah5bj&type=lead&id=2335 - ANSWER - 
[2019/11/01 02:22:32] OK - http://p.trackmytarget.com/?tmt_data=da5a8762-45ec-4848-a748-fe6c11c0d24c&event_sid=ob3d71&type=lead&id=2336 - ANSWER - 
[2019/11/01 02:46:33] OK - http://p.trackmytarget.com/?tmt_data=db9edefd-2faf-4aba-bb7a-3b1f0ab0c304&event_sid=4ah5bj&type=lead&id=2337 - ANSWER - 
[2019/11/01 07:50:33] OK - http://p.trackmytarget.com/?tmt_data=a3c376cd-6976-4296-820b-f2871b3767c7&event_sid=bnm2d1&type=lead&id=2341 - ANSWER - 
[2019/11/01 11:26:33] OK - http://p.trackmytarget.com/?tmt_data=6ef418e5-6a61-4823-ad61-c225513a357b&event_sid=ob3d71&type=lead&id=2342 - ANSWER - 
[2019/11/01 11:36:32] OK - http://p.trackmytarget.com/?tmt_data=7506d83f-8dbb-4ad0-bfb3-53a7f5b1d4b8&event_sid=4ah5bj&type=lead&id=2343 - ANSWER - 
[2019/11/02 08:09:33] OK - http://p.trackmytarget.com/?tmt_data=4d2ffed5-db9e-43a6-8d56-a9225d11e4e0&event_sid=ob3d71&type=lead&id=2348 - ANSWER - 
[2019/11/02 10:53:34] OK - http://p.trackmytarget.com/?tmt_data=94a83d8f-7613-408b-be1f-3b8c39c692f6&event_sid=4ah5bj&type=lead&id=2350 - ANSWER - 
[2019/11/02 11:02:34] OK - http://p.trackmytarget.com/?tmt_data=7506d83f-8dbb-4ad0-bfb3-53a7f5b1d4b8&event_sid=4ah5bj&type=lead&id=2352 - ANSWER - 
[2019/11/02 12:41:34] OK - http://p.trackmytarget.com/?tmt_data=4a3f0556-644e-4a0d-9798-07d73cb35718&event_sid=4ah5bj&type=lead&id=2353 - ANSWER - 
[2019/11/02 02:46:34] OK - http://p.trackmytarget.com/?tmt_data=a28f3182-6e71-487e-bd23-2575ac1c8836&event_sid=ob3d71&type=lead&id=2357 - ANSWER - 
[2019/11/02 04:31:33] OK - http://p.trackmytarget.com/?tmt_data=cae5a9cb-a768-408e-aafa-afe15fd31b95&event_sid=4ah5bj&type=lead&id=2358 - ANSWER - 
[2019/11/02 04:36:34] OK - http://p.trackmytarget.com/?tmt_data=f6986f71-0f63-46eb-baaa-c62aeaf5c89b&event_sid=ob3d71&type=lead&id=2359 - ANSWER - 
[2019/11/02 05:49:34] OK - http://p.trackmytarget.com/?tmt_data=191ff04c-456b-4a97-b668-aa5e698d1cc4&event_sid=4ah5bj&type=lead&id=2363 - ANSWER - 
[2019/11/02 05:59:33] OK - http://p.trackmytarget.com/?tmt_data=f6986f71-0f63-46eb-baaa-c62aeaf5c89b&event_sid=4ah5bj&type=lead&id=2364 - ANSWER - 
[2019/11/02 08:12:34] OK - http://p.trackmytarget.com/?tmt_data=fac796bc-7348-41a1-8ea9-3ea74f5d1f4e&event_sid=ob3d71&type=lead&id=2366 - ANSWER - 
[2019/11/03 11:02:33] OK - http://p.trackmytarget.com/?tmt_data=94a83d8f-7613-408b-be1f-3b8c39c692f6&event_sid=ob3d71&type=lead&id=2367 - ANSWER - 
[2019/11/03 12:39:35] OK - http://p.trackmytarget.com/?tmt_data=c896487c-235f-4f18-8b0e-b9e4aa0275f9&event_sid=4ah5bj&type=lead&id=2368 - ANSWER - 
[2019/11/03 03:54:34] OK - http://p.trackmytarget.com/?tmt_data=66e5208a-7009-41e7-92d0-f5198e2a480b&event_sid=4ah5bj&type=lead&id=2373 - ANSWER - 
[2019/11/04 10:45:35] OK - http://p.trackmytarget.com/?tmt_data=c0fede9a-36e0-4e95-a075-43d81064ce87&event_sid=4ah5bj&type=lead&id=2378 - ANSWER - 
[2019/11/04 12:15:36] OK - http://p.trackmytarget.com/?tmt_data=a24bb598-60fe-42bf-ac72-8c87ef33c91f&event_sid=ob3d71&type=lead&id=2379 - ANSWER - 
[2019/11/04 12:50:36] OK - http://p.trackmytarget.com/?tmt_data=449b64d9-0c82-4233-9264-9df7dd4321e0&event_sid=4ah5bj&type=lead&id=2380 - ANSWER - 
[2019/11/04 01:30:35] OK - http://p.trackmytarget.com/?tmt_data=0fabe334-4f21-4a58-934a-d21ba2c864a8&event_sid=4ah5bj&type=lead&id=2381 - ANSWER - 
[2019/11/04 03:19:35] OK - http://p.trackmytarget.com/?tmt_data=a24bb598-60fe-42bf-ac72-8c87ef33c91f&event_sid=4ah5bj&type=lead&id=2383 - ANSWER - 
[2019/11/04 03:45:35] OK - http://p.trackmytarget.com/?tmt_data=2c71a56b-0eaa-474b-bd48-bf659bc51e38&event_sid=bnm2d1&type=lead&id=2384 - ANSWER - 
[2019/11/04 04:19:34] OK - http://p.trackmytarget.com/?tmt_data=1390088d-15d8-4c71-ad75-a0b490165f61&event_sid=4ah5bj&type=lead&id=2386 - ANSWER - 
[2019/11/04 05:33:35] OK - http://p.trackmytarget.com/?tmt_data=d886613f-1982-44f2-8454-f430b836ec69&event_sid=4ah5bj&type=lead&id=2389 - ANSWER - 
[2019/11/04 07:06:35] OK - http://p.trackmytarget.com/?tmt_data=0ab049f9-c62e-4c63-8c69-bea9913670a0&event_sid=ob3d71&type=lead&id=2390 - ANSWER - 
[2019/11/04 09:51:36] OK - http://p.trackmytarget.com/?tmt_data=f1655dcc-2827-4fd3-8313-20e02e0faaec&event_sid=4ah5bj&type=lead&id=2391 - ANSWER - 
[2019/11/04 10:46:35] OK - http://p.trackmytarget.com/?tmt_data=fb9e1bed-09de-4297-be75-86226392d1de&event_sid=4ah5bj&type=lead&id=2392 - ANSWER - 
[2019/11/05 12:35:36] OK - http://p.trackmytarget.com/?tmt_data=9c013695-2d82-4406-817c-72cdeba63a37&event_sid=ob3d71&type=lead&id=2395 - ANSWER - 
[2019/11/05 01:54:35] OK - http://p.trackmytarget.com/?tmt_data=42594c41-714b-4b3b-9e93-850849b70bf6&event_sid=ob3d71&type=lead&id=2399 - ANSWER - 
[2019/11/05 02:17:35] OK - http://p.trackmytarget.com/?tmt_data=0fd524ae-7d75-4b7f-ae43-3b927b38bf0b&event_sid=bnm2d1&type=lead&id=2402 - ANSWER - 
[2019/11/05 02:39:35] OK - http://p.trackmytarget.com/?tmt_data=11081427-6dd6-4df1-b56f-1471a8701fb2&event_sid=625w40&type=lead&id=2403 - ANSWER - 
[2019/11/05 03:11:36] OK - http://p.trackmytarget.com/?tmt_data=67642fd4-fbf9-4dfd-82a8-5d65aaebf356&event_sid=ob3d71&type=lead&id=2404 - ANSWER - 
[2019/11/05 04:24:35] OK - http://p.trackmytarget.com/?tmt_data=cbae796f-ea46-4ba1-b4a1-b5d7f37a906a&event_sid=bnm2d1&type=lead&id=2405 - ANSWER - 
[2019/11/05 07:39:35] OK - http://p.trackmytarget.com/?tmt_data=f324ead3-672c-4da2-a181-60e97bfa90cd&event_sid=bnm2d1&type=lead&id=2414 - ANSWER - 
[2019/11/05 08:04:35] OK - http://p.trackmytarget.com/?tmt_data=7e4262cd-31cb-4f7e-812c-a4cb968c1066&event_sid=625w40&type=lead&id=2415 - ANSWER - 
[2019/11/05 08:49:35] OK - http://p.trackmytarget.com/?tmt_data=604c015b-23ca-4fd3-851b-1a78ffab410b&event_sid=ob3d71&type=lead&id=2416 - ANSWER - 
[2019/11/05 09:11:35] OK - http://p.trackmytarget.com/?tmt_data=81f332cd-cd61-42fb-843f-d99c5709ecd1&event_sid=ob3d71&type=lead&id=2417 - ANSWER - 
[2019/11/06 01:07:35] OK - http://p.trackmytarget.com/?tmt_data=776db9b8-9563-43ee-9d27-7c6251587db3&event_sid=4ah5bj&type=lead&id=2418 - ANSWER - 
[2019/11/06 09:34:36] OK - http://p.trackmytarget.com/?tmt_data=fd6876fb-6317-49ec-be49-9af6521e6ef1&event_sid=ob3d71&type=lead&id=2419 - ANSWER - 
[2019/11/06 01:05:35] OK - http://p.trackmytarget.com/?tmt_data=af3261cb-9838-44ce-b0e7-352252015049&event_sid=625w40&type=lead&id=2421 - ANSWER - 
[2019/11/06 02:14:35] OK - http://p.trackmytarget.com/?tmt_data=c7ee2b60-18ee-4a98-8f54-d4aad5562203&event_sid=4ah5bj&type=lead&id=2423 - ANSWER - 
[2019/11/07 03:15:36] OK - http://p.trackmytarget.com/?tmt_data=6f53bfe1-45ac-41bf-b56a-e07001faa89f&event_sid=bnm2d1&type=lead&id=2428 - ANSWER - 
[2019/11/07 03:15:41] OK - http://p.trackmytarget.com/?tmt_data=b7276320-6ad4-4ae4-8f59-b35915eeb820&event_sid=tvwr7o&type=lead&id=2429 - ANSWER - 
[2019/11/07 03:15:41] OK - http://p.trackmytarget.com/?tmt_data=3d47d979-c97d-41a3-85a0-d3b95cfaf5f5&event_sid=4ah5bj&type=lead&id=2430 - ANSWER - 
[2019/11/07 03:15:44] OK - http://p.trackmytarget.com/?tmt_data=132543ae-2a3b-4a07-8697-fd38d2e09901&event_sid=ob3d71&type=lead&id=2431 - ANSWER - 
[2019/11/07 03:15:47] OK - http://p.trackmytarget.com/?tmt_data=53b3864b-fc2c-422c-afe8-dc092c26524e&event_sid=4ah5bj&type=lead&id=2432 - ANSWER - 
[2019/11/07 03:15:51] OK - http://p.trackmytarget.com/?tmt_data=53b3864b-fc2c-422c-afe8-dc092c26524e&event_sid=4ah5bj&type=lead&id=2434 - ANSWER - 
[2019/11/07 03:15:53] OK - http://p.trackmytarget.com/?tmt_data=3ec99cbf-94be-4783-8aee-557ed827e445&event_sid=ob3d71&type=lead&id=2436 - ANSWER - 
[2019/11/07 03:15:57] OK - http://p.trackmytarget.com/?tmt_data=b141bcd0-8bf6-4153-85aa-463ee0f5999a&event_sid=ob3d71&type=lead&id=2437 - ANSWER - 
[2019/11/07 03:15:59] OK - http://p.trackmytarget.com/?tmt_data=27c1d1f3-ced1-4226-884b-ecefa5e75287&event_sid=bnm2d1&type=lead&id=2438 - ANSWER - 
[2019/11/07 03:16:02] OK - http://p.trackmytarget.com/?tmt_data=deb7e02b-8225-4ff2-91ab-2e683674817e&event_sid=ob3d71&type=lead&id=2440 - ANSWER - 
[2019/11/07 03:16:05] OK - http://p.trackmytarget.com/?tmt_data=8f315436-1cff-4998-8933-bb1a49fbd17f&event_sid=4ah5bj&type=lead&id=2441 - ANSWER - 
[2019/11/07 03:16:09] OK - http://p.trackmytarget.com/?tmt_data=6052eede-264c-4a06-80f9-56999219a971&event_sid=4ah5bj&type=lead&id=2442 - ANSWER - 
[2019/11/07 03:40:36] OK - http://p.trackmytarget.com/?tmt_data=9e9792b0-b3e9-44eb-a737-33ae507ee038&event_sid=4ah5bj&type=lead&id=2444 - ANSWER - 
[2019/11/07 07:03:37] OK - http://p.trackmytarget.com/?tmt_data=a0d9d44a-7edc-4104-ab88-624598bec95e&event_sid=ob3d71&type=lead&id=2445 - ANSWER - 
[2019/11/07 07:55:36] OK - http://p.trackmytarget.com/?tmt_data=dbe3f81a-7546-4895-8757-3a0447b27d19&event_sid=4ah5bj&type=lead&id=2446 - ANSWER - 
[2019/11/07 09:52:37] OK - http://p.trackmytarget.com/?tmt_data=f446a1d1-8c6a-49bd-8a63-2d98a8b74648&event_sid=4ah5bj&type=lead&id=2447 - ANSWER - 
[2019/11/08 12:26:37] OK - http://p.trackmytarget.com/?tmt_data=c01776d9-677c-40c4-a3e2-c79deffdc9b4&event_sid=4ah5bj&type=lead&id=2448 - ANSWER - 
[2019/11/08 10:10:37] OK - http://p.trackmytarget.com/?tmt_data=350be298-9754-4be1-8e81-9f551fa19bf3&event_sid=4ah5bj&type=lead&id=2449 - ANSWER - 
[2019/11/08 10:26:37] OK - http://p.trackmytarget.com/?tmt_data=38118414-6b64-4761-ab88-dc5ceeb33c08&event_sid=625w40&type=lead&id=2450 - ANSWER - 
[2019/11/08 11:11:37] OK - http://p.trackmytarget.com/?tmt_data=ad8035fe-3755-4f3f-b4a0-c46c5eed8f67&event_sid=4ah5bj&type=lead&id=2451 - ANSWER - 
[2019/11/08 12:58:38] OK - http://p.trackmytarget.com/?tmt_data=df7bb837-4c37-4f8b-ae89-c44386ab6393&event_sid=4ah5bj&type=lead&id=2452 - ANSWER - 
[2019/11/08 02:47:38] OK - http://p.trackmytarget.com/?tmt_data=7800e99c-7d49-4698-b510-fb4502d186b8&event_sid=bnm2d1&type=lead&id=2454 - ANSWER - 
[2019/11/08 03:25:37] OK - http://p.trackmytarget.com/?tmt_data=871d4ae3-75f8-4aba-a861-ce031cb4e1b9&event_sid=625w40&type=lead&id=2455 - ANSWER - 
[2019/11/08 04:20:37] OK - http://p.trackmytarget.com/?tmt_data=6e702ece-35e0-4fcd-a6db-f94b40a0aa19&event_sid=ob3d71&type=lead&id=2456 - ANSWER - 
[2019/11/08 04:43:36] OK - http://p.trackmytarget.com/?tmt_data=ec00029b-fc25-4a93-a817-ee95505785cd&event_sid=bnm2d1&type=lead&id=2457 - ANSWER - 
[2019/11/08 05:21:37] OK - http://p.trackmytarget.com/?tmt_data=bbfaf05e-dc17-485a-8963-97a1086ede54&event_sid=4ah5bj&type=lead&id=2458 - ANSWER - 
[2019/11/08 06:25:37] OK - http://p.trackmytarget.com/?tmt_data=7e7679fb-ac01-4064-8540-cf46f57fa729&event_sid=625w40&type=lead&id=2459 - ANSWER - 
[2019/11/08 08:39:37] OK - http://p.trackmytarget.com/?tmt_data=3c322457-9108-4d15-a04c-f3d282210229&event_sid=bnm2d1&type=lead&id=2462 - ANSWER - 
[2019/11/08 09:49:37] OK - http://p.trackmytarget.com/?tmt_data=33a38efa-087d-4b19-a302-5174c8d8b8c2&event_sid=tvwr7o&type=lead&id=2464 - ANSWER - 
[2019/11/09 12:15:38] OK - http://p.trackmytarget.com/?tmt_data=bf55ddb8-6f24-41d0-853f-c4f1e1196013&event_sid=4ah5bj&type=lead&id=2465 - ANSWER - 
[2019/11/09 03:28:38] OK - http://p.trackmytarget.com/?tmt_data=ea13dcfb-5645-4742-b275-dd4fe64106b5&event_sid=ob3d71&type=lead&id=2466 - ANSWER - 
[2019/11/09 03:51:38] OK - http://p.trackmytarget.com/?tmt_data=ea13dcfb-5645-4742-b275-dd4fe64106b5&event_sid=4ah5bj&type=lead&id=2467 - ANSWER - 
[2019/11/09 03:58:37] OK - http://p.trackmytarget.com/?tmt_data=5890b3c7-94e8-471b-8b43-48606bf57468&event_sid=4ah5bj&type=lead&id=2468 - ANSWER - 
[2019/11/09 07:24:38] OK - http://p.trackmytarget.com/?tmt_data=0dc61d4f-ea55-4976-8946-aead53b4f6d1&event_sid=4ah5bj&type=lead&id=2470 - ANSWER - 
[2019/11/10 12:10:39] OK - http://p.trackmytarget.com/?tmt_data=ebbbb478-ec56-424b-a69c-ade3646bf629&event_sid=4ah5bj&type=lead&id=2472 - ANSWER - 
[2019/11/10 10:22:38] OK - http://p.trackmytarget.com/?tmt_data=dac0c4cb-fb91-4647-8606-9bb285bf9a24&event_sid=4ah5bj&type=lead&id=2473 - ANSWER - 
[2019/11/10 10:51:38] OK - http://p.trackmytarget.com/?tmt_data=7f8e2ec1-b1d4-4603-aa52-3dc1fe2b6ae7&event_sid=4ah5bj&type=lead&id=2474 - ANSWER - 
[2019/11/10 02:00:39] OK - http://p.trackmytarget.com/?tmt_data=a280e032-e251-47da-a5cb-18f7d9a36565&event_sid=ob3d71&type=lead&id=2476 - ANSWER - 
[2019/11/10 03:54:39] OK - http://p.trackmytarget.com/?tmt_data=5cc0283e-6a20-4fc1-bacc-71bc7d3d7c5a&event_sid=ob3d71&type=lead&id=2480 - ANSWER - 
[2019/11/10 06:24:38] OK - http://p.trackmytarget.com/?tmt_data=1fcdbed3-7ca7-4376-b4a7-1a68803a2844&event_sid=ob3d71&type=lead&id=2481 - ANSWER - 
[2019/11/10 08:23:38] OK - http://p.trackmytarget.com/?tmt_data=411bb00c-8670-4c84-b59c-7a9a587f44f9&event_sid=ob3d71&type=lead&id=2482 - ANSWER - 
[2019/11/11 09:21:39] OK - http://p.trackmytarget.com/?tmt_data=13367971-bf4f-4b0d-b7e4-6f7b9ee68a02&event_sid=bnm2d1&type=lead&id=2483 - ANSWER - 
[2019/11/11 09:55:39] OK - http://p.trackmytarget.com/?tmt_data=7f784c25-0b9b-48f0-829f-77839d75edba&event_sid=4ah5bj&type=lead&id=2485 - ANSWER - 
[2019/11/11 11:49:39] OK - http://p.trackmytarget.com/?tmt_data=3381a2d3-8645-4840-a733-cda1b90aadd9&event_sid=4ah5bj&type=lead&id=2486 - ANSWER - 
[2019/11/11 12:47:38] OK - http://p.trackmytarget.com/?tmt_data=cd2b3717-622f-432b-ae1f-71ee8ca0e7cd&event_sid=4ah5bj&type=lead&id=2487 - ANSWER - 
[2019/11/11 03:56:40] OK - http://p.trackmytarget.com/?tmt_data=56a533c7-6d75-4ea0-8971-3e992c540566&event_sid=4ah5bj&type=lead&id=2488 - ANSWER - 
[2019/11/11 05:10:39] OK - http://p.trackmytarget.com/?tmt_data=5523b63e-bb4f-4eb8-b8d0-01de2e342476&event_sid=4ah5bj&type=lead&id=2490 - ANSWER - 
[2019/11/11 05:20:40] OK - http://p.trackmytarget.com/?tmt_data=353a5022-35ce-4b32-8c74-962131540259&event_sid=4ah5bj&type=lead&id=2491 - ANSWER - 
[2019/11/11 06:14:39] OK - http://p.trackmytarget.com/?tmt_data=6dcc6e13-b56b-4ae9-97ee-7b6d2ff4831a&event_sid=bnm2d1&type=lead&id=2492 - ANSWER - 
[2019/11/11 06:22:39] OK - http://p.trackmytarget.com/?tmt_data=fb2bdf89-f959-4db3-a2a6-5481e5763132&event_sid=4ah5bj&type=lead&id=2493 - ANSWER - 
[2019/11/12 12:54:40] OK - http://p.trackmytarget.com/?tmt_data=d30e941e-1515-43ff-b55b-7518c7d2cf29&event_sid=bnm2d1&type=lead&id=2495 - ANSWER - 
[2019/11/12 01:22:39] OK - http://p.trackmytarget.com/?tmt_data=b8952cc4-3c92-49d0-9f80-39fe440774eb&event_sid=ob3d71&type=lead&id=2496 - ANSWER - 
[2019/11/12 01:30:39] OK - http://p.trackmytarget.com/?tmt_data=af98da15-af33-4be8-9de2-42bb4b5f62b6&event_sid=ob3d71&type=lead&id=2497 - ANSWER - 
[2019/11/12 01:36:40] OK - http://p.trackmytarget.com/?tmt_data=57eab089-925b-47d6-a532-55ab41b841e6&event_sid=4ah5bj&type=lead&id=2498 - ANSWER - 
[2019/11/12 01:55:40] OK - http://p.trackmytarget.com/?tmt_data=660b6f43-0af1-4695-934e-92936708aeaf&event_sid=4ah5bj&type=lead&id=2499 - ANSWER - 
[2019/11/12 02:43:39] OK - http://p.trackmytarget.com/?tmt_data=2acb10d9-a9e3-4758-9a69-0746a5c9349d&event_sid=4ah5bj&type=lead&id=2500 - ANSWER - 
[2019/11/12 09:20:40] OK - http://p.trackmytarget.com/?tmt_data=c01776d9-677c-40c4-a3e2-c79deffdc9b4&event_sid=4ah5bj&type=lead&id=2502 - ANSWER - 
[2019/11/12 10:29:40] OK - http://p.trackmytarget.com/?tmt_data=436b1b27-9d89-4b17-9e6d-7d1dabdfb429&event_sid=4ah5bj&type=lead&id=2503 - ANSWER - 
[2019/11/13 12:00:41] OK - http://p.trackmytarget.com/?tmt_data=0a54015a-da0b-4f15-89c8-1592836dbcf3&event_sid=bnm2d1&type=lead&id=2504 - ANSWER - 
[2019/11/13 12:57:40] OK - http://p.trackmytarget.com/?tmt_data=cd2b3717-622f-432b-ae1f-71ee8ca0e7cd&event_sid=4ah5bj&type=lead&id=2505 - ANSWER - 
[2019/11/13 02:49:40] OK - http://p.trackmytarget.com/?tmt_data=83b07615-adcc-4f2f-9da1-dca1a8781cab&event_sid=4ah5bj&type=lead&id=2506 - ANSWER - 
[2019/11/13 05:06:41] OK - http://p.trackmytarget.com/?tmt_data=ea13dcfb-5645-4742-b275-dd4fe64106b5&event_sid=ob3d71&type=lead&id=2508 - ANSWER - 
[2019/11/13 05:23:41] OK - http://p.trackmytarget.com/?tmt_data=972bc3d7-e71c-49db-84a2-12d7460246fd&event_sid=ob3d71&type=lead&id=2509 - ANSWER - 
[2019/11/13 05:23:45] OK - http://p.trackmytarget.com/?tmt_data=ea13dcfb-5645-4742-b275-dd4fe64106b5&event_sid=ob3d71&type=lead&id=2510 - ANSWER - 
[2019/11/13 07:06:41] OK - http://p.trackmytarget.com/?tmt_data=dbe3f81a-7546-4895-8757-3a0447b27d19&event_sid=4ah5bj&type=lead&id=2511 - ANSWER - 
[2019/11/13 07:49:41] OK - http://p.trackmytarget.com/?tmt_data=7cb0b18c-82ae-4a1b-b351-d9980ac06482&event_sid=ob3d71&type=lead&id=2512 - ANSWER - 
[2019/11/13 11:00:40] OK - http://p.trackmytarget.com/?tmt_data=8ad3ed98-1181-4857-acaa-bd7a9a7ffa16&event_sid=4ah5bj&type=lead&id=2513 - ANSWER - 
[2019/11/14 11:35:41] OK - http://p.trackmytarget.com/?tmt_data=c3ada414-49a3-48a7-8af3-08e5bfcb4d74&event_sid=4ah5bj&type=lead&id=2514 - ANSWER - 
[2019/11/14 02:06:41] OK - http://p.trackmytarget.com/?tmt_data=c3ada414-49a3-48a7-8af3-08e5bfcb4d74&event_sid=4ah5bj&type=lead&id=2516 - ANSWER - 
[2019/11/14 04:24:41] OK - http://p.trackmytarget.com/?tmt_data=0e90958a-6d2d-4d87-b4fd-925f6523c394&event_sid=ob3d71&type=lead&id=2517 - ANSWER - 
[2019/11/14 05:22:41] OK - http://p.trackmytarget.com/?tmt_data=a4fffbf2-abdd-40c9-854e-c32c81c3ff76&event_sid=bnm2d1&type=lead&id=2520 - ANSWER - 
[2019/11/14 09:10:41] OK - http://p.trackmytarget.com/?tmt_data=f0485846-7364-4421-beba-6bfe918612a1&event_sid=4ah5bj&type=lead&id=2521 - ANSWER - 
[2019/11/15 10:51:42] OK - http://p.trackmytarget.com/?tmt_data=f0b5abc5-8dbb-434a-91cd-06c303f99363&event_sid=4ah5bj&type=lead&id=2522 - ANSWER - 
[2019/11/15 12:55:41] OK - http://p.trackmytarget.com/?tmt_data=28f27842-941b-403b-ae00-6acd29d88e68&event_sid=4ah5bj&type=lead&id=2523 - ANSWER - 
[2019/11/15 05:38:42] OK - http://p.trackmytarget.com/?tmt_data=72a819d9-dbca-488a-90b7-7ab5351b5c3e&event_sid=4ah5bj&type=lead&id=2524 - ANSWER - 
[2019/11/15 06:18:42] OK - http://p.trackmytarget.com/?tmt_data=54961b6c-8111-4e31-ba7b-389fd012b577&event_sid=ob3d71&type=lead&id=2525 - ANSWER - 
[2019/11/15 06:49:42] OK - http://p.trackmytarget.com/?tmt_data=708fcbee-4843-4678-ade6-0ac7849ffffe&event_sid=4ah5bj&type=lead&id=2526 - ANSWER - 
[2019/11/15 10:39:41] OK - http://p.trackmytarget.com/?tmt_data=183fc75d-733d-4a16-a260-fec027696a86&event_sid=bnm2d1&type=lead&id=2527 - ANSWER - 
[2019/11/16 12:42:42] OK - http://p.trackmytarget.com/?tmt_data=f63544a0-5e54-46f4-9557-55f2b16e2769&event_sid=4ah5bj&type=lead&id=2528 - ANSWER - 
[2019/11/16 11:11:41] OK - http://p.trackmytarget.com/?tmt_data=5110de86-43c2-4eae-9669-2cb53ab16a7b&event_sid=4ah5bj&type=lead&id=2529 - ANSWER - 
[2019/11/16 11:38:42] OK - http://p.trackmytarget.com/?tmt_data=a82439cf-94ea-4e6e-8a85-ecfd5ba04cc1&event_sid=bnm2d1&type=lead&id=2530 - ANSWER - 
[2019/11/16 12:30:42] OK - http://p.trackmytarget.com/?tmt_data=a34d4d23-f590-446c-86c2-53a9054558b3&event_sid=4ah5bj&type=lead&id=2533 - ANSWER - 
[2019/11/16 05:52:41] OK - http://p.trackmytarget.com/?tmt_data=fbb9a3f8-fcef-42eb-8ac5-ab04bacc278b&event_sid=4ah5bj&type=lead&id=2534 - ANSWER - 
[2019/11/17 11:12:43] OK - http://p.trackmytarget.com/?tmt_data=5cc0283e-6a20-4fc1-bacc-71bc7d3d7c5a&event_sid=ob3d71&type=lead&id=2537 - ANSWER - 
[2019/11/17 12:38:43] OK - http://p.trackmytarget.com/?tmt_data=eb9b0cdd-56e2-49c6-b06b-868b7dcb0c61&event_sid=ob3d71&type=lead&id=2539 - ANSWER - 
[2019/11/17 12:49:43] OK - http://p.trackmytarget.com/?tmt_data=21c27623-d227-4e8e-b9bc-1850c6e0220f&event_sid=4ah5bj&type=lead&id=2541 - ANSWER - 
[2019/11/17 12:53:42] OK - http://p.trackmytarget.com/?tmt_data=21c27623-d227-4e8e-b9bc-1850c6e0220f&event_sid=ob3d71&type=lead&id=2543 - ANSWER - 
[2019/11/17 01:38:43] OK - http://p.trackmytarget.com/?tmt_data=f1d16cf5-821f-4d81-8b16-48dd4e01d834&event_sid=4ah5bj&type=lead&id=2545 - ANSWER - 
[2019/11/17 01:51:42] OK - http://p.trackmytarget.com/?tmt_data=acc330e7-aca0-4d3b-8b66-762fc72e3b86&event_sid=4ah5bj&type=lead&id=2546 - ANSWER - 
[2019/11/17 02:20:43] OK - http://p.trackmytarget.com/?tmt_data=54c7f6b3-d4ef-4424-b326-baa62339a83a&event_sid=bnm2d1&type=lead&id=2547 - ANSWER - 
[2019/11/17 02:36:42] OK - http://p.trackmytarget.com/?tmt_data=b0d745fa-39b1-4260-96c2-cf440d542f6e&event_sid=4ah5bj&type=lead&id=2548 - ANSWER - 
[2019/11/17 04:11:43] OK - http://p.trackmytarget.com/?tmt_data=dddc053e-1eb3-4531-ad16-f1130dfd6728&event_sid=4ah5bj&type=lead&id=2549 - ANSWER - 
[2019/11/17 05:12:43] OK - http://p.trackmytarget.com/?tmt_data=7d1fb193-97d7-4010-9149-fdc511f668cc&event_sid=4ah5bj&type=lead&id=2550 - ANSWER - 
[2019/11/17 05:20:43] OK - http://p.trackmytarget.com/?tmt_data=69485e95-2eff-419e-a80f-12dc3c0c0320&event_sid=4ah5bj&type=lead&id=2551 - ANSWER - 
[2019/11/17 11:06:42] OK - http://p.trackmytarget.com/?tmt_data=ce1354e2-f384-48bf-a325-6db86306d85b&event_sid=4ah5bj&type=lead&id=2552 - ANSWER - 
[2019/11/18 12:12:43] OK - http://p.trackmytarget.com/?tmt_data=7d1fb193-97d7-4010-9149-fdc511f668cc&event_sid=4ah5bj&type=lead&id=2553 - ANSWER - 
[2019/11/18 01:45:43] OK - http://p.trackmytarget.com/?tmt_data=aca0f181-9a95-4c15-9449-abcb9d858c37&event_sid=4ah5bj&type=lead&id=2555 - ANSWER - 
[2019/11/18 02:26:43] OK - http://p.trackmytarget.com/?tmt_data=092e72c6-fe1f-4e92-9729-cb207b64e3dc&event_sid=ob3d71&type=lead&id=2556 - ANSWER - 
[2019/11/18 04:12:44] OK - http://p.trackmytarget.com/?tmt_data=0550286c-345f-4df5-b9c3-c8ce4a9fb15a&event_sid=4ah5bj&type=lead&id=2557 - ANSWER - 
[2019/11/18 08:53:44] OK - http://p.trackmytarget.com/?tmt_data=97128dce-2082-4c20-91bc-5c265b948ece&event_sid=ob3d71&type=lead&id=2561 - ANSWER - 
[2019/11/19 01:06:43] OK - http://p.trackmytarget.com/?tmt_data=0faea885-b068-4488-813a-dafeb4f060cc&event_sid=4ah5bj&type=lead&id=2563 - ANSWER - 
[2019/11/19 12:55:44] OK - http://p.trackmytarget.com/?tmt_data=f63544a0-5e54-46f4-9557-55f2b16e2769&event_sid=4ah5bj&type=lead&id=2566 - ANSWER - 
[2019/11/19 01:59:44] OK - http://p.trackmytarget.com/?tmt_data=fdfa6c50-4340-433b-a7a2-29fa3f242557&event_sid=ob3d71&type=lead&id=2568 - ANSWER - 
[2019/11/19 02:28:43] OK - http://p.trackmytarget.com/?tmt_data=a82439cf-94ea-4e6e-8a85-ecfd5ba04cc1&event_sid=bnm2d1&type=lead&id=2569 - ANSWER - 
[2019/11/19 04:24:43] OK - http://p.trackmytarget.com/?tmt_data=2e0fda81-d416-417e-8301-bce3cfe53932&event_sid=4ah5bj&type=lead&id=2572 - ANSWER - 
[2019/11/19 06:13:44] OK - http://p.trackmytarget.com/?tmt_data=898b47c3-7b9a-433f-a3dc-312e9448f826&event_sid=ob3d71&type=lead&id=2573 - ANSWER - 
[2019/11/19 07:11:42] OK - http://p.trackmytarget.com/?tmt_data=0270ba7c-46ea-425a-9a91-263ae5dcf5ce&event_sid=4ah5bj&type=lead&id=2574 - ANSWER - 
[2019/11/19 08:30:43] OK - http://p.trackmytarget.com/?tmt_data=8f4c0369-5695-480d-bee5-2a6d1fb23aa7&event_sid=ob3d71&type=lead&id=2575 - ANSWER - 
[2019/11/19 10:52:44] OK - http://p.trackmytarget.com/?tmt_data=e39f459d-a449-46af-ba10-25010ad5ebcd&event_sid=4ah5bj&type=lead&id=2576 - ANSWER - 
[2019/11/20 09:06:44] OK - http://p.trackmytarget.com/?tmt_data=d6acee73-aca7-414f-92a0-2ac8b426c23a&event_sid=bnm2d1&type=lead&id=2577 - ANSWER - 
[2019/11/20 02:16:44] OK - http://p.trackmytarget.com/?tmt_data=5291e15d-cf39-40a0-8b79-062700ea10c1&event_sid=bnm2d1&type=lead&id=2578 - ANSWER - 
[2019/11/20 02:34:44] OK - http://p.trackmytarget.com/?tmt_data=e4f64da8-489b-4b6d-97f3-74a774adf7a0&event_sid=4ah5bj&type=lead&id=2579 - ANSWER - 
[2019/11/20 06:57:43] OK - http://p.trackmytarget.com/?tmt_data=be96e51b-f746-4764-9bb6-57ca869a9bf3&event_sid=ob3d71&type=lead&id=2581 - ANSWER - 
[2019/11/21 10:35:44] OK - http://p.trackmytarget.com/?tmt_data=6dcc6e13-b56b-4ae9-97ee-7b6d2ff4831a&event_sid=625w40&type=lead&id=2585 - ANSWER - 
[2019/11/21 12:34:44] OK - http://p.trackmytarget.com/?tmt_data=3c05f19e-7ebc-4084-abd1-67f8b70ec503&event_sid=bnm2d1&type=lead&id=2586 - ANSWER - 
[2019/11/21 01:06:44] OK - http://p.trackmytarget.com/?tmt_data=6a592116-3b8b-47e5-a53c-b6ed3e89e0d2&event_sid=ob3d71&type=lead&id=2587 - ANSWER - 
[2019/11/21 02:08:43] OK - http://p.trackmytarget.com/?tmt_data=e79dc093-b97e-46b5-9496-52e08be9170d&event_sid=ob3d71&type=lead&id=2588 - ANSWER - 
[2019/11/21 02:36:43] OK - http://p.trackmytarget.com/?tmt_data=ea13dcfb-5645-4742-b275-dd4fe64106b5&event_sid=ob3d71&type=lead&id=2589 - ANSWER - 
[2019/11/21 07:38:43] OK - http://p.trackmytarget.com/?tmt_data=30d424f0-bf82-4226-905a-2858e3696f7e&event_sid=4ah5bj&type=lead&id=2592 - ANSWER - 
[2019/11/21 08:16:44] OK - http://p.trackmytarget.com/?tmt_data=e793aa0a-9789-499e-918c-d7579d01a38d&event_sid=4ah5bj&type=lead&id=2593 - ANSWER - 
[2019/11/21 10:09:43] OK - http://p.trackmytarget.com/?tmt_data=f3b2c46c-db9a-4cab-9ca2-1167e0b28c24&event_sid=4ah5bj&type=lead&id=2594 - ANSWER - 
[2019/11/22 09:21:43] OK - http://p.trackmytarget.com/?tmt_data=a83d95c5-2e2c-49ec-af8b-17fe998ea741&event_sid=625w40&type=lead&id=2595 - ANSWER - 
[2019/11/22 12:31:43] OK - http://p.trackmytarget.com/?tmt_data=cc8be337-0280-4028-8d06-e9e674b4d6ae&event_sid=625w40&type=lead&id=2596 - ANSWER - 
[2019/11/22 03:26:44] OK - http://p.trackmytarget.com/?tmt_data=77dbd453-0394-496c-9701-8e7a4b3c2491&event_sid=ob3d71&type=lead&id=2597 - ANSWER - 
[2019/11/22 03:47:44] OK - http://p.trackmytarget.com/?tmt_data=e6d08163-7c9a-4307-a0a0-81dfb46480ef&event_sid=4ah5bj&type=lead&id=2599 - ANSWER - 
[2019/11/22 05:06:43] OK - http://p.trackmytarget.com/?tmt_data=139405a3-8734-4b3d-aabe-f204837640e6&event_sid=4ah5bj&type=lead&id=2600 - ANSWER - 
[2019/11/22 06:54:44] OK - http://p.trackmytarget.com/?tmt_data=3f41b9b1-ef96-4d56-ba3a-1d9bc3c32adb&event_sid=4ah5bj&type=lead&id=2601 - ANSWER - 
[2019/11/22 06:57:44] OK - http://p.trackmytarget.com/?tmt_data=06035f03-2dff-4506-8671-97d1b11fe135&event_sid=ob3d71&type=lead&id=2602 - ANSWER - 
[2019/11/22 11:48:44] OK - http://p.trackmytarget.com/?tmt_data=0ffac12d-a3e1-4613-a295-2ec84510b627&event_sid=4ah5bj&type=lead&id=2603 - ANSWER - 
[2019/11/23 02:11:42] OK - http://p.trackmytarget.com/?tmt_data=8bb5df6e-1438-413f-b81b-d100aa428474&event_sid=4ah5bj&type=lead&id=2605 - ANSWER - 
[2019/11/23 05:34:43] OK - http://p.trackmytarget.com/?tmt_data=5955af9c-d929-4e15-8e1b-f3ff7e65a342&event_sid=4ah5bj&type=lead&id=2606 - ANSWER - 
[2019/11/23 06:44:43] OK - http://p.trackmytarget.com/?tmt_data=c35fb379-ad82-4642-be96-8776f6a71087&event_sid=ob3d71&type=lead&id=2607 - ANSWER - 
[2019/11/24 12:22:43] OK - http://p.trackmytarget.com/?tmt_data=8bb5df6e-1438-413f-b81b-d100aa428474&event_sid=bnm2d1&type=lead&id=2610 - ANSWER - 
[2019/11/24 04:12:44] OK - http://p.trackmytarget.com/?tmt_data=0eed5ab0-8443-4c7a-92e0-87beac3843e9&event_sid=4ah5bj&type=lead&id=2611 - ANSWER - 
[2019/11/24 05:53:44] OK - http://p.trackmytarget.com/?tmt_data=f00d2fdc-4842-4732-b233-f0410e203c7c&event_sid=ob3d71&type=lead&id=2612 - ANSWER - 
[2019/11/24 06:42:43] OK - http://p.trackmytarget.com/?tmt_data=3dd3eb05-741d-4cf3-b096-5f542273fae3&event_sid=4ah5bj&type=lead&id=2613 - ANSWER - 
[2019/11/24 10:26:43] OK - http://p.trackmytarget.com/?tmt_data=bbdb1e4c-be13-4f17-9fcf-b153f31e5a8f&event_sid=ob3d71&type=lead&id=2614 - ANSWER - 
[2019/11/24 10:49:43] OK - http://p.trackmytarget.com/?tmt_data=337b8047-d99c-402d-8254-80fa18e19bf9&event_sid=ob3d71&type=lead&id=2615 - ANSWER - 
[2019/11/25 12:25:44] OK - http://p.trackmytarget.com/?tmt_data=bbdb1e4c-be13-4f17-9fcf-b153f31e5a8f&event_sid=4ah5bj&type=lead&id=2616 - ANSWER - 
[2019/11/25 12:15:43] OK - http://p.trackmytarget.com/?tmt_data=d6490f99-776c-40ed-ac80-d07fc1b1069b&event_sid=4ah5bj&type=lead&id=2617 - ANSWER - 
[2019/11/25 01:44:43] OK - http://p.trackmytarget.com/?tmt_data=347c97b5-263e-4ed3-bc53-6e67507ec92f&event_sid=4ah5bj&type=lead&id=2618 - ANSWER - 
[2019/11/25 02:27:43] OK - http://p.trackmytarget.com/?tmt_data=b70252b5-cd96-47fe-a47d-71501a25318d&event_sid=4ah5bj&type=lead&id=2619 - ANSWER - 
[2019/11/25 02:57:43] OK - http://p.trackmytarget.com/?tmt_data=eeeb04f7-1d61-4258-91b6-e34a6d1f25d1&event_sid=625w40&type=lead&id=2620 - ANSWER - 
[2019/11/25 03:19:42] OK - http://p.trackmytarget.com/?tmt_data=2aa72bf4-a6ad-4d1c-a907-271dafbfa681&event_sid=ob3d71&type=lead&id=2622 - ANSWER - 
[2019/11/25 03:55:44] OK - http://p.trackmytarget.com/?tmt_data=a1688e4d-0a97-4eb4-a52f-eabc567a6f01&event_sid=4ah5bj&type=lead&id=2623 - ANSWER - 
[2019/11/25 07:05:43] OK - http://p.trackmytarget.com/?tmt_data=b9fed3ed-33dc-4ca4-abea-897429eb17e2&event_sid=ob3d71&type=lead&id=2625 - ANSWER - 
[2019/11/25 07:49:44] OK - http://p.trackmytarget.com/?tmt_data=862a4325-f0fd-4653-ba6d-7f5d298559e5&event_sid=4ah5bj&type=lead&id=2627 - ANSWER - 
[2019/11/25 10:32:42] OK - http://p.trackmytarget.com/?tmt_data=c03afdc4-73e1-4d2e-884c-ec08cc5bcb62&event_sid=4ah5bj&type=lead&id=2628 - ANSWER - 
[2019/11/25 10:36:41] OK - http://p.trackmytarget.com/?tmt_data=c03afdc4-73e1-4d2e-884c-ec08cc5bcb62&event_sid=4ah5bj&type=lead&id=2629 - ANSWER - 
[2019/11/25 11:07:43] OK - http://p.trackmytarget.com/?tmt_data=d854e617-f0f0-413e-8918-3b420339637c&event_sid=4ah5bj&type=lead&id=2630 - ANSWER - 
[2019/11/26 12:52:44] OK - http://p.trackmytarget.com/?tmt_data=309f34a1-7ba2-457e-999d-eb5c67375df3&event_sid=ob3d71&type=lead&id=2632 - ANSWER - 
[2019/11/26 03:37:44] OK - http://p.trackmytarget.com/?tmt_data=ef3d29c0-46ae-42cd-9a92-9d30aa482c01&event_sid=ob3d71&type=lead&id=2634 - ANSWER - 
[2019/11/26 10:35:43] OK - http://p.trackmytarget.com/?tmt_data=00509e21-b512-4a48-89ab-392b348c4a1a&event_sid=625w40&type=lead&id=2635 - ANSWER - 
[2019/11/26 12:33:43] OK - http://p.trackmytarget.com/?tmt_data=4975db90-673e-4fe6-9805-6df20676d42d&event_sid=4ah5bj&type=lead&id=2637 - ANSWER - 
[2019/11/26 03:53:43] OK - http://p.trackmytarget.com/?tmt_data=a0dd839c-7eb1-46ac-b48d-1a2ecfbbdf57&event_sid=4ah5bj&type=lead&id=2638 - ANSWER - 
[2019/11/26 03:58:42] OK - http://p.trackmytarget.com/?tmt_data=5bf87d7c-4bc0-4cfd-85a2-36de498d2a8f&event_sid=ob3d71&type=lead&id=2639 - ANSWER - 
[2019/11/26 04:21:43] OK - http://p.trackmytarget.com/?tmt_data=c52dc492-c749-474a-bf63-fb3e3fb8800b&event_sid=ob3d71&type=lead&id=2640 - ANSWER - 
[2019/11/26 08:20:43] OK - http://p.trackmytarget.com/?tmt_data=3e90d724-9d3f-48f9-b1cd-c7a986ce810a&event_sid=4ah5bj&type=lead&id=2644 - ANSWER - 
[2019/11/27 11:36:43] OK - http://p.trackmytarget.com/?tmt_data=826346c0-191a-417a-8539-390c0af4e389&event_sid=4ah5bj&type=lead&id=2645 - ANSWER - 
[2019/11/27 11:56:43] OK - http://p.trackmytarget.com/?tmt_data=2dbe5346-5eab-4070-ba84-3239f865378d&event_sid=4ah5bj&type=lead&id=2646 - ANSWER - 
[2019/11/27 12:39:44] OK - http://p.trackmytarget.com/?tmt_data=4591840e-c4df-49c2-8c8c-1199a5368792&event_sid=4ah5bj&type=lead&id=2647 - ANSWER - 
[2019/11/27 01:24:44] OK - http://p.trackmytarget.com/?tmt_data=1216b13e-05bf-40e9-9427-cfc29b53f210&event_sid=625w40&type=lead&id=2649 - ANSWER - 
[2019/11/27 01:27:44] OK - http://p.trackmytarget.com/?tmt_data=1e858781-72c7-4d6a-a1f4-dd603bd26f0e&event_sid=bnm2d1&type=lead&id=2650 - ANSWER - 
[2019/11/27 03:36:43] OK - http://p.trackmytarget.com/?tmt_data=07f3c802-3fe0-421b-b90a-4ebe997bc80d&event_sid=ob3d71&type=lead&id=2655 - ANSWER - 
[2019/11/27 07:47:43] OK - http://p.trackmytarget.com/?tmt_data=c76a8d45-c68d-4429-9348-fb3edce126c8&event_sid=4ah5bj&type=lead&id=2656 - ANSWER - 
[2019/11/27 11:06:42] OK - http://p.trackmytarget.com/?tmt_data=062c6b59-b67b-47cb-8aac-b970aea0a7c4&event_sid=ob3d71&type=lead&id=2658 - ANSWER - 
[2019/11/28 03:57:43] OK - http://p.trackmytarget.com/?tmt_data=97221741-8c01-4fcc-a0b1-263d6c6c93e3&event_sid=4ah5bj&type=lead&id=2659 - ANSWER - 
[2019/11/28 04:00:43] OK - http://p.trackmytarget.com/?tmt_data=97221741-8c01-4fcc-a0b1-263d6c6c93e3&event_sid=ob3d71&type=lead&id=2660 - ANSWER - 
[2019/11/28 04:38:43] OK - http://p.trackmytarget.com/?tmt_data=80dc43bd-d6bc-4f13-b05e-1e6d4b7c583c&event_sid=625w40&type=lead&id=2662 - ANSWER - 
[2019/11/28 04:38:44] OK - http://p.trackmytarget.com/?tmt_data=5d4c94b7-9694-4d19-84c9-78b759710cd1&event_sid=4ah5bj&type=lead&id=2663 - ANSWER - 
[2019/11/28 05:20:44] OK - http://p.trackmytarget.com/?tmt_data=a2c9212f-56b1-45f4-9114-45b3940135f4&event_sid=4ah5bj&type=lead&id=2665 - ANSWER - 
[2019/11/28 06:23:42] OK - http://p.trackmytarget.com/?tmt_data=4df7cd4c-da67-4875-ac86-d86f7c48ad01&event_sid=ob3d71&type=lead&id=2667 - ANSWER - 
[2019/11/28 06:46:42] OK - http://p.trackmytarget.com/?tmt_data=b4998da1-a0d8-4b9f-9981-c091c797ac1e&event_sid=4ah5bj&type=lead&id=2669 - ANSWER - 
[2019/11/28 08:20:43] OK - http://p.trackmytarget.com/?tmt_data=05ad3e45-1f33-41f9-bb08-17f5e5085463&event_sid=ob3d71&type=lead&id=2670 - ANSWER - 
[2019/11/28 10:36:42] OK - http://p.trackmytarget.com/?tmt_data=b7c4540a-1699-41d9-9293-578772001d85&event_sid=4ah5bj&type=lead&id=2671 - ANSWER - 
[2019/11/29 10:09:44] OK - http://p.trackmytarget.com/?tmt_data=58e3f7b7-b323-492f-bf72-5fe9ba26c0f5&event_sid=4ah5bj&type=lead&id=2672 - ANSWER - 
[2019/11/29 12:32:43] OK - http://p.trackmytarget.com/?tmt_data=35ccfcf7-021e-4267-a46e-49982555fb53&event_sid=ob3d71&type=lead&id=2673 - ANSWER - 
[2019/11/29 12:32:47] OK - http://p.trackmytarget.com/?tmt_data=35ccfcf7-021e-4267-a46e-49982555fb53&event_sid=ob3d71&type=lead&id=2674 - ANSWER - 
[2019/11/29 12:46:43] OK - http://p.trackmytarget.com/?tmt_data=b64e839d-3251-45c1-8b59-9466cd471a34&event_sid=4ah5bj&type=lead&id=2675 - ANSWER - 
[2019/11/29 02:16:42] OK - http://p.trackmytarget.com/?tmt_data=85b656d9-b8e3-444c-8aa0-c77e28156405&event_sid=qc1963&type=lead&id=2676 - ANSWER - 
[2019/11/29 03:53:44] OK - http://p.trackmytarget.com/?tmt_data=5855043b-4927-4415-8b75-21af248b004a&event_sid=4ah5bj&type=lead&id=2677 - ANSWER - 
[2019/11/29 03:54:44] OK - http://p.trackmytarget.com/?tmt_data=5855043b-4927-4415-8b75-21af248b004a&event_sid=ob3d71&type=lead&id=2678 - ANSWER - 
[2019/11/29 04:09:43] OK - http://p.trackmytarget.com/?tmt_data=5a0916ed-a889-4c58-9a11-874e909924a8&event_sid=ob3d71&type=lead&id=2679 - ANSWER - 
[2019/11/29 06:16:42] OK - http://p.trackmytarget.com/?tmt_data=77373738-48de-4312-a1bd-769473318952&event_sid=tvwr7o&type=lead&id=2681 - ANSWER - 
[2019/11/30 11:45:43] OK - http://p.trackmytarget.com/?tmt_data=fb8f3ee9-3daa-4abc-b79d-03a6a24f267a&event_sid=625w40&type=lead&id=2682 - ANSWER - 
[2019/11/30 12:49:43] OK - http://p.trackmytarget.com/?tmt_data=69e80409-f4cd-42e1-a709-1a0fde1d5503&event_sid=4ah5bj&type=lead&id=2683 - ANSWER - 
[2019/11/30 12:52:44] OK - http://p.trackmytarget.com/?tmt_data=69e80409-f4cd-42e1-a709-1a0fde1d5503&event_sid=ob3d71&type=lead&id=2684 - ANSWER - 
[2019/11/30 01:35:43] OK - http://p.trackmytarget.com/?tmt_data=7ede00ac-bb1e-44aa-ac20-0b21d4c5e8f8&event_sid=4ah5bj&type=lead&id=2685 - ANSWER - 
[2019/11/30 02:53:43] OK - http://p.trackmytarget.com/?tmt_data=87a3ce7d-055c-441e-8e25-0f745863a14e&event_sid=4ah5bj&type=lead&id=2686 - ANSWER - 
[2019/11/30 05:12:43] OK - http://p.trackmytarget.com/?tmt_data=5cb4eeb9-3a82-476b-bb97-b68b70903e98&event_sid=4ah5bj&type=lead&id=2687 - ANSWER - 
[2019/11/30 06:57:43] OK - http://p.trackmytarget.com/?tmt_data=752cbba0-e2c1-4145-a566-2e79f84bd859&event_sid=bnm2d1&type=lead&id=2688 - ANSWER - 
[2019/11/30 07:40:44] OK - http://p.trackmytarget.com/?tmt_data=a11cd79a-d2a2-442f-9606-727db99a2604&event_sid=ob3d71&type=lead&id=2689 - ANSWER - 
[2019/11/30 11:41:42] OK - http://p.trackmytarget.com/?tmt_data=57d6512f-7203-4972-88b2-3decd9679ade&event_sid=4ah5bj&type=lead&id=2690 - ANSWER - 
[2019/11/30 11:47:43] OK - http://p.trackmytarget.com/?tmt_data=d14d3be6-5e45-4de0-88af-c357953cb476&event_sid=4ah5bj&type=lead&id=2691 - ANSWER - 
[2019/12/01 12:45:43] OK - http://p.trackmytarget.com/?tmt_data=3fecea94-36d1-46ca-835a-809aa9a5f194&event_sid=bnm2d1&type=lead&id=2693 - ANSWER - 
[2019/12/01 10:15:43] OK - http://p.trackmytarget.com/?tmt_data=46a40db7-08ec-4cc4-9088-55057ee9983f&event_sid=4ah5bj&type=lead&id=2695 - ANSWER - 
[2019/12/01 01:36:43] OK - http://p.trackmytarget.com/?tmt_data=a1688e4d-0a97-4eb4-a52f-eabc567a6f01&event_sid=4ah5bj&type=lead&id=2697 - ANSWER - 
[2019/12/01 02:20:43] OK - http://p.trackmytarget.com/?tmt_data=6633b3a0-b5ea-454e-a15e-a85230d77674&event_sid=4ah5bj&type=lead&id=2698 - ANSWER - 
[2019/12/01 04:34:43] OK - http://p.trackmytarget.com/?tmt_data=9c7926bb-3019-41d6-a8a2-b3e8bc84f4c7&event_sid=4ah5bj&type=lead&id=2700 - ANSWER - 
[2019/12/01 04:48:43] OK - http://p.trackmytarget.com/?tmt_data=f729ec4a-3d56-4154-98fe-0f265016cec5&event_sid=ob3d71&type=lead&id=2701 - ANSWER - 
[2019/12/01 06:12:44] OK - http://p.trackmytarget.com/?tmt_data=6633b3a0-b5ea-454e-a15e-a85230d77674&event_sid=bnm2d1&type=lead&id=2704 - ANSWER - 
[2019/12/02 12:04:44] OK - http://p.trackmytarget.com/?tmt_data=e5bbc558-a650-4058-b82f-b1015ed2e5c3&event_sid=4ah5bj&type=lead&id=2706 - ANSWER - 
[2019/12/02 03:01:44] OK - http://p.trackmytarget.com/?tmt_data=d3739dbb-986b-4460-ac2b-156094f885ae&event_sid=4ah5bj&type=lead&id=2708 - ANSWER - 
[2019/12/02 03:39:44] OK - http://p.trackmytarget.com/?tmt_data=f25343f6-b3fa-4863-83f0-58f8b7e66eda&event_sid=bnm2d1&type=lead&id=2709 - ANSWER - 
[2019/12/02 04:09:45] OK - http://p.trackmytarget.com/?tmt_data=dccf0874-380c-4c06-a950-eafc78fd19bc&event_sid=4ah5bj&type=lead&id=2710 - ANSWER - 
[2019/12/02 04:19:44] OK - http://p.trackmytarget.com/?tmt_data=3fee55bf-cab8-49c5-be18-735773ad05b2&event_sid=4ah5bj&type=lead&id=2711 - ANSWER - 
[2019/12/02 05:10:44] OK - http://p.trackmytarget.com/?tmt_data=43b76759-4bea-4570-8767-ef495a577090&event_sid=4ah5bj&type=lead&id=2712 - ANSWER - 
[2019/12/02 07:26:44] OK - http://p.trackmytarget.com/?tmt_data=caaef72a-f6f9-4730-ab47-6eebf264405e&event_sid=ob3d71&type=lead&id=2715 - ANSWER - 
[2019/12/02 08:58:43] OK - http://p.trackmytarget.com/?tmt_data=2cf1cb30-f359-4aa7-8c1c-31a13de718d8&event_sid=4ah5bj&type=lead&id=2716 - ANSWER - 
[2019/12/02 09:47:44] OK - http://p.trackmytarget.com/?tmt_data=940680eb-a0b7-4b99-bfe7-0943098e082e&event_sid=4ah5bj&type=lead&id=2717 - ANSWER - 
[2019/12/03 10:10:43] OK - http://p.trackmytarget.com/?tmt_data=f63544a0-5e54-46f4-9557-55f2b16e2769&event_sid=4ah5bj&type=lead&id=2718 - ANSWER - 
[2019/12/03 10:49:44] OK - http://p.trackmytarget.com/?tmt_data=6b8b11a3-f5bc-4dfd-b3a1-f9622c07299f&event_sid=625w40&type=lead&id=2719 - ANSWER - 
[2019/12/03 11:19:44] OK - http://p.trackmytarget.com/?tmt_data=d1c1a358-c1a0-4425-8b0e-ae1562b50f1c&event_sid=4ah5bj&type=lead&id=2720 - ANSWER - 
[2019/12/03 11:25:44] OK - http://p.trackmytarget.com/?tmt_data=bcf60211-7633-4d4f-abd4-e21415610cbc&event_sid=4ah5bj&type=lead&id=2721 - ANSWER - 
[2019/12/03 11:54:43] OK - http://p.trackmytarget.com/?tmt_data=5fb764f4-182d-435e-8986-a1747091bfa7&event_sid=4ah5bj&type=lead&id=2723 - ANSWER - 
[2019/12/03 02:06:44] OK - http://p.trackmytarget.com/?tmt_data=1ba9d373-1b88-41d7-a4c4-d91382c050eb&event_sid=ob3d71&type=lead&id=2724 - ANSWER - 
[2019/12/03 06:39:43] OK - http://p.trackmytarget.com/?tmt_data=772fbaf8-9272-47bb-bc04-b101dbd8c955&event_sid=4ah5bj&type=lead&id=2725 - ANSWER - 
[2019/12/03 07:03:44] OK - http://p.trackmytarget.com/?tmt_data=d83ad16f-e35d-4781-b3e6-18ceea4a3c23&event_sid=4ah5bj&type=lead&id=2726 - ANSWER - 
[2019/12/03 07:19:44] OK - http://p.trackmytarget.com/?tmt_data=6941a219-9664-4c09-989e-0884e4f49b8b&event_sid=4ah5bj&type=lead&id=2727 - ANSWER - 
[2019/12/03 07:59:43] OK - http://p.trackmytarget.com/?tmt_data=0939a278-a9ef-4ba7-a335-6bcfcc22375f&event_sid=4ah5bj&type=lead&id=2729 - ANSWER - 
[2019/12/03 09:15:44] OK - http://p.trackmytarget.com/?tmt_data=1aa329f7-5301-4d8c-bdb0-d9e9b284c0ab&event_sid=4ah5bj&type=lead&id=2731 - ANSWER - 
[2019/12/03 09:37:43] OK - http://p.trackmytarget.com/?tmt_data=da0eba62-b7df-4e94-b9c7-84977e2df8c5&event_sid=4ah5bj&type=lead&id=2732 - ANSWER - 
[2019/12/03 10:10:43] OK - http://p.trackmytarget.com/?tmt_data=6ac28fe2-44a0-4212-b364-271d7f783b68&event_sid=ob3d71&type=lead&id=2733 - ANSWER - 
[2019/12/04 12:28:44] OK - http://p.trackmytarget.com/?tmt_data=357c3e43-56c9-4808-9111-b630f1bd9945&event_sid=4ah5bj&type=lead&id=2734 - ANSWER - 
[2019/12/04 10:17:44] OK - http://p.trackmytarget.com/?tmt_data=e9c3bab2-82cd-4c31-b97b-ffa6385c0595&event_sid=4ah5bj&type=lead&id=2735 - ANSWER - 
[2019/12/04 11:41:44] OK - http://p.trackmytarget.com/?tmt_data=a349d855-2197-4396-a4c1-d2e68391dc3a&event_sid=ob3d71&type=lead&id=2736 - ANSWER - 
[2019/12/04 01:53:43] OK - http://p.trackmytarget.com/?tmt_data=fd42f64c-b4b9-400f-930a-81a6d73676b4&event_sid=4ah5bj&type=lead&id=2738 - ANSWER - 
[2019/12/04 02:01:44] OK - http://p.trackmytarget.com/?tmt_data=fd42f64c-b4b9-400f-930a-81a6d73676b4&event_sid=ob3d71&type=lead&id=2739 - ANSWER - 
[2019/12/04 02:38:44] OK - http://p.trackmytarget.com/?tmt_data=47becac1-62aa-4b22-bb0a-af8ec0831168&event_sid=625w40&type=lead&id=2740 - ANSWER - 
[2019/12/04 03:27:43] OK - http://p.trackmytarget.com/?tmt_data=7fa2ff3d-ee92-46e5-b48d-4a706293120e&event_sid=bnm2d1&type=lead&id=2741 - ANSWER - 
[2019/12/04 03:38:44] OK - http://p.trackmytarget.com/?tmt_data=236fd694-baa1-4c73-8110-ec66a7eca735&event_sid=ob3d71&type=lead&id=2742 - ANSWER - 
[2019/12/04 04:47:44] OK - http://p.trackmytarget.com/?tmt_data=ff0c9d69-ba87-4aac-aaad-d8071c20eae1&event_sid=625w40&type=lead&id=2743 - ANSWER - 
[2019/12/04 05:02:44] OK - http://p.trackmytarget.com/?tmt_data=2b44accc-41f2-465f-831d-187b92b5b04f&event_sid=4ah5bj&type=lead&id=2744 - ANSWER - 
[2019/12/04 05:14:44] OK - http://p.trackmytarget.com/?tmt_data=31907850-a581-4f7a-94ba-b1ccc126f7f2&event_sid=4ah5bj&type=lead&id=2745 - ANSWER - 
[2019/12/04 07:29:43] OK - http://p.trackmytarget.com/?tmt_data=a3d3ced8-7a82-45db-b92f-47398809123a&event_sid=ob3d71&type=lead&id=2746 - ANSWER - 
[2019/12/04 07:35:43] OK - http://p.trackmytarget.com/?tmt_data=a3d3ced8-7a82-45db-b92f-47398809123a&event_sid=4ah5bj&type=lead&id=2747 - ANSWER - 
[2019/12/04 07:40:44] OK - http://p.trackmytarget.com/?tmt_data=3ebac44e-be57-4520-be49-6c4f2926fdff&event_sid=bnm2d1&type=lead&id=2748 - ANSWER - 
[2019/12/04 08:24:44] OK - http://p.trackmytarget.com/?tmt_data=dbe3f81a-7546-4895-8757-3a0447b27d19&event_sid=4ah5bj&type=lead&id=2749 - ANSWER - 
[2019/12/04 08:52:44] OK - http://p.trackmytarget.com/?tmt_data=31ebfa1b-92a1-484a-9dbc-722321120db2&event_sid=4ah5bj&type=lead&id=2750 - ANSWER - 
[2019/12/04 08:52:47] OK - http://p.trackmytarget.com/?tmt_data=f06dc09d-ac35-42fe-8ee3-17f5418141bd&event_sid=ob3d71&type=lead&id=2751 - ANSWER - 
[2019/12/05 12:31:43] OK - http://p.trackmytarget.com/?tmt_data=2f10c5c0-9eb8-4d4a-89e1-b184062fb2e6&event_sid=ob3d71&type=lead&id=2754 - ANSWER - 
[2019/12/05 01:03:44] OK - http://p.trackmytarget.com/?tmt_data=4a5b80dc-ddfb-446e-90ba-37282262592a&event_sid=ob3d71&type=lead&id=2755 - ANSWER - 
[2019/12/05 01:27:44] OK - http://p.trackmytarget.com/?tmt_data=6c9a04d8-608b-4924-bea7-8d32c72c81b3&event_sid=ob3d71&type=lead&id=2756 - ANSWER - 
[2019/12/05 01:55:43] OK - http://p.trackmytarget.com/?tmt_data=4270e65c-44e0-45e3-bfc2-9d5c7b74293b&event_sid=4ah5bj&type=lead&id=2757 - ANSWER - 
[2019/12/05 02:05:43] OK - http://p.trackmytarget.com/?tmt_data=a734e776-9c59-4009-a6f5-358151c94a1f&event_sid=4ah5bj&type=lead&id=2758 - ANSWER - 
[2019/12/05 05:49:43] OK - http://p.trackmytarget.com/?tmt_data=d573022c-bfc9-4650-bb22-4c97cecd9360&event_sid=4ah5bj&type=lead&id=2759 - ANSWER - 
[2019/12/05 06:40:43] OK - http://p.trackmytarget.com/?tmt_data=f747d856-8503-4109-b972-50bbe925ba00&event_sid=ob3d71&type=lead&id=2760 - ANSWER - 
[2019/12/05 07:39:42] OK - http://p.trackmytarget.com/?tmt_data=752c6efb-d910-4fdb-8933-13b648cab338&event_sid=ob3d71&type=lead&id=2761 - ANSWER - 
[2019/12/05 09:49:43] OK - http://p.trackmytarget.com/?tmt_data=959e21e7-5131-459e-81df-bfcd1ecbe7c0&event_sid=qc1963&type=lead&id=2763 - ANSWER - 
[2019/12/06 06:53:44] OK - http://p.trackmytarget.com/?tmt_data=2f10c5c0-9eb8-4d4a-89e1-b184062fb2e6&event_sid=4ah5bj&type=lead&id=2765 - ANSWER - 
[2019/12/06 12:28:44] OK - http://p.trackmytarget.com/?tmt_data=9b5bb276-15d6-4ea2-91b8-b2e194bac55a&event_sid=ob3d71&type=lead&id=2766 - ANSWER - 
[2019/12/06 12:30:44] OK - http://p.trackmytarget.com/?tmt_data=ad8035fe-3755-4f3f-b4a0-c46c5eed8f67&event_sid=ob3d71&type=lead&id=2768 - ANSWER - 
[2019/12/06 01:38:43] OK - http://p.trackmytarget.com/?tmt_data=ae9a9cc9-94a1-4095-83ad-aaa72a85e7b0&event_sid=ob3d71&type=lead&id=2769 - ANSWER - 
[2019/12/06 03:13:44] OK - http://p.trackmytarget.com/?tmt_data=78515c78-a5c0-4c15-aebc-36524f7cd2c0&event_sid=4ah5bj&type=lead&id=2770 - ANSWER - 
[2019/12/06 04:04:43] OK - http://p.trackmytarget.com/?tmt_data=1bceafe2-bb24-45d3-b58c-ae54e7d669d3&event_sid=4ah5bj&type=lead&id=2772 - ANSWER - 
[2019/12/06 06:20:43] OK - http://p.trackmytarget.com/?tmt_data=8108220e-c194-418c-950e-5795f3755a77&event_sid=bnm2d1&type=lead&id=2773 - ANSWER - 
[2019/12/06 07:26:43] OK - http://p.trackmytarget.com/?tmt_data=b8f51e05-af09-49f4-99fd-f73f2cead1c1&event_sid=4ah5bj&type=lead&id=2775 - ANSWER - 
[2019/12/06 08:41:43] OK - http://p.trackmytarget.com/?tmt_data=9ebbd1d6-5d02-427d-9beb-9137539ea581&event_sid=ob3d71&type=lead&id=2776 - ANSWER - 
[2019/12/06 08:42:43] OK - http://p.trackmytarget.com/?tmt_data=9ebbd1d6-5d02-427d-9beb-9137539ea581&event_sid=ob3d71&type=lead&id=2777 - ANSWER - 
[2019/12/07 11:03:43] OK - http://p.trackmytarget.com/?tmt_data=a28b8398-63ce-440b-9cb8-b05b981ab2a9&event_sid=ob3d71&type=lead&id=2778 - ANSWER - 
[2019/12/07 02:03:44] OK - http://p.trackmytarget.com/?tmt_data=5a0916ed-a889-4c58-9a11-874e909924a8&event_sid=4ah5bj&type=lead&id=2779 - ANSWER - 
[2019/12/08 03:48:43] OK - http://p.trackmytarget.com/?tmt_data=72cf8c21-0947-47d1-aa91-335816b147b3&event_sid=4ah5bj&type=lead&id=2783 - ANSWER - 
[2019/12/08 04:34:43] OK - http://p.trackmytarget.com/?tmt_data=c1c31c02-586c-4b81-b6f4-75352a692876&event_sid=4ah5bj&type=lead&id=2784 - ANSWER - 
[2019/12/08 07:44:43] OK - http://p.trackmytarget.com/?tmt_data=0f05b73b-7dae-424a-81a0-1f0a1c7eb18f&event_sid=4ah5bj&type=lead&id=2785 - ANSWER - 
[2019/12/08 08:06:43] OK - http://p.trackmytarget.com/?tmt_data=0f05b73b-7dae-424a-81a0-1f0a1c7eb18f&event_sid=4ah5bj&type=lead&id=2787 - ANSWER - 
[2019/12/08 10:22:43] OK - http://p.trackmytarget.com/?tmt_data=09100439-2620-46fe-acc6-87e3bbac3fb9&event_sid=ob3d71&type=lead&id=2789 - ANSWER - 
[2019/12/09 12:59:43] OK - http://p.trackmytarget.com/?tmt_data=252461ca-38a1-4e7e-bc3f-58ce232f34b5&event_sid=4ah5bj&type=lead&id=2790 - ANSWER - 
[2019/12/09 10:20:43] OK - http://p.trackmytarget.com/?tmt_data=d3b98b2f-43d2-49e0-bb22-741411e53967&event_sid=4ah5bj&type=lead&id=2791 - ANSWER - 
[2019/12/09 12:52:44] OK - http://p.trackmytarget.com/?tmt_data=56cb26e1-443e-466d-997b-c67b72100071&event_sid=bnm2d1&type=lead&id=2792 - ANSWER - 
[2019/12/09 01:08:44] OK - http://p.trackmytarget.com/?tmt_data=35e4b12b-8602-41f3-ab6d-39621e1f6805&event_sid=4ah5bj&type=lead&id=2793 - ANSWER - 
[2019/12/09 02:17:44] OK - http://p.trackmytarget.com/?tmt_data=c3761bfb-8134-4266-b561-9756c92de795&event_sid=4ah5bj&type=lead&id=2794 - ANSWER - 
[2019/12/09 04:47:44] OK - http://p.trackmytarget.com/?tmt_data=31a0c415-9757-4532-a5ee-a9da6be6a8f2&event_sid=bnm2d1&type=lead&id=2796 - ANSWER - 
[2019/12/09 07:08:45] OK - http://p.trackmytarget.com/?tmt_data=408d9b30-2fa6-455e-8cf8-132af0dbfbd6&event_sid=625w40&type=lead&id=2798 - ANSWER - 
[2019/12/09 07:22:45] OK - http://p.trackmytarget.com/?tmt_data=950b2910-a5bc-496f-ac41-deb5ba934c75&event_sid=4ah5bj&type=lead&id=2799 - ANSWER - 
[2019/12/09 08:59:44] OK - http://p.trackmytarget.com/?tmt_data=ec3b4230-01f8-49b3-b405-4cb14db9fad5&event_sid=4ah5bj&type=lead&id=2802 - ANSWER - 
[2019/12/09 08:59:47] OK - http://p.trackmytarget.com/?tmt_data=2ba0a61d-4983-47e7-a146-9e01441573dd&event_sid=bnm2d1&type=lead&id=2803 - ANSWER - 
[2019/12/09 09:03:44] OK - http://p.trackmytarget.com/?tmt_data=d40be5db-e415-4bbc-841a-0f0bae8d4075&event_sid=ob3d71&type=lead&id=2804 - ANSWER - 
[2019/12/09 10:22:44] OK - http://p.trackmytarget.com/?tmt_data=931210e6-c113-4189-88b8-8ed5e1907ce9&event_sid=bnm2d1&type=lead&id=2805 - ANSWER - 
[2019/12/10 09:48:44] OK - http://p.trackmytarget.com/?tmt_data=a1688e4d-0a97-4eb4-a52f-eabc567a6f01&event_sid=ob3d71&type=lead&id=2806 - ANSWER - 
[2019/12/10 11:01:44] OK - http://p.trackmytarget.com/?tmt_data=37a6d304-26f8-4337-8993-26dbcb7cf234&event_sid=4ah5bj&type=lead&id=2807 - ANSWER - 
[2019/12/10 11:32:44] OK - http://p.trackmytarget.com/?tmt_data=b72fbd8a-1a99-4dfe-8839-82c19adc4624&event_sid=4ah5bj&type=lead&id=2808 - ANSWER - 
[2019/12/10 12:02:43] OK - http://p.trackmytarget.com/?tmt_data=94b4fcef-657d-4a54-bf4d-310e15c223b7&event_sid=ob3d71&type=lead&id=2809 - ANSWER - 
[2019/12/10 01:57:44] OK - http://p.trackmytarget.com/?tmt_data=01f91b44-e2aa-498c-97a3-a909f2350b39&event_sid=ob3d71&type=lead&id=2810 - ANSWER - 
[2019/12/10 05:18:44] OK - http://p.trackmytarget.com/?tmt_data=1642fd78-2b48-4615-afc7-7ff09203b705&event_sid=bnm2d1&type=lead&id=2811 - ANSWER - 
[2019/12/10 05:41:44] OK - http://p.trackmytarget.com/?tmt_data=b133867f-0d97-499a-9c1b-03c228296450&event_sid=bnm2d1&type=lead&id=2812 - ANSWER - 
[2019/12/10 07:57:43] OK - http://p.trackmytarget.com/?tmt_data=0c66f3c6-4e36-492b-9619-3170f2870f8c&event_sid=4ah5bj&type=lead&id=2813 - ANSWER - 
[2019/12/10 07:57:47] OK - http://p.trackmytarget.com/?tmt_data=c79ed370-3f31-41d1-b263-294030ffc81f&event_sid=ob3d71&type=lead&id=2814 - ANSWER - 
[2019/12/10 09:00:43] OK - http://p.trackmytarget.com/?tmt_data=36141577-4eaf-46f0-aa14-4064ee373362&event_sid=4ah5bj&type=lead&id=2815 - ANSWER - 
[2019/12/11 11:27:44] OK - http://p.trackmytarget.com/?tmt_data=39c13bc4-b2eb-4fc2-a84e-d6c0ce17bd81&event_sid=4ah5bj&type=lead&id=2821 - ANSWER - 
[2019/12/11 11:29:44] OK - http://p.trackmytarget.com/?tmt_data=4afe5cf0-f132-4488-b5fd-afec7617224e&event_sid=4ah5bj&type=lead&id=2822 - ANSWER - 
[2019/12/11 12:07:44] OK - http://p.trackmytarget.com/?tmt_data=c3dbc8a2-16dc-484c-b87d-032559bb7795&event_sid=bnm2d1&type=lead&id=2824 - ANSWER - 
[2019/12/11 12:21:43] OK - http://p.trackmytarget.com/?tmt_data=d64cb57d-d71d-4691-9b15-73bd0c881d5e&event_sid=625w40&type=lead&id=2826 - ANSWER - 
[2019/12/11 12:52:44] OK - http://p.trackmytarget.com/?tmt_data=826346c0-191a-417a-8539-390c0af4e389&event_sid=625w40&type=lead&id=2827 - ANSWER - 
[2019/12/11 07:11:43] OK - http://p.trackmytarget.com/?tmt_data=8e5a0b6a-6b78-4de5-869a-dad7fa28e676&event_sid=4ah5bj&type=lead&id=2828 - ANSWER - 
[2019/12/11 07:11:47] OK - http://p.trackmytarget.com/?tmt_data=cb74e1fe-23d1-449e-bbbf-fda50ef96b5d&event_sid=4ah5bj&type=lead&id=2829 - ANSWER - 
[2019/12/11 08:10:43] OK - http://p.trackmytarget.com/?tmt_data=c799d4ff-2f78-4b8e-a183-e1b5e5449601&event_sid=4ah5bj&type=lead&id=2830 - ANSWER - 
[2019/12/11 09:56:43] OK - http://p.trackmytarget.com/?tmt_data=598620b5-58af-4fad-95ca-783d2595c6b2&event_sid=ob3d71&type=lead&id=2831 - ANSWER - 
[2019/12/12 10:31:44] OK - http://p.trackmytarget.com/?tmt_data=1d4f8b03-5447-40e5-8d81-f9f9de570342&event_sid=bnm2d1&type=lead&id=2832 - ANSWER - 
[2019/12/12 11:55:43] OK - http://p.trackmytarget.com/?tmt_data=1d4f8b03-5447-40e5-8d81-f9f9de570342&event_sid=bnm2d1&type=lead&id=2833 - ANSWER - 
[2019/12/12 12:22:43] OK - http://p.trackmytarget.com/?tmt_data=4afe149b-d082-4829-a60e-a8eae1be1072&event_sid=4ah5bj&type=lead&id=2834 - ANSWER - 
[2019/12/12 02:01:43] OK - http://p.trackmytarget.com/?tmt_data=b6f898f7-3749-4842-9ce9-20e1c708714f&event_sid=4ah5bj&type=lead&id=2835 - ANSWER - 
[2019/12/12 06:01:44] OK - http://p.trackmytarget.com/?tmt_data=3534acfe-857b-4422-95fc-e9a9572a9b83&event_sid=4ah5bj&type=lead&id=2836 - ANSWER - 
[2019/12/12 06:14:43] OK - http://p.trackmytarget.com/?tmt_data=bf4235b4-0fea-4b94-bd59-178a7ecd2eab&event_sid=4ah5bj&type=lead&id=2837 - ANSWER - 
[2019/12/12 08:26:43] OK - http://p.trackmytarget.com/?tmt_data=e1c87bb0-f2e9-4120-a7c0-2bc5a2928547&event_sid=4ah5bj&type=lead&id=2838 - ANSWER - 
[2019/12/12 10:58:43] OK - http://p.trackmytarget.com/?tmt_data=6a592116-3b8b-47e5-a53c-b6ed3e89e0d2&event_sid=ob3d71&type=lead&id=2839 - ANSWER - 
[2019/12/13 12:00:43] OK - http://p.trackmytarget.com/?tmt_data=46a13bf1-77fe-434d-80bf-41e3a4cd8cfb&event_sid=4ah5bj&type=lead&id=2840 - ANSWER - 
[2019/12/13 07:58:43] OK - http://p.trackmytarget.com/?tmt_data=6a592116-3b8b-47e5-a53c-b6ed3e89e0d2&event_sid=4ah5bj&type=lead&id=2841 - ANSWER - 
[2019/12/13 10:12:43] OK - http://p.trackmytarget.com/?tmt_data=4f9d7828-b3ea-42fa-8e2b-411dec0681cd&event_sid=bnm2d1&type=lead&id=2842 - ANSWER - 
[2019/12/13 12:13:44] OK - http://p.trackmytarget.com/?tmt_data=42d43460-b41e-4413-b03e-e3bd7ed6852d&event_sid=4ah5bj&type=lead&id=2843 - ANSWER - 
[2019/12/13 03:42:43] OK - http://p.trackmytarget.com/?tmt_data=88b2afbc-e4e0-4a9a-b07e-8e517414bda0&event_sid=4ah5bj&type=lead&id=2845 - ANSWER - 
[2019/12/13 07:08:43] OK - http://p.trackmytarget.com/?tmt_data=3b481633-1352-4061-9d72-67f496fc1b40&event_sid=4ah5bj&type=lead&id=2847 - ANSWER - 
[2019/12/13 09:25:43] OK - http://p.trackmytarget.com/?tmt_data=995c0142-b2e4-4a33-a270-3fd24aa2a085&event_sid=ob3d71&type=lead&id=2848 - ANSWER - 
[2019/12/14 12:06:43] OK - http://p.trackmytarget.com/?tmt_data=42527de9-9da2-4e4d-8ad1-7ce820a2bebe&event_sid=4ah5bj&type=lead&id=2849 - ANSWER - 
[2019/12/14 06:29:42] OK - http://p.trackmytarget.com/?tmt_data=252461ca-38a1-4e7e-bc3f-58ce232f34b5&event_sid=ob3d71&type=lead&id=2851 - ANSWER - 
[2019/12/14 08:19:43] OK - http://p.trackmytarget.com/?tmt_data=ff3cd857-72d2-4676-ab35-355062779241&event_sid=ob3d71&type=lead&id=2852 - ANSWER - 
[2019/12/14 12:13:43] OK - http://p.trackmytarget.com/?tmt_data=64e7bb78-7d5c-48a8-b3a7-db8dd019adbf&event_sid=4ah5bj&type=lead&id=2854 - ANSWER - 
[2019/12/14 05:16:43] OK - http://p.trackmytarget.com/?tmt_data=e4c73465-4f47-44c4-a4cb-f57951edf128&event_sid=4ah5bj&type=lead&id=2856 - ANSWER - 
[2019/12/15 10:03:43] OK - http://p.trackmytarget.com/?tmt_data=b2b41395-6779-44ea-a9de-89c5297877fd&event_sid=ob3d71&type=lead&id=2857 - ANSWER - 
[2019/12/15 10:04:43] OK - http://p.trackmytarget.com/?tmt_data=b2b41395-6779-44ea-a9de-89c5297877fd&event_sid=4ah5bj&type=lead&id=2858 - ANSWER - 
[2019/12/15 10:38:44] OK - http://p.trackmytarget.com/?tmt_data=c3b12749-6878-466d-97b5-5336c5dd84a5&event_sid=4ah5bj&type=lead&id=2859 - ANSWER - 
[2019/12/15 11:53:43] OK - http://p.trackmytarget.com/?tmt_data=921eefd1-7488-4d08-9a55-9281a08e5533&event_sid=4ah5bj&type=lead&id=2860 - ANSWER - 
[2019/12/15 02:43:44] OK - http://p.trackmytarget.com/?tmt_data=57346a2a-ee65-42f9-9587-bd0a05deeb6a&event_sid=bnm2d1&type=lead&id=2862 - ANSWER - 
[2019/12/15 04:09:43] OK - http://p.trackmytarget.com/?tmt_data=2f16462e-15da-4413-9d05-de0425ddfdb1&event_sid=4ah5bj&type=lead&id=2863 - ANSWER - 
[2019/12/16 12:37:44] OK - http://p.trackmytarget.com/?tmt_data=40284bb2-d4d3-45e8-bc70-8852eb819f52&event_sid=ob3d71&type=lead&id=2865 - ANSWER - 
[2019/12/16 01:19:44] OK - http://p.trackmytarget.com/?tmt_data=e06c366e-7f57-46fb-ae7c-0b57e4f73455&event_sid=4ah5bj&type=lead&id=2866 - ANSWER - 
[2019/12/16 03:25:44] OK - http://p.trackmytarget.com/?tmt_data=07b9e18b-aa04-40f0-8bc3-d09f094a2c7a&event_sid=4ah5bj&type=lead&id=2867 - ANSWER - 
[2019/12/16 12:00:43] OK - http://p.trackmytarget.com/?tmt_data=c93f1ec2-e603-498f-a2b8-23182c5a099f&event_sid=4ah5bj&type=lead&id=2869 - ANSWER - 
[2019/12/16 12:51:43] OK - http://p.trackmytarget.com/?tmt_data=89f69fb9-0ff7-490c-af6a-978bda3eae81&event_sid=ob3d71&type=lead&id=2871 - ANSWER - 
[2019/12/16 01:11:43] OK - http://p.trackmytarget.com/?tmt_data=eb7ac1e6-3825-4a53-a51e-3b990cb47c64&event_sid=4ah5bj&type=lead&id=2872 - ANSWER - 
[2019/12/16 02:23:44] OK - http://p.trackmytarget.com/?tmt_data=71643852-9a6a-4d4f-9c25-7adbce8b70f4&event_sid=4ah5bj&type=lead&id=2873 - ANSWER - 
[2019/12/16 05:14:44] OK - http://p.trackmytarget.com/?tmt_data=addddef6-1121-4239-aab7-8bfb2e46c4a6&event_sid=4ah5bj&type=lead&id=2874 - ANSWER - 
[2019/12/16 07:58:44] OK - http://p.trackmytarget.com/?tmt_data=826346c0-191a-417a-8539-390c0af4e389&event_sid=625w40&type=lead&id=2875 - ANSWER - 
[2019/12/16 08:58:43] OK - http://p.trackmytarget.com/?tmt_data=a3d3ced8-7a82-45db-b92f-47398809123a&event_sid=ob3d71&type=lead&id=2876 - ANSWER - 
[2019/12/16 11:16:44] OK - http://p.trackmytarget.com/?tmt_data=21879f1a-de1c-4b78-8d11-b2c2f5f1dc08&event_sid=ob3d71&type=lead&id=2877 - ANSWER - 
[2019/12/17 12:57:43] OK - http://p.trackmytarget.com/?tmt_data=cee75b4f-00b0-45cc-8d4f-8a60a7c12c30&event_sid=ob3d71&type=lead&id=2878 - ANSWER - 
[2019/12/17 01:00:43] OK - http://p.trackmytarget.com/?tmt_data=cee75b4f-00b0-45cc-8d4f-8a60a7c12c30&event_sid=4ah5bj&type=lead&id=2879 - ANSWER - 
[2019/12/17 02:11:43] OK - http://p.trackmytarget.com/?tmt_data=7f795ae6-6dd4-4632-9729-5d9e336c9f7e&event_sid=4ah5bj&type=lead&id=2880 - ANSWER - 
[2019/12/17 01:59:43] OK - http://p.trackmytarget.com/?tmt_data=4ba4ac37-4b8a-44d9-843d-b1f030a3cd2a&event_sid=ob3d71&type=lead&id=2881 - ANSWER - 
[2019/12/17 04:09:44] OK - http://p.trackmytarget.com/?tmt_data=4a5b80dc-ddfb-446e-90ba-37282262592a&event_sid=ob3d71&type=lead&id=2884 - ANSWER - 
[2019/12/17 06:25:44] OK - http://p.trackmytarget.com/?tmt_data=5963516f-60e9-47f5-801f-f63fe35418ff&event_sid=ob3d71&type=lead&id=3000 - ANSWER - 
[2019/12/17 08:34:43] OK - http://p.trackmytarget.com/?tmt_data=01363992-4088-4a2e-acb6-64b86c361d16&event_sid=4ah5bj&type=lead&id=3067 - ANSWER - 
[2019/12/17 08:35:02] OK - http://p.trackmytarget.com/?tmt_data=8b7b38aa-20b3-4fe2-8052-5b3249249ff9&event_sid=4ah5bj&type=lead&id=3070 - ANSWER - 
[2019/12/17 08:35:43] OK - http://p.trackmytarget.com/?tmt_data=03d675a0-6b35-470b-92f1-b345584e8437&event_sid=625w40&type=lead&id=3072 - ANSWER - 
[2019/12/17 08:57:43] OK - http://p.trackmytarget.com/?tmt_data=bcbaaf73-ee76-4bb9-bf98-f7b1dbc397d4&event_sid=4ah5bj&type=lead&id=3073 - ANSWER - 
[2019/12/17 09:07:43] OK - http://p.trackmytarget.com/?tmt_data=947a5a13-424d-4558-acd0-ed78e0e90233&event_sid=4ah5bj&type=lead&id=3074 - ANSWER - 
[2019/12/17 09:15:43] OK - http://p.trackmytarget.com/?tmt_data=4dac289c-792f-4d39-bc64-6b4b5088bc93&event_sid=ob3d71&type=lead&id=3075 - ANSWER - 
[2019/12/18 12:34:44] OK - http://p.trackmytarget.com/?tmt_data=b00c6204-edce-40a4-be06-810ea1fea7fe&event_sid=4ah5bj&type=lead&id=3077 - ANSWER - 
[2019/12/18 12:49:43] OK - http://p.trackmytarget.com/?tmt_data=f4d24b4f-db73-4774-82f7-dab73675c6c2&event_sid=4ah5bj&type=lead&id=3078 - ANSWER - 
[2019/12/18 12:57:43] OK - http://p.trackmytarget.com/?tmt_data=5b2febf9-b9bc-460f-884b-428d95a9aa98&event_sid=4ah5bj&type=lead&id=3080 - ANSWER - 
[2019/12/18 06:41:43] OK - http://p.trackmytarget.com/?tmt_data=5fb764f4-182d-435e-8986-a1747091bfa7&event_sid=ob3d71&type=lead&id=3084 - ANSWER - 
[2019/12/18 09:27:43] OK - http://p.trackmytarget.com/?tmt_data=f8697720-46fd-4768-a895-461a1e35451c&event_sid=4ah5bj&type=lead&id=3085 - ANSWER - 
[2019/12/18 10:11:43] OK - http://p.trackmytarget.com/?tmt_data=01bdcd9f-be08-4565-95ed-a1e51074ad0c&event_sid=4ah5bj&type=lead&id=3087 - ANSWER - 
[2019/12/18 10:49:44] OK - http://p.trackmytarget.com/?tmt_data=5fb764f4-182d-435e-8986-a1747091bfa7&event_sid=4ah5bj&type=lead&id=3088 - ANSWER - 
[2019/12/18 11:13:43] OK - http://p.trackmytarget.com/?tmt_data=f06dc09d-ac35-42fe-8ee3-17f5418141bd&event_sid=4ah5bj&type=lead&id=3091 - ANSWER - 
[2019/12/18 12:54:44] OK - http://p.trackmytarget.com/?tmt_data=3bc5ed92-3ef2-4831-b930-9e3a6eed4f80&event_sid=bnm2d1&type=lead&id=3092 - ANSWER - 
[2019/12/18 01:43:44] OK - http://p.trackmytarget.com/?tmt_data=0628b6da-23b0-498a-aca8-a8e93dc1427b&event_sid=ob3d71&type=lead&id=3093 - ANSWER - 
[2019/12/18 01:45:43] OK - http://p.trackmytarget.com/?tmt_data=8ed6c805-32dc-4da4-b113-0aff715bf5bd&event_sid=4ah5bj&type=lead&id=3094 - ANSWER - 
[2019/12/18 02:05:43] OK - http://p.trackmytarget.com/?tmt_data=c0809766-4271-4c55-9b1d-bbe4dd72d9f3&event_sid=ob3d71&type=lead&id=3095 - ANSWER - 
[2019/12/18 02:07:44] OK - http://p.trackmytarget.com/?tmt_data=bacfe107-3c87-4899-8807-2cd5b95bb66e&event_sid=4ah5bj&type=lead&id=3096 - ANSWER - 
[2019/12/18 03:13:44] OK - http://p.trackmytarget.com/?tmt_data=e25b8df9-b08a-4858-b71a-1671dab480e8&event_sid=4ah5bj&type=lead&id=3097 - ANSWER - 
[2019/12/18 03:35:43] OK - http://p.trackmytarget.com/?tmt_data=30aeaf40-90ed-4303-bb3a-977c10f5ffbf&event_sid=ob3d71&type=lead&id=3098 - ANSWER - 
[2019/12/18 03:49:43] OK - http://p.trackmytarget.com/?tmt_data=82bb4c9e-9d33-4ee9-8964-2812b126fee8&event_sid=4ah5bj&type=lead&id=3099 - ANSWER - 
[2019/12/18 04:07:43] OK - http://p.trackmytarget.com/?tmt_data=caef1b74-329f-4010-a546-cdb9fcd5ddf8&event_sid=ob3d71&type=lead&id=3100 - ANSWER - 
[2019/12/18 04:43:43] OK - http://p.trackmytarget.com/?tmt_data=29c3434e-e4b9-4359-b533-978ccb5b8505&event_sid=625w40&type=lead&id=3101 - ANSWER - 
[2019/12/18 04:47:43] OK - http://p.trackmytarget.com/?tmt_data=5377662b-0fbc-457a-974b-33f6de387479&event_sid=bnm2d1&type=lead&id=3102 - ANSWER - 
[2019/12/18 06:12:43] OK - http://p.trackmytarget.com/?tmt_data=8b860827-fd01-45a5-a7d0-078b712e40a3&event_sid=ob3d71&type=lead&id=3107 - ANSWER - 
[2019/12/18 07:17:43] OK - http://p.trackmytarget.com/?tmt_data=567c675c-c781-4218-8b85-fc3028196b82&event_sid=bnm2d1&type=lead&id=3108 - ANSWER - 
[2019/12/18 07:19:43] OK - http://p.trackmytarget.com/?tmt_data=2b3ecd0c-7957-45ab-ab4e-232505c698d1&event_sid=4ah5bj&type=lead&id=3109 - ANSWER - 
[2019/12/18 07:38:43] OK - http://p.trackmytarget.com/?tmt_data=50649ebe-d4eb-4547-9cae-a639f06e9383&event_sid=4ah5bj&type=lead&id=3110 - ANSWER - 
[2019/12/18 08:30:43] OK - http://p.trackmytarget.com/?tmt_data=a64215f5-92c6-48da-820e-ad5a3d462f2c&event_sid=4ah5bj&type=lead&id=3111 - ANSWER - 
[2019/12/18 09:41:43] OK - http://p.trackmytarget.com/?tmt_data=e26584ea-d52d-433e-933f-a2d76d84c3aa&event_sid=4ah5bj&type=lead&id=3112 - ANSWER - 
[2019/12/18 09:44:43] OK - http://p.trackmytarget.com/?tmt_data=623aa164-965e-4be3-b91a-7f8b873cb74a&event_sid=ob3d71&type=lead&id=3113 - ANSWER - 
[2019/12/18 10:02:43] OK - http://p.trackmytarget.com/?tmt_data=ba0d93d1-4a39-42de-9aee-e921e5adedaa&event_sid=625w40&type=lead&id=3114 - ANSWER - 
[2019/12/19 02:12:42] OK - http://p.trackmytarget.com/?tmt_data=4085340e-a3b0-4841-bd72-05c8608f06f3&event_sid=4ah5bj&type=lead&id=3115 - ANSWER - 
[2019/12/19 08:00:43] OK - http://p.trackmytarget.com/?tmt_data=c0809766-4271-4c55-9b1d-bbe4dd72d9f3&event_sid=bnm2d1&type=lead&id=3116 - ANSWER - 
[2019/12/19 01:02:43] OK - http://p.trackmytarget.com/?tmt_data=cc0f5c5f-c8ba-4a33-8580-8c551a7681b2&event_sid=4ah5bj&type=lead&id=3118 - ANSWER - 
[2019/12/19 02:22:43] OK - http://p.trackmytarget.com/?tmt_data=4a5b80dc-ddfb-446e-90ba-37282262592a&event_sid=ob3d71&type=lead&id=3119 - ANSWER - 
[2019/12/19 02:39:44] OK - http://p.trackmytarget.com/?tmt_data=17283e4f-3306-4bb4-a023-22d96fdbf73b&event_sid=ob3d71&type=lead&id=3120 - ANSWER - 
[2019/12/19 04:06:43] OK - http://p.trackmytarget.com/?tmt_data=7d0967f2-5803-4f60-814a-52c44f9a6f7b&event_sid=625w40&type=lead&id=3121 - ANSWER - 
[2019/12/19 04:15:44] OK - http://p.trackmytarget.com/?tmt_data=0070f3fb-0813-4dfa-b84b-a4a6b60db7a1&event_sid=bnm2d1&type=lead&id=3122 - ANSWER - 
[2019/12/19 06:53:43] OK - http://p.trackmytarget.com/?tmt_data=4d9b4afc-b5cd-4342-85d0-02f379d91ebd&event_sid=ob3d71&type=lead&id=3123 - ANSWER - 
[2019/12/19 09:01:43] OK - http://p.trackmytarget.com/?tmt_data=ff48aec7-8227-4a36-9c0b-8d0d7e3b7bfe&event_sid=ob3d71&type=lead&id=3125 - ANSWER - 
[2019/12/19 09:14:44] OK - http://p.trackmytarget.com/?tmt_data=0fb0c040-5a37-4bcd-8020-d27de90153d8&event_sid=ob3d71&type=lead&id=3126 - ANSWER - 
[2019/12/19 11:24:42] OK - http://p.trackmytarget.com/?tmt_data=638bd4e9-fee2-4aca-bcab-654d5bd60763&event_sid=ob3d71&type=lead&id=3127 - ANSWER - 
[2019/12/20 04:07:43] OK - http://p.trackmytarget.com/?tmt_data=96580be6-6142-469a-b1e9-612f6b064aaf&event_sid=ob3d71&type=lead&id=3128 - ANSWER - 
[2019/12/20 04:09:43] OK - http://p.trackmytarget.com/?tmt_data=96580be6-6142-469a-b1e9-612f6b064aaf&event_sid=ob3d71&type=lead&id=3129 - ANSWER - 
[2019/12/20 11:12:43] OK - http://p.trackmytarget.com/?tmt_data=4d399d91-4b60-4cbe-b306-ce07ed92c86a&event_sid=4ah5bj&type=lead&id=3130 - ANSWER - 
[2019/12/20 03:13:43] OK - http://p.trackmytarget.com/?tmt_data=a344e23f-e1d7-452a-a726-10d17f6a9495&event_sid=ob3d71&type=lead&id=3131 - ANSWER - 
[2019/12/20 03:24:43] OK - http://p.trackmytarget.com/?tmt_data=d183e244-7252-4734-be23-c0c44bf2ffc6&event_sid=ob3d71&type=lead&id=3132 - ANSWER - 
[2019/12/20 04:02:43] OK - http://p.trackmytarget.com/?tmt_data=d1e6be01-2ca2-4727-b22d-f96024d5800f&event_sid=bnm2d1&type=lead&id=3134 - ANSWER - 
[2019/12/20 05:21:44] OK - http://p.trackmytarget.com/?tmt_data=776a40a4-9f61-4041-b83e-f7acb093937f&event_sid=4ah5bj&type=lead&id=3135 - ANSWER - 
[2019/12/20 05:57:44] OK - http://p.trackmytarget.com/?tmt_data=c857e6ae-6888-4c72-a25a-34f462eea8ac&event_sid=4ah5bj&type=lead&id=3136 - ANSWER - 
[2019/12/20 06:57:43] OK - http://p.trackmytarget.com/?tmt_data=0bba00e7-80d1-4280-846a-e67fc3052351&event_sid=ob3d71&type=lead&id=3138 - ANSWER - 
[2019/12/20 08:19:43] OK - http://p.trackmytarget.com/?tmt_data=776a40a4-9f61-4041-b83e-f7acb093937f&event_sid=4ah5bj&type=lead&id=3140 - ANSWER - 
[2019/12/20 09:14:43] OK - http://p.trackmytarget.com/?tmt_data=93c1d3b0-b6f9-48ac-8c74-8518eb5ac679&event_sid=4ah5bj&type=lead&id=3141 - ANSWER - 
[2019/12/21 11:53:43] OK - http://p.trackmytarget.com/?tmt_data=bd1cb3a3-c19c-418c-bd9d-9f821c7f1d0b&event_sid=4ah5bj&type=lead&id=3142 - ANSWER - 
[2019/12/21 06:52:44] OK - http://p.trackmytarget.com/?tmt_data=d2798389-6643-479a-ac36-ab00fcebd573&event_sid=4ah5bj&type=lead&id=3143 - ANSWER - 
[2019/12/21 08:38:43] OK - http://p.trackmytarget.com/?tmt_data=33564cd7-a938-4497-9f6b-b6a9cfb824c7&event_sid=ob3d71&type=lead&id=3144 - ANSWER - 
[2019/12/21 09:13:44] OK - http://p.trackmytarget.com/?tmt_data=590a9fed-1e4b-4677-8eb8-168dc5cdb1f6&event_sid=625w40&type=lead&id=3145 - ANSWER - 
[2019/12/22 12:25:43] OK - http://p.trackmytarget.com/?tmt_data=b279ee40-b485-40ef-815a-4377aa6d4c03&event_sid=ob3d71&type=lead&id=3146 - ANSWER - 
[2019/12/22 12:34:43] OK - http://p.trackmytarget.com/?tmt_data=6f4218cf-51b1-4255-b1e8-f3999f2f9f44&event_sid=ob3d71&type=lead&id=3148 - ANSWER - 
[2019/12/22 12:45:43] OK - http://p.trackmytarget.com/?tmt_data=545a4f9e-6c5b-4be1-b2ef-03a66f2a3d65&event_sid=ob3d71&type=lead&id=3149 - ANSWER - 
[2019/12/22 01:52:43] OK - http://p.trackmytarget.com/?tmt_data=39e525bf-2305-475c-a76d-0265628cd9d4&event_sid=4ah5bj&type=lead&id=3151 - ANSWER - 
[2019/12/22 01:53:43] OK - http://p.trackmytarget.com/?tmt_data=39e525bf-2305-475c-a76d-0265628cd9d4&event_sid=ob3d71&type=lead&id=3152 - ANSWER - 
[2019/12/22 03:01:43] OK - http://p.trackmytarget.com/?tmt_data=a93999c1-345a-48b4-bcd3-322ce33c147e&event_sid=4ah5bj&type=lead&id=3155 - ANSWER - 
[2019/12/22 03:26:43] OK - http://p.trackmytarget.com/?tmt_data=674ca9f8-8e06-4054-97af-4479fe175065&event_sid=4ah5bj&type=lead&id=3157 - ANSWER - 
[2019/12/22 10:19:43] OK - http://p.trackmytarget.com/?tmt_data=c956292f-b87f-4750-aa57-d54bcc228145&event_sid=4ah5bj&type=lead&id=3158 - ANSWER - 
[2019/12/23 09:40:43] OK - http://p.trackmytarget.com/?tmt_data=de487639-72a7-4e10-82e9-07ae23315524&event_sid=ob3d71&type=lead&id=3159 - ANSWER - 
[2019/12/23 02:33:43] OK - http://p.trackmytarget.com/?tmt_data=00b7b5d8-8e31-469b-b46c-01ad7c61f917&event_sid=625w40&type=lead&id=3160 - ANSWER - 
[2019/12/23 02:42:43] OK - http://p.trackmytarget.com/?tmt_data=bd662a5b-fdd1-4223-b26a-0e0fdd86d559&event_sid=4ah5bj&type=lead&id=3161 - ANSWER - 
[2019/12/23 05:02:42] OK - http://p.trackmytarget.com/?tmt_data=a5e14111-7ff5-4136-8952-3cef236c0b94&event_sid=4ah5bj&type=lead&id=3162 - ANSWER - 
[2019/12/23 07:55:43] OK - http://p.trackmytarget.com/?tmt_data=d2bb3aa3-323c-4b8e-ac6c-e876ce053d15&event_sid=625w40&type=lead&id=3163 - ANSWER - 
[2019/12/23 08:26:42] OK - http://p.trackmytarget.com/?tmt_data=f551e621-931d-46a0-a3e1-d2107f32c0fb&event_sid=bnm2d1&type=lead&id=3164 - ANSWER - 
[2019/12/23 10:05:44] OK - http://p.trackmytarget.com/?tmt_data=0ffaee7a-b6c9-44c2-ac76-d7c8f735b447&event_sid=4ah5bj&type=lead&id=3165 - ANSWER - 
[2019/12/23 10:51:43] OK - http://p.trackmytarget.com/?tmt_data=15c0323f-3755-45eb-a791-fe160cf58d1f&event_sid=ob3d71&type=lead&id=3166 - ANSWER - 
[2019/12/24 12:32:44] OK - http://p.trackmytarget.com/?tmt_data=d57d9f47-451f-43ac-924d-2a0d16be380d&event_sid=ob3d71&type=lead&id=3167 - ANSWER - 
[2019/12/24 12:54:44] OK - http://p.trackmytarget.com/?tmt_data=cc841a18-f595-43dc-8c33-fec4300f0478&event_sid=bnm2d1&type=lead&id=3169 - ANSWER - 
[2019/12/24 04:14:43] OK - http://p.trackmytarget.com/?tmt_data=0f383b54-76ba-4a70-989a-f79a8f9d8230&event_sid=4ah5bj&type=lead&id=3171 - ANSWER - 
[2019/12/25 12:43:44] OK - http://p.trackmytarget.com/?tmt_data=a16c5220-477d-4c59-bb23-e7d36219152a&event_sid=ob3d71&type=lead&id=3173 - ANSWER - 
[2019/12/25 04:08:43] OK - http://p.trackmytarget.com/?tmt_data=48c96f81-b4ac-4266-b344-61a7d07adb95&event_sid=bnm2d1&type=lead&id=3175 - ANSWER - 
[2019/12/25 04:39:43] OK - http://p.trackmytarget.com/?tmt_data=48c96f81-b4ac-4266-b344-61a7d07adb95&event_sid=tvwr7o&type=lead&id=3177 - ANSWER - 
[2019/12/25 05:23:43] OK - http://p.trackmytarget.com/?tmt_data=1dc079b7-818c-434e-a3f3-e92bf3e93ad8&event_sid=4ah5bj&type=lead&id=3178 - ANSWER - 
[2019/12/25 07:14:44] OK - http://p.trackmytarget.com/?tmt_data=d8eb678c-1671-4c67-8d8e-b4eac0b2bcb8&event_sid=4ah5bj&type=lead&id=3179 - ANSWER - 
[2019/12/25 07:26:44] OK - http://p.trackmytarget.com/?tmt_data=5273b412-c217-422b-9a7a-237b39b3ac07&event_sid=ob3d71&type=lead&id=3180 - ANSWER - 
[2019/12/26 04:40:43] OK - http://p.trackmytarget.com/?tmt_data=34e34264-b8f3-4fab-a249-cc4cf75f4b96&event_sid=bnm2d1&type=lead&id=3182 - ANSWER - 
[2019/12/26 10:03:43] OK - http://p.trackmytarget.com/?tmt_data=5b7c63ac-f957-4c95-ab8e-411fc6748a44&event_sid=4ah5bj&type=lead&id=3183 - ANSWER - 
[2019/12/27 01:55:43] OK - http://p.trackmytarget.com/?tmt_data=9eb1366b-ac7e-4d0b-92bd-8b7f8ecca643&event_sid=bnm2d1&type=lead&id=3184 - ANSWER - 
[2019/12/27 08:36:43] OK - http://p.trackmytarget.com/?tmt_data=a876d807-946f-4494-9aa5-7e149c8ef285&event_sid=4ah5bj&type=lead&id=3185 - ANSWER - 
[2019/12/27 12:33:44] OK - http://p.trackmytarget.com/?tmt_data=c0809766-4271-4c55-9b1d-bbe4dd72d9f3&event_sid=bnm2d1&type=lead&id=3186 - ANSWER - 
[2019/12/27 12:39:44] OK - http://p.trackmytarget.com/?tmt_data=2651ed8a-a5e3-4bec-870e-e4ece03f9180&event_sid=4ah5bj&type=lead&id=3187 - ANSWER - 
[2019/12/27 12:45:43] OK - http://p.trackmytarget.com/?tmt_data=bfa42504-76f5-4433-8782-5a9ff9125ccb&event_sid=ob3d71&type=lead&id=3188 - ANSWER - 
[2019/12/27 02:56:44] OK - http://p.trackmytarget.com/?tmt_data=d14a7114-9062-4652-a04f-337d3e07aa16&event_sid=4ah5bj&type=lead&id=3189 - ANSWER - 
[2019/12/27 03:00:44] OK - http://p.trackmytarget.com/?tmt_data=3fdfd04a-be13-4729-87d4-02113b560ae0&event_sid=4ah5bj&type=lead&id=3190 - ANSWER - 
[2019/12/27 03:19:43] OK - http://p.trackmytarget.com/?tmt_data=fe3eb1ed-7d9e-44f6-86f7-f516aee8d019&event_sid=ob3d71&type=lead&id=3191 - ANSWER - 
[2019/12/27 03:31:44] OK - http://p.trackmytarget.com/?tmt_data=9f64c24d-9800-44ae-80c9-67fc82bd0893&event_sid=4ah5bj&type=lead&id=3192 - ANSWER - 
[2019/12/27 03:33:43] OK - http://p.trackmytarget.com/?tmt_data=562e098f-dcfa-4738-a558-979630cededc&event_sid=ob3d71&type=lead&id=3193 - ANSWER - 
[2019/12/27 04:23:44] OK - http://p.trackmytarget.com/?tmt_data=dc83b6bf-ca58-438a-b220-7052f7160c6b&event_sid=4ah5bj&type=lead&id=3195 - ANSWER - 
[2019/12/27 04:27:43] OK - http://p.trackmytarget.com/?tmt_data=dc83b6bf-ca58-438a-b220-7052f7160c6b&event_sid=4ah5bj&type=lead&id=3196 - ANSWER - 
[2019/12/28 07:03:44] OK - http://p.trackmytarget.com/?tmt_data=04f7b1c7-309d-4c47-9c3e-91ceba0817ee&event_sid=4ah5bj&type=lead&id=3201 - ANSWER - 
[2019/12/28 07:10:44] OK - http://p.trackmytarget.com/?tmt_data=36696482-104d-496d-9d02-c6499220df89&event_sid=4ah5bj&type=lead&id=3202 - ANSWER - 
[2019/12/28 10:53:43] OK - http://p.trackmytarget.com/?tmt_data=654c9988-2a0e-43cb-929f-aaabb5ddfe96&event_sid=bnm2d1&type=lead&id=3204 - ANSWER - 
[2019/12/28 11:12:44] OK - http://p.trackmytarget.com/?tmt_data=ce04fb0e-18c1-4f0b-a8c5-05fac61ccbb5&event_sid=4ah5bj&type=lead&id=3205 - ANSWER - 
[2019/12/29 12:11:43] OK - http://p.trackmytarget.com/?tmt_data=af7d3b93-3dd8-4be9-83df-4336a3cfff5b&event_sid=ob3d71&type=lead&id=3206 - ANSWER - 
[2019/12/29 01:10:43] OK - http://p.trackmytarget.com/?tmt_data=48c96f81-b4ac-4266-b344-61a7d07adb95&event_sid=4ah5bj&type=lead&id=3207 - ANSWER - 
[2019/12/29 01:47:43] OK - http://p.trackmytarget.com/?tmt_data=246ed6e3-bb88-4755-9d46-40b6d5d8925c&event_sid=ob3d71&type=lead&id=3209 - ANSWER - 
[2019/12/29 02:08:43] OK - http://p.trackmytarget.com/?tmt_data=f1459024-5dab-427a-9019-bdd007b07fcf&event_sid=4ah5bj&type=lead&id=3210 - ANSWER - 
[2019/12/29 03:21:44] OK - http://p.trackmytarget.com/?tmt_data=4a422fda-3191-467a-b137-05f8a8b7361a&event_sid=4ah5bj&type=lead&id=3211 - ANSWER - 
[2019/12/29 03:23:43] OK - http://p.trackmytarget.com/?tmt_data=4a422fda-3191-467a-b137-05f8a8b7361a&event_sid=4ah5bj&type=lead&id=3212 - ANSWER - 
[2019/12/29 08:19:43] OK - http://p.trackmytarget.com/?tmt_data=b6f3ac5e-8e9b-4698-94b8-fad648b49bb9&event_sid=ob3d71&type=lead&id=3214 - ANSWER - 
[2019/12/29 09:19:43] OK - http://p.trackmytarget.com/?tmt_data=b2900683-1cfe-483c-a01f-0802ed1e2fc6&event_sid=625w40&type=lead&id=3215 - ANSWER - 
[2019/12/29 10:14:43] OK - http://p.trackmytarget.com/?tmt_data=890b3dbd-edfd-46c3-8a38-189671fd922e&event_sid=bnm2d1&type=lead&id=3217 - ANSWER - 
[2019/12/29 10:30:43] OK - http://p.trackmytarget.com/?tmt_data=ce6d856b-b0f1-4d5a-b908-ef3e2d8a20bf&event_sid=ob3d71&type=lead&id=3218 - ANSWER - 
[2019/12/30 10:16:44] OK - http://p.trackmytarget.com/?tmt_data=c9503cd9-fa4c-4038-a87c-3840ced49296&event_sid=4ah5bj&type=lead&id=3220 - ANSWER - 
[2019/12/30 01:26:44] OK - http://p.trackmytarget.com/?tmt_data=f551e621-931d-46a0-a3e1-d2107f32c0fb&event_sid=bnm2d1&type=lead&id=3221 - ANSWER - 
[2019/12/30 01:41:44] OK - http://p.trackmytarget.com/?tmt_data=af27d01d-c253-4b04-bb99-a462be7c9a76&event_sid=4ah5bj&type=lead&id=3222 - ANSWER - 
[2019/12/30 01:57:43] OK - http://p.trackmytarget.com/?tmt_data=23de8d18-57aa-4cc8-b6ac-724e8c9ec5d0&event_sid=4ah5bj&type=lead&id=3223 - ANSWER - 
[2019/12/30 01:58:43] OK - http://p.trackmytarget.com/?tmt_data=3aa6f91f-2e0c-49c5-83f4-e9e30350e2dc&event_sid=ob3d71&type=lead&id=3224 - ANSWER - 
[2019/12/30 02:00:44] OK - http://p.trackmytarget.com/?tmt_data=dda4d838-4f41-42dd-8e73-7fe1bf1ae853&event_sid=4ah5bj&type=lead&id=3225 - ANSWER - 
[2019/12/30 02:41:43] OK - http://p.trackmytarget.com/?tmt_data=8efdfeba-9ab4-446d-bf9c-7caf84d4757b&event_sid=4ah5bj&type=lead&id=3226 - ANSWER - 
[2019/12/30 03:19:44] OK - http://p.trackmytarget.com/?tmt_data=aa1547e8-58c4-473d-a511-e18864b74c4e&event_sid=4ah5bj&type=lead&id=3227 - ANSWER - 
[2019/12/30 04:30:44] OK - http://p.trackmytarget.com/?tmt_data=b07eee77-3129-47af-a3fa-edbcf5bdba57&event_sid=ob3d71&type=lead&id=3228 - ANSWER - 
[2019/12/30 06:50:43] OK - http://p.trackmytarget.com/?tmt_data=03806dd6-ab56-4cc4-a29c-4fcf9ac34c88&event_sid=4ah5bj&type=lead&id=3229 - ANSWER - 
[2019/12/31 01:27:43] OK - http://p.trackmytarget.com/?tmt_data=c79ed370-3f31-41d1-b263-294030ffc81f&event_sid=4ah5bj&type=lead&id=3230 - ANSWER - 
[2019/12/31 11:57:43] OK - http://p.trackmytarget.com/?tmt_data=06aa462a-954a-4d55-92c1-e62cca7722a8&event_sid=ob3d71&type=lead&id=3231 - ANSWER - 
[2019/12/31 12:06:43] OK - http://p.trackmytarget.com/?tmt_data=008a6b32-db7c-4417-af03-972511c75b40&event_sid=4ah5bj&type=lead&id=3232 - ANSWER - 
[2019/12/31 04:36:43] OK - http://p.trackmytarget.com/?tmt_data=fed0c9e1-ee96-477c-8e25-8effe42c38b5&event_sid=4ah5bj&type=lead&id=3233 - ANSWER - 
[2019/12/31 05:32:43] OK - http://p.trackmytarget.com/?tmt_data=7f5355b0-9b80-445f-a7e5-86c33ead6b68&event_sid=4ah5bj&type=lead&id=3234 - ANSWER - 
[2019/12/31 05:57:44] OK - http://p.trackmytarget.com/?tmt_data=d168d71c-27f3-4d4b-b386-3bd82aa59900&event_sid=4ah5bj&type=lead&id=3235 - ANSWER - 
[2019/12/31 05:59:43] OK - http://p.trackmytarget.com/?tmt_data=d168d71c-27f3-4d4b-b386-3bd82aa59900&event_sid=4ah5bj&type=lead&id=3236 - ANSWER - 
[2020/01/01 11:23:43] OK - http://p.trackmytarget.com/?tmt_data=e5172400-ccc8-4b9f-8e35-4e5b53994386&event_sid=4ah5bj&type=lead&id=3237 - ANSWER - 
[2020/01/01 05:55:43] OK - http://p.trackmytarget.com/?tmt_data=9dc75972-4d03-4677-816f-8a3138623700&event_sid=4ah5bj&type=lead&id=3238 - ANSWER - 
[2020/01/01 05:57:43] OK - http://p.trackmytarget.com/?tmt_data=9dc75972-4d03-4677-816f-8a3138623700&event_sid=ob3d71&type=lead&id=3240 - ANSWER - 
[2020/01/02 08:49:43] OK - http://p.trackmytarget.com/?tmt_data=00a6f393-8787-40ca-8e6a-d525edaa004b&event_sid=4ah5bj&type=lead&id=3242 - ANSWER - 
[2020/01/02 09:51:43] OK - http://p.trackmytarget.com/?tmt_data=534d5d67-be85-4bcb-85f1-2fa831b73972&event_sid=4ah5bj&type=lead&id=3243 - ANSWER - 
[2020/01/02 12:09:43] OK - http://p.trackmytarget.com/?tmt_data=3fdfd04a-be13-4729-87d4-02113b560ae0&event_sid=4ah5bj&type=lead&id=3244 - ANSWER - 
[2020/01/02 01:29:43] OK - http://p.trackmytarget.com/?tmt_data=080c75b1-91e1-405d-9241-0da678491845&event_sid=ob3d71&type=lead&id=3245 - ANSWER - 
[2020/01/02 01:46:43] OK - http://p.trackmytarget.com/?tmt_data=ece6e8fc-0188-4671-9d75-5372f7eb648f&event_sid=4ah5bj&type=lead&id=3246 - ANSWER - 
[2020/01/02 04:05:44] OK - http://p.trackmytarget.com/?tmt_data=17ed14c4-92e4-4a3a-a7f3-10aac3895b65&event_sid=ob3d71&type=lead&id=3247 - ANSWER - 
[2020/01/02 05:23:43] OK - http://p.trackmytarget.com/?tmt_data=0bba00e7-80d1-4280-846a-e67fc3052351&event_sid=4ah5bj&type=lead&id=3249 - ANSWER - 
[2020/01/02 05:32:43] OK - http://p.trackmytarget.com/?tmt_data=111781f4-b25d-4794-b781-4e7ab47f712e&event_sid=4ah5bj&type=lead&id=3250 - ANSWER - 
[2020/01/02 08:29:43] OK - http://p.trackmytarget.com/?tmt_data=ccb0b5aa-793f-4382-8d81-ae5643e7a8ef&event_sid=4ah5bj&type=lead&id=3251 - ANSWER - 
[2020/01/02 08:37:43] OK - http://p.trackmytarget.com/?tmt_data=c00e24fd-f2d3-4bf8-b7c1-5a812eea12c7&event_sid=ob3d71&type=lead&id=3252 - ANSWER - 
[2020/01/02 09:18:43] OK - http://p.trackmytarget.com/?tmt_data=18a5384f-7eaf-4a66-9c11-5ee9b4067ebe&event_sid=4ah5bj&type=lead&id=3253 - ANSWER - 
[2020/01/02 09:34:43] OK - http://p.trackmytarget.com/?tmt_data=ac2ad0f1-2372-4b05-af01-d3730e6b4359&event_sid=4ah5bj&type=lead&id=3254 - ANSWER - 
[2020/01/02 09:42:43] OK - http://p.trackmytarget.com/?tmt_data=2fbc18bc-ce56-468a-86c7-026123f8d8ef&event_sid=bnm2d1&type=lead&id=3255 - ANSWER - 
[2020/01/02 10:18:43] OK - http://p.trackmytarget.com/?tmt_data=c2cf2a88-5a80-4e7d-a59a-3fb3d63a9d2c&event_sid=4ah5bj&type=lead&id=3256 - ANSWER - 
[2020/01/02 11:16:43] OK - http://p.trackmytarget.com/?tmt_data=f551e621-931d-46a0-a3e1-d2107f32c0fb&event_sid=bnm2d1&type=lead&id=3257 - ANSWER - 
[2020/01/03 02:48:44] OK - http://p.trackmytarget.com/?tmt_data=3d0f5ce0-0837-4a11-98c6-305085d2f4fb&event_sid=625w40&type=lead&id=3259 - ANSWER - 
[2020/01/03 12:06:42] OK - http://p.trackmytarget.com/?tmt_data=6ffae3dd-b326-4da3-bd3a-d08038dbadd6&event_sid=4ah5bj&type=lead&id=3260 - ANSWER - 
[2020/01/03 01:16:43] OK - http://p.trackmytarget.com/?tmt_data=6ffae3dd-b326-4da3-bd3a-d08038dbadd6&event_sid=4ah5bj&type=lead&id=3261 - ANSWER - 
[2020/01/03 01:44:43] OK - http://p.trackmytarget.com/?tmt_data=7083ffb7-b9bd-4943-9306-b87657a55dc9&event_sid=4ah5bj&type=lead&id=3262 - ANSWER - 
[2020/01/03 05:04:42] OK - http://p.trackmytarget.com/?tmt_data=9bd80dbe-ffce-4651-a45e-8b6018652334&event_sid=ob3d71&type=lead&id=3265 - ANSWER - 
[2020/01/04 02:05:42] OK - http://p.trackmytarget.com/?tmt_data=c79ed370-3f31-41d1-b263-294030ffc81f&event_sid=ob3d71&type=lead&id=3270 - ANSWER - 
[2020/01/04 03:59:43] OK - http://p.trackmytarget.com/?tmt_data=e44e9f4b-1b68-460d-8168-3d3d21e4bffe&event_sid=4ah5bj&type=lead&id=3271 - ANSWER - 
[2020/01/04 10:48:43] OK - http://p.trackmytarget.com/?tmt_data=11cede04-e43b-4371-a8b5-0cd9dfdbb5ae&event_sid=4ah5bj&type=lead&id=3272 - ANSWER - 
[2020/01/04 11:06:44] OK - http://p.trackmytarget.com/?tmt_data=ccfd3a75-37fd-44a6-9fd9-5d99b1f6c2f9&event_sid=ob3d71&type=lead&id=3273 - ANSWER - 
[2020/01/04 02:42:43] OK - http://p.trackmytarget.com/?tmt_data=2d7cc6df-9a80-4bbd-aa0c-2bcbe50d561f&event_sid=4ah5bj&type=lead&id=3274 - ANSWER - 
[2020/01/04 09:00:43] OK - http://p.trackmytarget.com/?tmt_data=752ee832-455f-43b5-a01e-bf7a3f4a9a27&event_sid=4ah5bj&type=lead&id=3276 - ANSWER - 
[2020/01/05 01:37:43] OK - http://p.trackmytarget.com/?tmt_data=d6443f05-3f80-4b0a-a477-5fe2639d4934&event_sid=4ah5bj&type=lead&id=3277 - ANSWER - 
[2020/01/05 10:51:44] OK - http://p.trackmytarget.com/?tmt_data=0293d32c-2c19-4456-a619-26cabe597bfd&event_sid=4ah5bj&type=lead&id=3278 - ANSWER - 
[2020/01/05 04:49:43] OK - http://p.trackmytarget.com/?tmt_data=f826d763-a144-4541-a1cf-174a43c226ad&event_sid=4ah5bj&type=lead&id=3279 - ANSWER - 
[2020/01/05 04:53:43] OK - http://p.trackmytarget.com/?tmt_data=f826d763-a144-4541-a1cf-174a43c226ad&event_sid=ob3d71&type=lead&id=3280 - ANSWER - 
[2020/01/05 05:25:43] OK - http://p.trackmytarget.com/?tmt_data=78ef6e47-1c15-48d5-95e3-f8f6c0dae4d2&event_sid=ob3d71&type=lead&id=3281 - ANSWER - 
[2020/01/05 06:25:43] OK - http://p.trackmytarget.com/?tmt_data=f826d763-a144-4541-a1cf-174a43c226ad&event_sid=ob3d71&type=lead&id=3282 - ANSWER - 
[2020/01/06 10:23:43] OK - http://p.trackmytarget.com/?tmt_data=77bab72d-0f4c-4832-a5a8-4ee35ba7410b&event_sid=4ah5bj&type=lead&id=3283 - ANSWER - 
[2020/01/06 11:05:42] OK - http://p.trackmytarget.com/?tmt_data=be096dff-d65e-444f-9d0c-e0dec000394e&event_sid=4ah5bj&type=lead&id=3284 - ANSWER - 
[2020/01/06 11:48:43] OK - http://p.trackmytarget.com/?tmt_data=2ee6a217-f72b-4060-82a2-9fb4ea33bda8&event_sid=4ah5bj&type=lead&id=3285 - ANSWER - 
[2020/01/06 12:03:43] OK - http://p.trackmytarget.com/?tmt_data=c977bd80-88cb-4dbd-948e-0fd7c5f6392d&event_sid=ob3d71&type=lead&id=3286 - ANSWER - 
[2020/01/06 01:38:43] OK - http://p.trackmytarget.com/?tmt_data=df007848-25b9-4a37-b451-30ccdd3cb6fe&event_sid=4ah5bj&type=lead&id=3289 - ANSWER - 
[2020/01/06 02:00:43] OK - http://p.trackmytarget.com/?tmt_data=e35002a8-51e1-4aaa-bbe5-0a272645ccfe&event_sid=ob3d71&type=lead&id=3290 - ANSWER - 
[2020/01/06 04:27:43] OK - http://p.trackmytarget.com/?tmt_data=67701f43-9695-4dde-b6dd-02c27ca666cd&event_sid=4ah5bj&type=lead&id=3291 - ANSWER - 
[2020/01/06 04:41:43] OK - http://p.trackmytarget.com/?tmt_data=f551e621-931d-46a0-a3e1-d2107f32c0fb&event_sid=bnm2d1&type=lead&id=3292 - ANSWER - 
[2020/01/06 05:05:43] OK - http://p.trackmytarget.com/?tmt_data=44749d84-62b0-417f-97af-3fe1bf26ffdf&event_sid=bnm2d1&type=lead&id=3293 - ANSWER - 
[2020/01/06 08:24:43] OK - http://p.trackmytarget.com/?tmt_data=075fbe07-9532-420e-82a0-0b65debc1830&event_sid=ob3d71&type=lead&id=3296 - ANSWER - 
[2020/01/07 11:20:43] OK - http://p.trackmytarget.com/?tmt_data=e25b848c-2017-421a-8e08-5f527537ba3b&event_sid=ob3d71&type=lead&id=3299 - ANSWER - 
[2020/01/07 12:56:43] OK - http://p.trackmytarget.com/?tmt_data=fb60aa05-fae4-4ad5-927b-8193c512cdee&event_sid=4ah5bj&type=lead&id=3300 - ANSWER - 
[2020/01/07 01:27:43] OK - http://p.trackmytarget.com/?tmt_data=7c1902bf-61f2-4fdd-b985-a5b00f3a3962&event_sid=4ah5bj&type=lead&id=3301 - ANSWER - 
[2020/01/07 01:37:44] OK - http://p.trackmytarget.com/?tmt_data=7c1902bf-61f2-4fdd-b985-a5b00f3a3962&event_sid=ob3d71&type=lead&id=3302 - ANSWER - 
[2020/01/07 02:02:43] OK - http://p.trackmytarget.com/?tmt_data=980a8427-8a5a-4df0-826d-f1a20844dcb3&event_sid=4ah5bj&type=lead&id=3303 - ANSWER - 
[2020/01/07 03:17:43] OK - http://p.trackmytarget.com/?tmt_data=d40be5db-e415-4bbc-841a-0f0bae8d4075&event_sid=4ah5bj&type=lead&id=3305 - ANSWER - 
[2020/01/07 03:44:43] OK - http://p.trackmytarget.com/?tmt_data=fa787b71-c9a2-404a-ba7a-e496daf52685&event_sid=ob3d71&type=lead&id=3306 - ANSWER - 
[2020/01/07 03:59:43] OK - http://p.trackmytarget.com/?tmt_data=a67805a8-23c1-4624-af3d-8414c03e08a5&event_sid=4ah5bj&type=lead&id=3307 - ANSWER - 
[2020/01/07 07:49:43] OK - http://p.trackmytarget.com/?tmt_data=1ebaa94e-a77c-46a7-8e57-5b6dd73242b0&event_sid=ob3d71&type=lead&id=3312 - ANSWER - 
[2020/01/07 08:05:43] OK - http://p.trackmytarget.com/?tmt_data=0c66f3c6-4e36-492b-9619-3170f2870f8c&event_sid=ob3d71&type=lead&id=3313 - ANSWER - 
[2020/01/07 08:07:43] OK - http://p.trackmytarget.com/?tmt_data=0c66f3c6-4e36-492b-9619-3170f2870f8c&event_sid=4ah5bj&type=lead&id=3314 - ANSWER - 
[2020/01/08 10:29:43] OK - http://p.trackmytarget.com/?tmt_data=88b2afbc-e4e0-4a9a-b07e-8e517414bda0&event_sid=ob3d71&type=lead&id=3315 - ANSWER - 
[2020/01/08 10:48:43] OK - http://p.trackmytarget.com/?tmt_data=7c1902bf-61f2-4fdd-b985-a5b00f3a3962&event_sid=4ah5bj&type=lead&id=3316 - ANSWER - 
[2020/01/08 12:54:42] OK - http://p.trackmytarget.com/?tmt_data=7c1902bf-61f2-4fdd-b985-a5b00f3a3962&event_sid=4ah5bj&type=lead&id=3318 - ANSWER - 
[2020/01/08 01:08:43] OK - http://p.trackmytarget.com/?tmt_data=31fb0390-ea24-4676-bebd-6873452eb701&event_sid=625w40&type=lead&id=3319 - ANSWER - 
[2020/01/08 02:16:43] OK - http://p.trackmytarget.com/?tmt_data=aaf923ce-ba14-41bb-9c37-bdd5761d1042&event_sid=4ah5bj&type=lead&id=3320 - ANSWER - 
[2020/01/08 02:55:43] OK - http://p.trackmytarget.com/?tmt_data=efb70309-8de7-4edc-b27a-8e9d13da77e7&event_sid=bnm2d1&type=lead&id=3322 - ANSWER - 
[2020/01/08 03:01:42] OK - http://p.trackmytarget.com/?tmt_data=82f1f620-81e2-4be8-9f48-f0af4614b7eb&event_sid=ob3d71&type=lead&id=3324 - ANSWER - 
[2020/01/08 07:16:43] OK - http://p.trackmytarget.com/?tmt_data=dde893ec-ef88-40ed-a6b8-42dd58cb28a8&event_sid=4ah5bj&type=lead&id=3328 - ANSWER - 
[2020/01/09 11:25:43] OK - http://p.trackmytarget.com/?tmt_data=c93beafd-f18a-471d-b531-804c8c83772e&event_sid=4ah5bj&type=lead&id=3335 - ANSWER - 
[2020/01/09 11:48:42] OK - http://p.trackmytarget.com/?tmt_data=7c1902bf-61f2-4fdd-b985-a5b00f3a3962&event_sid=bnm2d1&type=lead&id=3337 - ANSWER - 
[2020/01/09 01:43:43] OK - http://p.trackmytarget.com/?tmt_data=e8c71042-d124-4afb-bd36-b9056f551690&event_sid=4ah5bj&type=lead&id=3338 - ANSWER - 
[2020/01/09 02:54:42] OK - http://p.trackmytarget.com/?tmt_data=c977bd80-88cb-4dbd-948e-0fd7c5f6392d&event_sid=ob3d71&type=lead&id=3339 - ANSWER - 
[2020/01/09 03:45:43] OK - http://p.trackmytarget.com/?tmt_data=d6faba11-3ef1-4b8b-86c6-4a69289e3a53&event_sid=625w40&type=lead&id=3342 - ANSWER - 
[2020/01/09 04:44:43] OK - http://p.trackmytarget.com/?tmt_data=17321628-dfff-4527-b671-39831b56463e&event_sid=4ah5bj&type=lead&id=3343 - ANSWER - 
[2020/01/09 07:03:44] OK - http://p.trackmytarget.com/?tmt_data=1aec9af8-636e-4a48-88d0-c5358b174b62&event_sid=ob3d71&type=lead&id=3344 - ANSWER - 
[2020/01/09 07:30:43] OK - http://p.trackmytarget.com/?tmt_data=1ebaa94e-a77c-46a7-8e57-5b6dd73242b0&event_sid=ob3d71&type=lead&id=3345 - ANSWER - 
[2020/01/09 08:47:43] OK - http://p.trackmytarget.com/?tmt_data=953a0c49-6d61-49e3-bce3-67343a265a90&event_sid=tvwr7o&type=lead&id=3348 - ANSWER - 
[2020/01/09 09:36:43] OK - http://p.trackmytarget.com/?tmt_data=1ebaa94e-a77c-46a7-8e57-5b6dd73242b0&event_sid=ob3d71&type=lead&id=3349 - ANSWER - 
[2020/01/10 05:01:42] OK - http://p.trackmytarget.com/?tmt_data=8993602b-a6ce-4ac4-9ad4-decbf1d97a5a&event_sid=4ah5bj&type=lead&id=3353 - ANSWER - 
[2020/01/10 12:27:43] OK - http://p.trackmytarget.com/?tmt_data=fb60aa05-fae4-4ad5-927b-8193c512cdee&event_sid=4ah5bj&type=lead&id=3355 - ANSWER - 
[2020/01/10 03:03:43] OK - http://p.trackmytarget.com/?tmt_data=585b67be-9610-46cd-8402-b2ff056ea512&event_sid=625w40&type=lead&id=3361 - ANSWER - 
[2020/01/10 04:31:43] OK - http://p.trackmytarget.com/?tmt_data=eb5e4271-a8da-41cc-8546-5238707bec0e&event_sid=ob3d71&type=lead&id=3363 - ANSWER - 
[2020/01/10 06:27:43] OK - http://p.trackmytarget.com/?tmt_data=4bb3b791-5828-445f-9009-f6a0ee4ac2d4&event_sid=ob3d71&type=lead&id=3368 - ANSWER - 
[2020/01/10 06:59:43] OK - http://p.trackmytarget.com/?tmt_data=ce587fa8-e0d4-4997-a786-894a4c0efd5c&event_sid=ob3d71&type=lead&id=3369 - ANSWER - 
[2020/01/10 07:00:43] OK - http://p.trackmytarget.com/?tmt_data=0ffaee7a-b6c9-44c2-ac76-d7c8f735b447&event_sid=625w40&type=lead&id=3370 - ANSWER - 
[2020/01/10 07:15:43] OK - http://p.trackmytarget.com/?tmt_data=788420bd-5a14-435e-8a98-b8f4da4a5d94&event_sid=ob3d71&type=lead&id=3372 - ANSWER - 
[2020/01/10 10:20:43] OK - http://p.trackmytarget.com/?tmt_data=faccfeeb-a2f7-4294-83ce-bed8040a1ed7&event_sid=ob3d71&type=lead&id=3374 - ANSWER - 
[2020/01/10 10:43:43] OK - http://p.trackmytarget.com/?tmt_data=13393930-7213-4306-af87-9118e8bc43db&event_sid=625w40&type=lead&id=3375 - ANSWER - 
[2020/01/11 11:14:43] OK - http://p.trackmytarget.com/?tmt_data=6f52e217-8006-4c11-ae9f-a7a96412cce4&event_sid=bnm2d1&type=lead&id=3378 - ANSWER - 
[2020/01/11 04:01:43] OK - http://p.trackmytarget.com/?tmt_data=e8c71042-d124-4afb-bd36-b9056f551690&event_sid=4ah5bj&type=lead&id=3389 - ANSWER - 
[2020/01/12 01:43:44] OK - http://p.trackmytarget.com/?tmt_data=9290e910-ed32-49e9-a494-5e7260e95c2f&event_sid=ob3d71&type=lead&id=3402 - ANSWER - 
[2020/01/12 01:45:43] OK - http://p.trackmytarget.com/?tmt_data=9290e910-ed32-49e9-a494-5e7260e95c2f&event_sid=4ah5bj&type=lead&id=3403 - ANSWER - 
[2020/01/12 04:16:43] OK - http://p.trackmytarget.com/?tmt_data=616adccb-6b54-4038-beb3-129b947f66d0&event_sid=ob3d71&type=lead&id=3406 - ANSWER - 
[2020/01/13 04:09:43] OK - http://p.trackmytarget.com/?tmt_data=ce1a4904-93ff-458f-b582-578eb750f9c8&event_sid=4ah5bj&type=lead&id=3411 - ANSWER - 
[2020/01/13 04:28:43] OK - http://p.trackmytarget.com/?tmt_data=75bef217-0bb7-45d9-a2b8-dff1a5b3210e&event_sid=bnm2d1&type=lead&id=3413 - ANSWER - 
[2020/01/13 06:16:43] OK - http://p.trackmytarget.com/?tmt_data=c7a5ace8-a7e0-427a-aa78-6d4e742813a8&event_sid=bnm2d1&type=lead&id=3414 - ANSWER - 
[2020/01/13 10:44:43] OK - http://p.trackmytarget.com/?tmt_data=ce5560d4-6cbc-429d-a9a6-79728b8a8edc&event_sid=ob3d71&type=lead&id=3415 - ANSWER - 
[2020/01/13 11:09:43] OK - http://p.trackmytarget.com/?tmt_data=a380c5f3-7112-427d-a0e5-3ce19938abb6&event_sid=ob3d71&type=lead&id=3416 - ANSWER - 
[2020/01/13 11:49:43] OK - http://p.trackmytarget.com/?tmt_data=2c340729-34b0-4449-a01b-4f186298830a&event_sid=4ah5bj&type=lead&id=3417 - ANSWER - 
[2020/01/14 12:20:44] OK - http://p.trackmytarget.com/?tmt_data=da7c440a-faf3-4e9f-8b88-29af56486200&event_sid=ob3d71&type=lead&id=3419 - ANSWER - 
[2020/01/14 12:25:43] OK - http://p.trackmytarget.com/?tmt_data=121d2c49-f897-4465-8cd5-b4c303a73090&event_sid=4ah5bj&type=lead&id=3420 - ANSWER - 
[2020/01/14 02:47:43] OK - http://p.trackmytarget.com/?tmt_data=52855b68-ca50-49d6-9fc7-6dba48430846&event_sid=4ah5bj&type=lead&id=3421 - ANSWER - 
[2020/01/14 02:49:43] OK - http://p.trackmytarget.com/?tmt_data=52855b68-ca50-49d6-9fc7-6dba48430846&event_sid=bnm2d1&type=lead&id=3422 - ANSWER - 
[2020/01/14 04:28:43] OK - http://p.trackmytarget.com/?tmt_data=8ea8a1e8-e369-438e-acbb-50b297afb6b1&event_sid=bnm2d1&type=lead&id=3423 - ANSWER - 
[2020/01/14 05:45:43] OK - http://p.trackmytarget.com/?tmt_data=d1cdf009-d732-400b-a92f-fb91b46c0ae8&event_sid=4ah5bj&type=lead&id=3425 - ANSWER - 
[2020/01/14 06:11:43] OK - http://p.trackmytarget.com/?tmt_data=f6043c32-7461-4cdd-b377-190226ab7558&event_sid=ob3d71&type=lead&id=3426 - ANSWER - 
[2020/01/14 08:20:42] OK - http://p.trackmytarget.com/?tmt_data=34602424-9b3a-4122-b440-73d89ff414f6&event_sid=ob3d71&type=lead&id=3428 - ANSWER - 
[2020/01/15 10:10:43] OK - http://p.trackmytarget.com/?tmt_data=943e8b71-a155-46ef-aa04-d26f1e79b433&event_sid=ob3d71&type=lead&id=3430 - ANSWER - 
[2020/01/15 10:12:43] OK - http://p.trackmytarget.com/?tmt_data=362cbee4-a007-4a1a-974b-795a37d1b4bc&event_sid=ob3d71&type=lead&id=3431 - ANSWER - 
[2020/01/15 03:43:43] OK - http://p.trackmytarget.com/?tmt_data=b1de02e7-2b53-4c77-b65c-3d6dd91f867f&event_sid=4ah5bj&type=lead&id=3432 - ANSWER - 
[2020/01/15 04:14:44] OK - http://p.trackmytarget.com/?tmt_data=e6679c44-e845-4faf-9a36-c92aa9ea7ac5&event_sid=4ah5bj&type=lead&id=3434 - ANSWER - 
[2020/01/15 05:21:43] OK - http://p.trackmytarget.com/?tmt_data=a1623995-3578-4e90-b6ce-6afdf5d8361e&event_sid=bnm2d1&type=lead&id=3435 - ANSWER - 
[2020/01/15 06:11:43] OK - http://p.trackmytarget.com/?tmt_data=0a7d76cc-9dea-41bc-891a-c42898dd7374&event_sid=bnm2d1&type=lead&id=3436 - ANSWER - 
[2020/01/15 06:13:44] OK - http://p.trackmytarget.com/?tmt_data=79db5f06-82f9-40c1-9c13-0e4c833e8869&event_sid=4ah5bj&type=lead&id=3437 - ANSWER - 
[2020/01/15 06:21:42] OK - http://p.trackmytarget.com/?tmt_data=c1f82682-2543-4bae-a82c-c88dd79a2641&event_sid=4ah5bj&type=lead&id=3438 - ANSWER - 
[2020/01/15 07:42:43] OK - http://p.trackmytarget.com/?tmt_data=495c5939-e28b-45d0-b504-c3c225db310c&event_sid=bnm2d1&type=lead&id=3439 - ANSWER - 
[2020/01/15 08:42:43] OK - http://p.trackmytarget.com/?tmt_data=f85f7ae1-0082-4b7d-b747-701327618134&event_sid=4ah5bj&type=lead&id=3441 - ANSWER - 
[2020/01/16 04:10:42] OK - http://p.trackmytarget.com/?tmt_data=7c19126e-60a0-47ba-8690-71f1f71b4c33&event_sid=ob3d71&type=lead&id=3442 - ANSWER - 
[2020/01/16 01:06:42] OK - http://p.trackmytarget.com/?tmt_data=7fb54496-d7f0-411f-8b6a-0f53a5f0fe65&event_sid=ob3d71&type=lead&id=3443 - ANSWER - 
[2020/01/16 03:07:43] OK - http://p.trackmytarget.com/?tmt_data=d147f767-b4b0-46a5-bf79-5d72466705a2&event_sid=bnm2d1&type=lead&id=3444 - ANSWER - 
[2020/01/16 03:17:43] OK - http://p.trackmytarget.com/?tmt_data=3ee28c7c-5813-4543-bb05-6075981279fb&event_sid=4ah5bj&type=lead&id=3445 - ANSWER - 
[2020/01/16 03:51:43] OK - http://p.trackmytarget.com/?tmt_data=57951fb7-107d-4b24-8c11-a15d8e07ca1c&event_sid=4ah5bj&type=lead&id=3447 - ANSWER - 
[2020/01/16 05:05:43] OK - http://p.trackmytarget.com/?tmt_data=3495b895-ce3a-4aef-8d1f-35d450b9a6dd&event_sid=625w40&type=lead&id=3448 - ANSWER - 
[2020/01/16 06:55:43] OK - http://p.trackmytarget.com/?tmt_data=6bae9ad2-a2f2-4091-9439-26c4c6c53243&event_sid=4ah5bj&type=lead&id=3449 - ANSWER - 
[2020/01/16 07:35:43] OK - http://p.trackmytarget.com/?tmt_data=c9afd7e7-5332-4e62-bfa0-d96543eadce0&event_sid=4ah5bj&type=lead&id=3450 - ANSWER - 
[2020/01/17 12:32:43] OK - http://p.trackmytarget.com/?tmt_data=52f3eec9-0450-4d9f-ba20-cbeacd214a11&event_sid=625w40&type=lead&id=3451 - ANSWER - 
[2020/01/17 12:05:44] OK - http://p.trackmytarget.com/?tmt_data=52f3eec9-0450-4d9f-ba20-cbeacd214a11&event_sid=625w40&type=lead&id=3454 - ANSWER - 
[2020/01/17 01:07:44] OK - http://p.trackmytarget.com/?tmt_data=f439e7dd-0b97-4bc1-a2e3-eb0a8f45c608&event_sid=ob3d71&type=lead&id=3456 - ANSWER - 
[2020/01/17 01:09:43] OK - http://p.trackmytarget.com/?tmt_data=f439e7dd-0b97-4bc1-a2e3-eb0a8f45c608&event_sid=4ah5bj&type=lead&id=3457 - ANSWER - 
[2020/01/17 01:16:43] OK - http://p.trackmytarget.com/?tmt_data=5770534a-223f-4370-ac27-0e81e8ed949d&event_sid=bnm2d1&type=lead&id=3458 - ANSWER - 
[2020/01/17 03:08:43] OK - http://p.trackmytarget.com/?tmt_data=40e6c3d0-7f6e-4294-9746-dd4a99066ea4&event_sid=ob3d71&type=lead&id=3460 - ANSWER - 
[2020/01/17 03:42:42] OK - http://p.trackmytarget.com/?tmt_data=088747a0-3e8e-436d-bee0-89f95120b69d&event_sid=4ah5bj&type=lead&id=3462 - ANSWER - 
[2020/01/17 06:07:43] OK - http://p.trackmytarget.com/?tmt_data=1b3ab9a7-7751-461f-b74a-871c768e761c&event_sid=bnm2d1&type=lead&id=3463 - ANSWER - 
[2020/01/17 07:05:43] OK - http://p.trackmytarget.com/?tmt_data=77276406-0b91-425c-b04d-7b39528c5404&event_sid=625w40&type=lead&id=3465 - ANSWER - 
[2020/01/17 07:10:43] OK - http://p.trackmytarget.com/?tmt_data=77276406-0b91-425c-b04d-7b39528c5404&event_sid=625w40&type=lead&id=3467 - ANSWER - 
[2020/01/17 07:15:44] OK - http://p.trackmytarget.com/?tmt_data=77276406-0b91-425c-b04d-7b39528c5404&event_sid=ob3d71&type=lead&id=3469 - ANSWER - 
[2020/01/18 12:49:43] OK - http://p.trackmytarget.com/?tmt_data=9af1be95-c69b-417b-a35d-ec5b631c64ef&event_sid=625w40&type=lead&id=3470 - ANSWER - 
[2020/01/18 05:23:42] OK - http://p.trackmytarget.com/?tmt_data=549a5b8d-eedd-420c-afba-062eaa411664&event_sid=4ah5bj&type=lead&id=3473 - ANSWER - 
[2020/01/18 05:27:43] OK - http://p.trackmytarget.com/?tmt_data=549a5b8d-eedd-420c-afba-062eaa411664&event_sid=4ah5bj&type=lead&id=3474 - ANSWER - 
[2020/01/18 06:11:43] OK - http://p.trackmytarget.com/?tmt_data=606c3b91-cdc3-40d5-b511-f6b3596b4764&event_sid=ob3d71&type=lead&id=3475 - ANSWER - 
[2020/01/18 10:39:42] OK - http://p.trackmytarget.com/?tmt_data=faa258a4-c25c-4f75-aa95-b6fd6b6949b9&event_sid=4ah5bj&type=lead&id=3477 - ANSWER - 
[2020/01/19 02:33:43] OK - http://p.trackmytarget.com/?tmt_data=fb13a5b1-4048-4ef8-bf8b-00b3aef11526&event_sid=4ah5bj&type=lead&id=3480 - ANSWER - 
[2020/01/19 03:54:43] OK - http://p.trackmytarget.com/?tmt_data=ee48e8c9-f6cd-4c17-9f43-474232324bfb&event_sid=4ah5bj&type=lead&id=3481 - ANSWER - 
[2020/01/19 04:39:44] OK - http://p.trackmytarget.com/?tmt_data=af58b617-39f2-4de2-92ad-4eb0527a486b&event_sid=4ah5bj&type=lead&id=3482 - ANSWER - 
[2020/01/19 10:20:43] OK - http://p.trackmytarget.com/?tmt_data=28c9eb61-e0b2-4b9f-8b06-5892f87933de&event_sid=tvwr7o&type=lead&id=3483 - ANSWER - 
[2020/01/20 09:46:43] OK - http://p.trackmytarget.com/?tmt_data=b1f45af0-69cb-45e1-94af-68ed318965b4&event_sid=4ah5bj&type=lead&id=3484 - ANSWER - 
[2020/01/20 10:18:43] OK - http://p.trackmytarget.com/?tmt_data=f2630dd1-deef-41e0-9e7d-0b554dfb48c3&event_sid=4ah5bj&type=lead&id=3485 - ANSWER - 
[2020/01/20 12:36:43] OK - http://p.trackmytarget.com/?tmt_data=8f41c310-009d-48c7-9637-3eceaf74e5a8&event_sid=4ah5bj&type=lead&id=3486 - ANSWER - 
[2020/01/20 01:02:43] OK - http://p.trackmytarget.com/?tmt_data=b1b78c1b-01c8-479a-a003-9c6f7e256ea2&event_sid=4ah5bj&type=lead&id=3487 - ANSWER - 
[2020/01/20 02:51:43] OK - http://p.trackmytarget.com/?tmt_data=2960b788-7983-497c-8d6a-4f90ba53c617&event_sid=ob3d71&type=lead&id=3488 - ANSWER - 
[2020/01/20 03:16:43] OK - http://p.trackmytarget.com/?tmt_data=7f109225-bf1c-49c7-988a-c96a164e57fd&event_sid=ob3d71&type=lead&id=3491 - ANSWER - 
[2020/01/20 06:56:43] OK - http://p.trackmytarget.com/?tmt_data=0f3d3c25-17ec-402a-a175-30cab80d649d&event_sid=4ah5bj&type=lead&id=3492 - ANSWER - 
[2020/01/20 07:19:43] OK - http://p.trackmytarget.com/?tmt_data=6f52e217-8006-4c11-ae9f-a7a96412cce4&event_sid=bnm2d1&type=lead&id=3494 - ANSWER - 
[2020/01/20 08:04:43] OK - http://p.trackmytarget.com/?tmt_data=86c49ed1-8b08-45ed-ada2-e587fa9b37e1&event_sid=4ah5bj&type=lead&id=3495 - ANSWER - 
[2020/01/20 08:27:44] OK - http://p.trackmytarget.com/?tmt_data=4c3a144c-0142-4bb5-9bbf-e52f50a68102&event_sid=ob3d71&type=lead&id=3496 - ANSWER - 
[2020/01/20 09:14:43] OK - http://p.trackmytarget.com/?tmt_data=caafdd27-094c-42b8-8860-d72adeca449b&event_sid=4ah5bj&type=lead&id=3497 - ANSWER - 
[2020/01/20 09:26:43] OK - http://p.trackmytarget.com/?tmt_data=5417f5c7-b4b3-4c5d-b549-9520ff365049&event_sid=bnm2d1&type=lead&id=3498 - ANSWER - 
[2020/01/21 12:37:43] OK - http://p.trackmytarget.com/?tmt_data=8e0b12db-7b9e-4348-8235-e6b7f8728792&event_sid=bnm2d1&type=lead&id=3500 - ANSWER - 
[2020/01/21 08:09:43] OK - http://p.trackmytarget.com/?tmt_data=d6857c9b-4d45-442e-bf5e-33ad2214fb37&event_sid=4ah5bj&type=lead&id=3501 - ANSWER - 
[2020/01/21 09:41:42] OK - http://p.trackmytarget.com/?tmt_data=b1b78c1b-01c8-479a-a003-9c6f7e256ea2&event_sid=4ah5bj&type=lead&id=3502 - ANSWER - 
[2020/01/21 01:14:44] OK - http://p.trackmytarget.com/?tmt_data=f7996133-04d8-4411-916a-252599eee0b4&event_sid=4ah5bj&type=lead&id=3503 - ANSWER - 
[2020/01/21 01:45:43] OK - http://p.trackmytarget.com/?tmt_data=23f9634e-7030-44db-a640-df86e13341b5&event_sid=4ah5bj&type=lead&id=3504 - ANSWER - 
[2020/01/21 03:05:43] OK - http://p.trackmytarget.com/?tmt_data=84151952-e57b-4697-a2e5-8389363f65d2&event_sid=4ah5bj&type=lead&id=3505 - ANSWER - 
[2020/01/21 03:33:43] OK - http://p.trackmytarget.com/?tmt_data=b81f8c0b-96bd-4c12-a4e8-be3405a6eed8&event_sid=bnm2d1&type=lead&id=3507 - ANSWER - 
[2020/01/21 03:41:43] OK - http://p.trackmytarget.com/?tmt_data=bb025527-975a-4e4e-ada8-8024a6e70869&event_sid=ob3d71&type=lead&id=3508 - ANSWER - 
[2020/01/21 03:45:43] OK - http://p.trackmytarget.com/?tmt_data=d281219c-a23d-478d-824a-7451101c5155&event_sid=4ah5bj&type=lead&id=3509 - ANSWER - 
[2020/01/21 06:17:43] OK - http://p.trackmytarget.com/?tmt_data=fcc61179-ea08-444a-b1f3-3b56be8adde3&event_sid=ob3d71&type=lead&id=3510 - ANSWER - 
[2020/01/21 06:17:47] OK - http://p.trackmytarget.com/?tmt_data=fcc61179-ea08-444a-b1f3-3b56be8adde3&event_sid=ob3d71&type=lead&id=3512 - ANSWER - 
[2020/01/21 08:08:42] OK - http://p.trackmytarget.com/?tmt_data=9ad68b47-92ef-4e83-ae93-80783fe9c7e5&event_sid=ob3d71&type=lead&id=3514 - ANSWER - 
[2020/01/22 12:16:43] OK - http://p.trackmytarget.com/?tmt_data=7c1902bf-61f2-4fdd-b985-a5b00f3a3962&event_sid=4ah5bj&type=lead&id=3517 - ANSWER - 
[2020/01/22 12:28:43] OK - http://p.trackmytarget.com/?tmt_data=7c1902bf-61f2-4fdd-b985-a5b00f3a3962&event_sid=4ah5bj&type=lead&id=3519 - ANSWER - 
[2020/01/22 03:18:42] OK - http://p.trackmytarget.com/?tmt_data=30821afb-299b-49be-b7cb-c6dd2269bc39&event_sid=4ah5bj&type=lead&id=3522 - ANSWER - 
[2020/01/22 03:37:43] OK - http://p.trackmytarget.com/?tmt_data=30821afb-299b-49be-b7cb-c6dd2269bc39&event_sid=ob3d71&type=lead&id=3523 - ANSWER - 
[2020/01/22 05:16:43] OK - http://p.trackmytarget.com/?tmt_data=6f07b265-7218-4a7b-bf24-ae9c850a8b6b&event_sid=4ah5bj&type=lead&id=3525 - ANSWER - 
[2020/01/22 05:55:47] OK - http://p.trackmytarget.com/?tmt_data=efd8534c-8223-4b7d-90ce-f28ea99a0e6e&event_sid=4ah5bj&type=lead&id=3529 - ANSWER - 
[2020/01/22 06:22:43] OK - http://p.trackmytarget.com/?tmt_data=262d08ef-c7ef-4f92-8d28-3a0d60da2eca&event_sid=4ah5bj&type=lead&id=3530 - ANSWER - 
[2020/01/22 06:24:43] OK - http://p.trackmytarget.com/?tmt_data=262d08ef-c7ef-4f92-8d28-3a0d60da2eca&event_sid=4ah5bj&type=lead&id=3531 - ANSWER - 
[2020/01/22 10:13:43] OK - http://p.trackmytarget.com/?tmt_data=c2a63a63-95cb-4bd7-b779-0781ae223f55&event_sid=4ah5bj&type=lead&id=3533 - ANSWER - 
[2020/01/23 12:16:43] OK - http://p.trackmytarget.com/?tmt_data=ce9899ce-a71a-42e6-a499-697cb9a889ff&event_sid=4ah5bj&type=lead&id=3534 - ANSWER - 
[2020/01/23 01:19:43] OK - http://p.trackmytarget.com/?tmt_data=88c2fd1e-9934-44c3-9cae-7390d2df3bd7&event_sid=4ah5bj&type=lead&id=3536 - ANSWER - 
[2020/01/23 12:30:43] OK - http://p.trackmytarget.com/?tmt_data=99f32467-edcb-42c3-8f8a-45072f0a45f4&event_sid=ob3d71&type=lead&id=3538 - ANSWER - 
[2020/01/23 05:03:43] OK - http://p.trackmytarget.com/?tmt_data=2887fb8b-7e87-46b7-bd4b-733b4db45563&event_sid=4ah5bj&type=lead&id=3539 - ANSWER - 
[2020/01/23 08:31:43] OK - http://p.trackmytarget.com/?tmt_data=2fcc3330-fcba-41b5-9537-bce2b4094648&event_sid=ob3d71&type=lead&id=3543 - ANSWER - 
[2020/01/23 08:48:44] OK - http://p.trackmytarget.com/?tmt_data=776e52a9-f635-4ca3-9604-c8e13809844f&event_sid=4ah5bj&type=lead&id=3545 - ANSWER - 
[2020/01/24 04:25:43] OK - http://p.trackmytarget.com/?tmt_data=932dbc37-d5b3-4fa7-9ea7-c41b47de0c77&event_sid=bnm2d1&type=lead&id=3549 - ANSWER - 
[2020/01/24 09:18:43] OK - http://p.trackmytarget.com/?tmt_data=a050d622-4420-4053-b214-b40757f2d243&event_sid=4ah5bj&type=lead&id=3550 - ANSWER - 
[2020/01/24 01:01:43] OK - http://p.trackmytarget.com/?tmt_data=7284cc6d-de56-4795-84fb-06647733a60d&event_sid=625w40&type=lead&id=3551 - ANSWER - 
[2020/01/24 01:57:43] OK - http://p.trackmytarget.com/?tmt_data=fa93f344-a41c-4fb5-ad09-12d8aaf14199&event_sid=bnm2d1&type=lead&id=3552 - ANSWER - 
[2020/01/24 02:33:44] OK - http://p.trackmytarget.com/?tmt_data=67a678c3-08e0-4f25-8821-e76085f19e22&event_sid=4ah5bj&type=lead&id=3554 - ANSWER - 
[2020/01/25 11:28:43] OK - http://p.trackmytarget.com/?tmt_data=890d2edb-b7ba-4aed-871e-28f2664623fc&event_sid=qc1963&type=lead&id=3559 - ANSWER - 
[2020/01/25 12:48:42] OK - http://p.trackmytarget.com/?tmt_data=548bba8b-a001-4c6a-a5f9-79d6faf66456&event_sid=ob3d71&type=lead&id=3560 - ANSWER - 
[2020/01/25 03:18:42] OK - http://p.trackmytarget.com/?tmt_data=18b201aa-8e34-4117-9065-b5de028fecd7&event_sid=4ah5bj&type=lead&id=3562 - ANSWER - 
[2020/01/25 04:16:43] OK - http://p.trackmytarget.com/?tmt_data=03661c00-0714-4a34-8953-e1f373b7b979&event_sid=4ah5bj&type=lead&id=3563 - ANSWER - 
[2020/01/25 06:31:43] OK - http://p.trackmytarget.com/?tmt_data=fa9b5cee-445d-4992-bf13-e23820f1e372&event_sid=4ah5bj&type=lead&id=3564 - ANSWER - 
[2020/01/25 08:16:42] OK - http://p.trackmytarget.com/?tmt_data=68ae42f0-b56b-4a76-b65a-70e8df327262&event_sid=4ah5bj&type=lead&id=3565 - ANSWER - 
[2020/01/26 10:43:43] OK - http://p.trackmytarget.com/?tmt_data=99f32467-edcb-42c3-8f8a-45072f0a45f4&event_sid=4ah5bj&type=lead&id=3568 - ANSWER - 
[2020/01/26 11:29:43] OK - http://p.trackmytarget.com/?tmt_data=ae2b4e08-7878-44a1-9a98-378d54e5f7a7&event_sid=bnm2d1&type=lead&id=3570 - ANSWER - 
[2020/01/26 05:19:43] OK - http://p.trackmytarget.com/?tmt_data=a4b2b194-3493-4f02-975b-ddfd1c9da6f4&event_sid=4ah5bj&type=lead&id=3574 - ANSWER - 
[2020/01/26 05:42:42] OK - http://p.trackmytarget.com/?tmt_data=91679b84-9423-421d-b508-6064f869998e&event_sid=4ah5bj&type=lead&id=3575 - ANSWER - 
[2020/01/26 07:41:42] OK - http://p.trackmytarget.com/?tmt_data=b509d55e-cec2-41a3-ac40-1747afa252af&event_sid=ob3d71&type=lead&id=3576 - ANSWER - 
[2020/01/26 09:58:42] OK - http://p.trackmytarget.com/?tmt_data=b65298b5-5242-4406-88b0-b3e9875c6b7b&event_sid=4ah5bj&type=lead&id=3577 - ANSWER - 
[2020/01/26 10:17:43] OK - http://p.trackmytarget.com/?tmt_data=cc46c29b-3e40-4ac7-9997-9a876fa509ac&event_sid=4ah5bj&type=lead&id=3578 - ANSWER - 
[2020/01/27 10:31:43] OK - http://p.trackmytarget.com/?tmt_data=70745839-2b67-4a61-ad68-d433105457c5&event_sid=4ah5bj&type=lead&id=3579 - ANSWER - 
[2020/01/27 11:31:43] OK - http://p.trackmytarget.com/?tmt_data=e1079718-e52b-4138-9ab0-bc122f83c6d3&event_sid=4ah5bj&type=lead&id=3580 - ANSWER - 
[2020/01/27 12:25:43] OK - http://p.trackmytarget.com/?tmt_data=e656d659-56c0-4d05-9a54-0b55ffb9741f&event_sid=bnm2d1&type=lead&id=3582 - ANSWER - 
[2020/01/27 01:47:43] OK - http://p.trackmytarget.com/?tmt_data=bfdd9038-6d8f-4b0c-b36f-67d4bcd210f9&event_sid=625w40&type=lead&id=3583 - ANSWER - 
[2020/01/27 02:29:43] OK - http://p.trackmytarget.com/?tmt_data=e0f80b2c-acfa-478a-9c3e-1397d851956f&event_sid=4ah5bj&type=lead&id=3584 - ANSWER - 
[2020/01/27 05:45:43] OK - http://p.trackmytarget.com/?tmt_data=a4b2b194-3493-4f02-975b-ddfd1c9da6f4&event_sid=4ah5bj&type=lead&id=3587 - ANSWER - 
[2020/01/27 07:00:43] OK - http://p.trackmytarget.com/?tmt_data=0b148986-a79d-4659-8ed5-8587a7bf4146&event_sid=ob3d71&type=lead&id=3588 - ANSWER - 
[2020/01/28 12:39:43] OK - http://p.trackmytarget.com/?tmt_data=2fcc3330-fcba-41b5-9537-bce2b4094648&event_sid=ob3d71&type=lead&id=3591 - ANSWER - 
[2020/01/28 02:08:43] OK - http://p.trackmytarget.com/?tmt_data=2de521c9-763e-404f-be43-ac98bfe8bb7e&event_sid=ob3d71&type=lead&id=3593 - ANSWER - 
[2020/01/28 02:51:43] OK - http://p.trackmytarget.com/?tmt_data=20bcbea1-9bcd-4c7d-b15d-b93b49fe2fde&event_sid=4ah5bj&type=lead&id=3596 - ANSWER - 
[2020/01/28 03:19:42] OK - http://p.trackmytarget.com/?tmt_data=589f14b1-610e-4abe-8d58-c4c931f9d9fa&event_sid=ob3d71&type=lead&id=3597 - ANSWER - 
[2020/01/28 04:36:43] OK - http://p.trackmytarget.com/?tmt_data=1edb29ff-c0ef-45a1-bbf7-c9fe10f80112&event_sid=4ah5bj&type=lead&id=3598 - ANSWER - 
[2020/01/28 05:09:43] OK - http://p.trackmytarget.com/?tmt_data=38e3c96a-a266-41c0-94cd-4c59f50e9543&event_sid=4ah5bj&type=lead&id=3599 - ANSWER - 
[2020/01/28 05:21:43] OK - http://p.trackmytarget.com/?tmt_data=fd950aa2-6dbc-4f6f-9056-cd815e14ff55&event_sid=4ah5bj&type=lead&id=3601 - ANSWER - 
[2020/01/28 06:21:43] OK - http://p.trackmytarget.com/?tmt_data=ca386567-6d0a-4fb7-88bd-6e2f0682eaa1&event_sid=4ah5bj&type=lead&id=3602 - ANSWER - 
[2020/01/28 07:53:43] OK - http://p.trackmytarget.com/?tmt_data=2d31aa36-e10f-477e-90f1-2688c265ad90&event_sid=ob3d71&type=lead&id=3603 - ANSWER - 
[2020/01/29 10:56:43] OK - http://p.trackmytarget.com/?tmt_data=f8e92b88-af9e-43b4-8977-f6b438144b97&event_sid=4ah5bj&type=lead&id=3604 - ANSWER - 
[2020/01/29 01:13:43] OK - http://p.trackmytarget.com/?tmt_data=739ec6d9-0a2f-41fb-9749-137c08f9a583&event_sid=4ah5bj&type=lead&id=3607 - ANSWER - 
[2020/01/29 03:20:43] OK - http://p.trackmytarget.com/?tmt_data=051525b7-366b-47d0-9506-b6259f2c0931&event_sid=bnm2d1&type=lead&id=3608 - ANSWER - 
[2020/01/29 04:08:43] OK - http://p.trackmytarget.com/?tmt_data=0b148986-a79d-4659-8ed5-8587a7bf4146&event_sid=4ah5bj&type=lead&id=3609 - ANSWER - 
[2020/01/29 04:52:43] OK - http://p.trackmytarget.com/?tmt_data=13817658-a755-4863-8679-f9c97b4f90eb&event_sid=4ah5bj&type=lead&id=3612 - ANSWER - 
[2020/01/29 04:53:42] OK - http://p.trackmytarget.com/?tmt_data=db9323f3-aee0-4c10-830e-e8f4fdb800ca&event_sid=4ah5bj&type=lead&id=3613 - ANSWER - 
[2020/01/29 05:08:43] OK - http://p.trackmytarget.com/?tmt_data=db9323f3-aee0-4c10-830e-e8f4fdb800ca&event_sid=ob3d71&type=lead&id=3614 - ANSWER - 
[2020/01/29 11:39:43] OK - http://p.trackmytarget.com/?tmt_data=c8ef6bd7-884d-476b-968b-b5fbf87500e1&event_sid=4ah5bj&type=lead&id=3615 - ANSWER - 
[2020/01/30 01:49:43] OK - http://p.trackmytarget.com/?tmt_data=380e0d88-965a-4fa2-a4d4-7746576177a8&event_sid=4ah5bj&type=lead&id=3616 - ANSWER - 
[2020/01/30 11:59:43] OK - http://p.trackmytarget.com/?tmt_data=64ce15c1-346c-44e1-b75a-4d44d2e12525&event_sid=4ah5bj&type=lead&id=3620 - ANSWER - 
[2020/01/30 12:23:44] OK - http://p.trackmytarget.com/?tmt_data=e668a53c-5f66-4e84-b11d-79ebe4d37376&event_sid=625w40&type=lead&id=3621 - ANSWER - 
[2020/01/30 01:45:43] OK - http://p.trackmytarget.com/?tmt_data=7d2e9c76-4433-4226-9f8b-11ed21a03f08&event_sid=bnm2d1&type=lead&id=3622 - ANSWER - 
[2020/01/30 04:35:44] OK - http://p.trackmytarget.com/?tmt_data=a16619ae-b748-4c4f-a17e-41f041bf89ac&event_sid=ob3d71&type=lead&id=3624 - ANSWER - 
[2020/01/30 06:24:43] OK - http://p.trackmytarget.com/?tmt_data=380e0d88-965a-4fa2-a4d4-7746576177a8&event_sid=4ah5bj&type=lead&id=3627 - ANSWER - 
[2020/01/30 06:25:43] OK - http://p.trackmytarget.com/?tmt_data=7284cc6d-de56-4795-84fb-06647733a60d&event_sid=625w40&type=lead&id=3628 - ANSWER - 
[2020/01/30 11:29:43] OK - http://p.trackmytarget.com/?tmt_data=d5f4a585-514a-4ec4-b367-0e08b247fd03&event_sid=bnm2d1&type=lead&id=3631 - ANSWER - 
[2020/01/31 10:18:43] OK - http://p.trackmytarget.com/?tmt_data=f4b626b8-fa60-44de-9c39-174a6be89e5f&event_sid=4ah5bj&type=lead&id=3634 - ANSWER - 
[2020/01/31 11:13:44] OK - http://p.trackmytarget.com/?tmt_data=750e68f4-b27d-452d-b9de-249b8df72226&event_sid=bnm2d1&type=lead&id=3635 - ANSWER - 
[2020/01/31 12:41:43] OK - http://p.trackmytarget.com/?tmt_data=94e0e9a6-00a9-4e37-996a-accef913b22b&event_sid=bnm2d1&type=lead&id=3637 - ANSWER - 
[2020/01/31 05:45:44] OK - http://p.trackmytarget.com/?tmt_data=d51abe21-eee9-4419-b2dc-477e7f70400c&event_sid=4ah5bj&type=lead&id=3643 - ANSWER - 
[2020/01/31 09:10:43] OK - http://p.trackmytarget.com/?tmt_data=73567f6e-b8c3-4db0-9e35-8f3d96588a9d&event_sid=4ah5bj&type=lead&id=3646 - ANSWER - 
[2020/02/01 01:15:44] OK - http://p.trackmytarget.com/?tmt_data=589f14b1-610e-4abe-8d58-c4c931f9d9fa&event_sid=ob3d71&type=lead&id=3648 - ANSWER - 
[2020/02/01 01:35:43] OK - http://p.trackmytarget.com/?tmt_data=8a6a6c3b-bfc3-444b-a251-de0dab3aa416&event_sid=ob3d71&type=lead&id=3650 - ANSWER - 
[2020/02/01 02:45:43] OK - http://p.trackmytarget.com/?tmt_data=8cd8c95f-663e-446e-b41d-7ae774ead57b&event_sid=625w40&type=lead&id=3651 - ANSWER - 
[2020/02/01 06:50:43] OK - http://p.trackmytarget.com/?tmt_data=1455aa09-2dad-4fbb-93ad-ee5850a66a6f&event_sid=ob3d71&type=lead&id=3653 - ANSWER - 
[2020/02/02 01:35:42] OK - http://p.trackmytarget.com/?tmt_data=4b23f281-5547-404e-89ee-805ecade1651&event_sid=4ah5bj&type=lead&id=3654 - ANSWER - 
[2020/02/02 12:40:43] OK - http://p.trackmytarget.com/?tmt_data=416589e1-a18b-4b3b-ba8f-96bbc7c7c961&event_sid=ob3d71&type=lead&id=3655 - ANSWER - 
[2020/02/02 02:55:43] OK - http://p.trackmytarget.com/?tmt_data=fa0b7998-01eb-4ee1-b1d2-b9b6cb5bd8ea&event_sid=ob3d71&type=lead&id=3656 - ANSWER - 
[2020/02/02 09:20:43] OK - http://p.trackmytarget.com/?tmt_data=a6efe072-9b19-4dfa-b1e6-2eb4fba37c76&event_sid=4ah5bj&type=lead&id=3657 - ANSWER - 
[2020/02/03 11:20:42] OK - http://p.trackmytarget.com/?tmt_data=ed32de50-03e0-498e-9d7b-1814901bc24e&event_sid=625w40&type=lead&id=3659 - ANSWER - 
[2020/02/03 11:40:42] OK - http://p.trackmytarget.com/?tmt_data=d2b5623f-b9a4-4084-a25a-5def54c13985&event_sid=qc1963&type=lead&id=3661 - ANSWER - 
[2020/02/03 03:45:43] OK - http://p.trackmytarget.com/?tmt_data=6b5b8066-7b3c-4d88-99cb-54f06e90e6dd&event_sid=4ah5bj&type=lead&id=3663 - ANSWER - 
[2020/02/03 06:25:43] OK - http://p.trackmytarget.com/?tmt_data=5f0941ab-bcea-486d-bd11-e8a1feda56f9&event_sid=ob3d71&type=lead&id=3664 - ANSWER - 
[2020/02/03 07:05:42] OK - http://p.trackmytarget.com/?tmt_data=c1cb8870-8a08-4a27-b6a3-3171364968e4&event_sid=ob3d71&type=lead&id=3665 - ANSWER - 
[2020/02/03 07:25:43] OK - http://p.trackmytarget.com/?tmt_data=3563e7c0-9db4-4a6b-adb0-3f3f9155b2ac&event_sid=4ah5bj&type=lead&id=3666 - ANSWER - 
[2020/02/03 08:40:43] OK - http://p.trackmytarget.com/?tmt_data=3563e7c0-9db4-4a6b-adb0-3f3f9155b2ac&event_sid=ob3d71&type=lead&id=3667 - ANSWER - 
[2020/02/04 04:50:42] OK - http://p.trackmytarget.com/?tmt_data=ba98aa7b-60f6-4d5f-80ab-33301070c1ef&event_sid=ob3d71&type=lead&id=3668 - ANSWER - 
[2020/02/04 07:00:42] OK - http://p.trackmytarget.com/?tmt_data=a609d74c-9d87-4d25-b552-52ba1259d29f&event_sid=4ah5bj&type=lead&id=3669 - ANSWER - 
[2020/02/04 12:50:42] OK - http://p.trackmytarget.com/?tmt_data=ed32de50-03e0-498e-9d7b-1814901bc24e&event_sid=625w40&type=lead&id=3670 - ANSWER - 
[2020/02/04 12:55:43] OK - http://p.trackmytarget.com/?tmt_data=70a94d14-8ba9-435a-bb4e-9b0607035828&event_sid=4ah5bj&type=lead&id=3672 - ANSWER - 
[2020/02/04 01:10:42] OK - http://p.trackmytarget.com/?tmt_data=18aedbad-4477-4c64-b255-6ea02461df11&event_sid=bnm2d1&type=lead&id=3673 - ANSWER - 
[2020/02/04 04:00:43] OK - http://p.trackmytarget.com/?tmt_data=78ebcd61-5703-4214-ac85-1051c35fcbf0&event_sid=4ah5bj&type=lead&id=3674 - ANSWER - 
[2020/02/04 04:20:44] OK - http://p.trackmytarget.com/?tmt_data=42a59684-1c15-465a-b344-4412574cf673&event_sid=4ah5bj&type=lead&id=3675 - ANSWER - 
[2020/02/04 08:00:43] OK - http://p.trackmytarget.com/?tmt_data=f6e047d0-5b29-4f0f-a518-c3f233844a1e&event_sid=4ah5bj&type=lead&id=3677 - ANSWER - 
[2020/02/04 08:50:43] OK - http://p.trackmytarget.com/?tmt_data=6b5b8066-7b3c-4d88-99cb-54f06e90e6dd&event_sid=4ah5bj&type=lead&id=3678 - ANSWER - 
[2020/02/04 09:50:43] OK - http://p.trackmytarget.com/?tmt_data=92e2fe73-0625-4913-8313-a2f344de3642&event_sid=4ah5bj&type=lead&id=3680 - ANSWER - 
[2020/02/05 12:35:42] OK - http://p.trackmytarget.com/?tmt_data=603911da-c825-4d73-8179-a1fcdef7f058&event_sid=625w40&type=lead&id=3683 - ANSWER - 
[2020/02/05 12:35:46] OK - http://p.trackmytarget.com/?tmt_data=8be14556-faed-4fa3-844d-cca59f9f39c3&event_sid=4ah5bj&type=lead&id=3685 - ANSWER - 
[2020/02/05 12:10:43] OK - http://p.trackmytarget.com/?tmt_data=c1f82682-2543-4bae-a82c-c88dd79a2641&event_sid=bnm2d1&type=lead&id=3687 - ANSWER - 
[2020/02/05 01:45:43] OK - http://p.trackmytarget.com/?tmt_data=0096f880-45b4-4018-8cba-f2c0beda458e&event_sid=4ah5bj&type=lead&id=3689 - ANSWER - 
[2020/02/05 02:05:42] OK - http://p.trackmytarget.com/?tmt_data=723422b1-aa44-4286-a510-78e5d6e26c38&event_sid=ob3d71&type=lead&id=3690 - ANSWER - 
[2020/02/05 04:20:43] OK - http://p.trackmytarget.com/?tmt_data=376cac60-da8a-4677-82cd-31db0597d919&event_sid=4ah5bj&type=lead&id=3691 - ANSWER - 
[2020/02/05 06:05:42] OK - http://p.trackmytarget.com/?tmt_data=119bbcd3-0a90-421b-a8ac-ba59ae1f9d62&event_sid=4ah5bj&type=lead&id=3693 - ANSWER - 
[2020/02/05 09:50:42] OK - http://p.trackmytarget.com/?tmt_data=e245a2d9-427f-4b2b-8c71-a2d48dd1365d&event_sid=4ah5bj&type=lead&id=3696 - ANSWER - 
[2020/02/06 12:30:42] OK - http://p.trackmytarget.com/?tmt_data=10f87781-5e53-42d8-9831-bebef17f416d&event_sid=bnm2d1&type=lead&id=3697 - ANSWER - 
[2020/02/06 09:50:43] OK - http://p.trackmytarget.com/?tmt_data=08b3d5ce-09f2-498f-85b6-9566d0d4be95&event_sid=4ah5bj&type=lead&id=3698 - ANSWER - 
[2020/02/06 01:25:43] OK - http://p.trackmytarget.com/?tmt_data=17949d35-41b2-47ec-8d7c-12ed9215fbe6&event_sid=4ah5bj&type=lead&id=3699 - ANSWER - 
[2020/02/06 01:35:43] OK - http://p.trackmytarget.com/?tmt_data=6ca66c8e-a1a6-4511-b6f5-14dfd423d85c&event_sid=ob3d71&type=lead&id=3701 - ANSWER - 
[2020/02/06 03:35:43] OK - http://p.trackmytarget.com/?tmt_data=6ca66c8e-a1a6-4511-b6f5-14dfd423d85c&event_sid=4ah5bj&type=lead&id=3702 - ANSWER - 
[2020/02/06 05:15:43] OK - http://p.trackmytarget.com/?tmt_data=ba3c7e73-46cd-4121-93eb-5113b3296969&event_sid=4ah5bj&type=lead&id=3703 - ANSWER - 
[2020/02/06 06:35:43] OK - http://p.trackmytarget.com/?tmt_data=41d7991a-b5b9-4ae9-97e1-e23719d50890&event_sid=4ah5bj&type=lead&id=3705 - ANSWER - 
[2020/02/06 06:45:43] OK - http://p.trackmytarget.com/?tmt_data=be5fdea3-85d6-4221-b62b-9393836b06fd&event_sid=4ah5bj&type=lead&id=3706 - ANSWER - 
[2020/02/06 10:40:42] OK - http://p.trackmytarget.com/?tmt_data=140f474d-b01d-41bf-9f12-55641baabcc8&event_sid=ob3d71&type=lead&id=3712 - ANSWER - 
[2020/02/06 11:15:42] OK - http://p.trackmytarget.com/?tmt_data=c3c47fab-97b0-4f4b-9e57-1448a270ac9b&event_sid=ob3d71&type=lead&id=3714 - ANSWER - 
[2020/02/07 12:15:48] OK - http://p.trackmytarget.com/?tmt_data=238a2a5e-39ce-4cfe-985a-3dbbdb9318bd&event_sid=4ah5bj&type=lead&id=3716 - ANSWER - 
[2020/02/07 12:30:01] OK - http://p.trackmytarget.com/?tmt_data=fd918886-1064-4b48-b108-4746e65320d5&event_sid=4ah5bj&type=lead&id=3718 - ANSWER - 
[2020/02/07 02:15:01] OK - http://p.trackmytarget.com/?tmt_data=1f10eedd-0aae-4dd1-8b70-e951e8929ac5&event_sid=4ah5bj&type=lead&id=3719 - ANSWER - 
[2020/02/07 03:15:02] OK - http://p.trackmytarget.com/?tmt_data=1f10eedd-0aae-4dd1-8b70-e951e8929ac5&event_sid=ob3d71&type=lead&id=3721 - ANSWER - 
[2020/02/07 04:30:02] OK - http://p.trackmytarget.com/?tmt_data=5bd2e09d-d096-4251-b739-c6098eeeb60d&event_sid=ob3d71&type=lead&id=3722 - ANSWER - 
[2020/02/07 05:05:02] OK - http://p.trackmytarget.com/?tmt_data=e78dd6fa-3a74-4525-a9e7-44f3dd055821&event_sid=4ah5bj&type=lead&id=3723 - ANSWER - 
[2020/02/08 03:25:03] OK - http://p.trackmytarget.com/?tmt_data=b9e5eaaa-0220-4ae3-ac1f-69a94cc8a425&event_sid=4ah5bj&type=lead&id=3728 - ANSWER - 
[2020/02/08 07:50:02] OK - http://p.trackmytarget.com/?tmt_data=4bd3e6d2-f15d-441c-b39c-28de73734bbc&event_sid=ob3d71&type=lead&id=3729 - ANSWER - 
[2020/02/09 11:25:02] OK - http://p.trackmytarget.com/?tmt_data=b328aefe-be6b-4186-8779-f059c34c901a&event_sid=ob3d71&type=lead&id=3730 - ANSWER - 
[2020/02/09 01:50:02] OK - http://p.trackmytarget.com/?tmt_data=a954c061-1e51-47fc-8751-98f5d5a3ffc2&event_sid=625w40&type=lead&id=3731 - ANSWER - 
[2020/02/09 09:55:02] OK - http://p.trackmytarget.com/?tmt_data=6ea76b1d-6d77-4350-99e4-439ad519c1d7&event_sid=bnm2d1&type=lead&id=3732 - ANSWER - 
[2020/02/10 02:00:02] OK - http://p.trackmytarget.com/?tmt_data=1b08f345-c3df-43cd-8126-a0f6792d0208&event_sid=4ah5bj&type=lead&id=3733 - ANSWER - 
[2020/02/10 11:40:02] OK - http://p.trackmytarget.com/?tmt_data=0d454511-1271-415a-8b6e-5051c5fefd95&event_sid=ob3d71&type=lead&id=3735 - ANSWER - 
[2020/02/10 12:30:02] OK - http://p.trackmytarget.com/?tmt_data=7f190461-5e5a-4f86-89b9-974d55cbbaf8&event_sid=4ah5bj&type=lead&id=3736 - ANSWER - 
[2020/02/10 04:55:01] OK - http://p.trackmytarget.com/?tmt_data=b0f6b5cc-0c10-43fc-b684-7e049ce41c6b&event_sid=4ah5bj&type=lead&id=3739 - ANSWER - 
[2020/02/10 05:00:02] OK - http://p.trackmytarget.com/?tmt_data=b0f6b5cc-0c10-43fc-b684-7e049ce41c6b&event_sid=bnm2d1&type=lead&id=3741 - ANSWER - 
[2020/02/10 06:45:02] OK - http://p.trackmytarget.com/?tmt_data=08c0621e-8eed-494b-9ee9-43b8684d8a2a&event_sid=625w40&type=lead&id=3743 - ANSWER - 
[2020/02/10 08:35:02] OK - http://p.trackmytarget.com/?tmt_data=fae81634-9920-4bfb-82a3-5f9617b7b208&event_sid=4ah5bj&type=lead&id=3744 - ANSWER - 
[2020/02/11 11:35:01] OK - http://p.trackmytarget.com/?tmt_data=bb4421c0-3eb1-48cb-8201-5b3270e84e37&event_sid=4ah5bj&type=lead&id=3747 - ANSWER - 
[2020/02/11 12:00:01] OK - http://p.trackmytarget.com/?tmt_data=fa93f344-a41c-4fb5-ad09-12d8aaf14199&event_sid=4ah5bj&type=lead&id=3748 - ANSWER - 
[2020/02/11 12:15:01] OK - http://p.trackmytarget.com/?tmt_data=2276338a-a827-4ab3-839f-4c41e28dd74c&event_sid=bnm2d1&type=lead&id=3749 - ANSWER - 
[2020/02/11 01:10:02] OK - http://p.trackmytarget.com/?tmt_data=be13e915-71c7-40f0-97a2-7db066d291ba&event_sid=4ah5bj&type=lead&id=3750 - ANSWER - 
[2020/02/11 02:25:02] OK - http://p.trackmytarget.com/?tmt_data=ccc899a5-ba68-4d05-ac33-7cfdb2e5eb14&event_sid=4ah5bj&type=lead&id=3751 - ANSWER - 
[2020/02/11 02:30:03] OK - http://p.trackmytarget.com/?tmt_data=bd3099c6-70eb-474b-9f79-ddda2dfb4523&event_sid=4ah5bj&type=lead&id=3752 - ANSWER - 
[2020/02/11 06:05:02] OK - http://p.trackmytarget.com/?tmt_data=b4d471b1-2367-4c88-b10a-7d4c02488238&event_sid=bnm2d1&type=lead&id=3757 - ANSWER - 
[2020/02/11 08:05:01] OK - http://p.trackmytarget.com/?tmt_data=03a2939a-d53e-48a8-bc20-862fe5dcbf18&event_sid=4ah5bj&type=lead&id=3760 - ANSWER - 
[2020/02/11 08:30:01] OK - http://p.trackmytarget.com/?tmt_data=80693bbd-948e-4948-8194-5b9756088bc0&event_sid=4ah5bj&type=lead&id=3761 - ANSWER - 
[2020/02/11 08:55:01] OK - http://p.trackmytarget.com/?tmt_data=bc91a24c-e6d5-403f-aa1c-9f5f785f62d2&event_sid=ob3d71&type=lead&id=3762 - ANSWER - 
[2020/02/12 09:10:02] OK - http://p.trackmytarget.com/?tmt_data=08771191-43e0-4657-a7b5-59f82393b4fb&event_sid=bnm2d1&type=lead&id=3763 - ANSWER - 
[2020/02/12 09:55:02] OK - http://p.trackmytarget.com/?tmt_data=99e634a1-bd5d-4069-be5e-80ce17f75e04&event_sid=4ah5bj&type=lead&id=3764 - ANSWER - 
[2020/02/12 10:55:02] OK - http://p.trackmytarget.com/?tmt_data=6a0f2b5e-e13c-4312-a906-d72f7b038294&event_sid=4ah5bj&type=lead&id=3766 - ANSWER - 
[2020/02/12 11:40:02] OK - http://p.trackmytarget.com/?tmt_data=739ec6d9-0a2f-41fb-9749-137c08f9a583&event_sid=4ah5bj&type=lead&id=3768 - ANSWER - 
[2020/02/12 01:10:01] OK - http://p.trackmytarget.com/?tmt_data=4a6a2782-7d16-439a-aeb4-e629cde2809b&event_sid=bnm2d1&type=lead&id=3772 - ANSWER - 
[2020/02/12 01:15:02] OK - http://p.trackmytarget.com/?tmt_data=543083ac-f65a-454b-bb9b-9bd63a6de588&event_sid=4ah5bj&type=lead&id=3773 - ANSWER - 
[2020/02/12 02:05:01] OK - http://p.trackmytarget.com/?tmt_data=a9e70a99-e783-4dfb-ac09-6a6391bd2364&event_sid=ob3d71&type=lead&id=3774 - ANSWER - 
[2020/02/12 03:20:02] OK - http://p.trackmytarget.com/?tmt_data=6fd03946-5b40-4daa-8bd6-41c2d1e7de48&event_sid=ob3d71&type=lead&id=3775 - ANSWER - 
[2020/02/12 03:25:01] OK - http://p.trackmytarget.com/?tmt_data=eb13459a-d003-4ea8-8e91-f3b712aa5eea&event_sid=4ah5bj&type=lead&id=3777 - ANSWER - 
[2020/02/12 03:25:06] OK - http://p.trackmytarget.com/?tmt_data=c13c3354-6654-432e-8e50-62fc4df838a3&event_sid=ob3d71&type=lead&id=3779 - ANSWER - 
[2020/02/12 05:00:01] OK - http://p.trackmytarget.com/?tmt_data=de28e99a-02b7-41a6-b76c-7b2526799c5b&event_sid=4ah5bj&type=lead&id=3780 - ANSWER - 
[2020/02/12 05:30:01] OK - http://p.trackmytarget.com/?tmt_data=fa93f344-a41c-4fb5-ad09-12d8aaf14199&event_sid=qc1963&type=lead&id=3783 - ANSWER - 
[2020/02/12 07:00:01] OK - http://p.trackmytarget.com/?tmt_data=9367a409-6fb4-488d-ad6c-e864181f2c49&event_sid=ob3d71&type=lead&id=3784 - ANSWER - 
[2020/02/12 07:35:02] OK - http://p.trackmytarget.com/?tmt_data=c13c3354-6654-432e-8e50-62fc4df838a3&event_sid=4ah5bj&type=lead&id=3785 - ANSWER - 
[2020/02/12 09:10:01] OK - http://p.trackmytarget.com/?tmt_data=f0ab129c-fdb0-4af9-803f-8fc401e542ef&event_sid=4ah5bj&type=lead&id=3788 - ANSWER - 
[2020/02/12 09:45:01] OK - http://p.trackmytarget.com/?tmt_data=405a50a7-d52c-44b6-89b3-63fe9486c979&event_sid=4ah5bj&type=lead&id=3790 - ANSWER - 
[2020/02/12 10:25:02] OK - http://p.trackmytarget.com/?tmt_data=d4c1abd3-eaba-4ce8-b034-ff16b6dd15cb&event_sid=625w40&type=lead&id=3792 - ANSWER - 
[2020/02/13 12:00:01] OK - http://p.trackmytarget.com/?tmt_data=be13e915-71c7-40f0-97a2-7db066d291ba&event_sid=bnm2d1&type=lead&id=3794 - ANSWER - 
[2020/02/13 01:10:01] OK - http://p.trackmytarget.com/?tmt_data=89d10fff-e82a-4b54-8c58-c83e83cfbba0&event_sid=ob3d71&type=lead&id=3795 - ANSWER - 
[2020/02/13 12:00:01] OK - http://p.trackmytarget.com/?tmt_data=b4e93e5e-6bfd-427c-9657-8bd5d10454c2&event_sid=4ah5bj&type=lead&id=3798 - ANSWER - 
[2020/02/13 12:20:02] OK - http://p.trackmytarget.com/?tmt_data=740f8b8e-c9a4-4d78-8317-cdb8cf33c291&event_sid=ob3d71&type=lead&id=3799 - ANSWER - 
[2020/02/13 12:25:01] OK - http://p.trackmytarget.com/?tmt_data=6b5b8066-7b3c-4d88-99cb-54f06e90e6dd&event_sid=4ah5bj&type=lead&id=3800 - ANSWER - 
[2020/02/13 02:00:02] OK - http://p.trackmytarget.com/?tmt_data=49c65960-1840-4b93-a8ad-69268c604842&event_sid=tvwr7o&type=lead&id=3801 - ANSWER - 
[2020/02/13 09:00:03] OK - http://p.trackmytarget.com/?tmt_data=c927617b-7113-4a58-bbc2-2909e85a8da3&event_sid=4ah5bj&type=lead&id=3802 - ANSWER - 
[2020/02/13 11:30:01] OK - http://p.trackmytarget.com/?tmt_data=b1339a90-278b-4863-b859-49c3c6885e77&event_sid=4ah5bj&type=lead&id=3804 - ANSWER - 
[2020/02/14 10:55:01] OK - http://p.trackmytarget.com/?tmt_data=ac039e3b-4c5a-4809-8593-bf490978df55&event_sid=4ah5bj&type=lead&id=3805 - ANSWER - 
[2020/02/14 11:05:02] OK - http://p.trackmytarget.com/?tmt_data=ac039e3b-4c5a-4809-8593-bf490978df55&event_sid=bnm2d1&type=lead&id=3806 - ANSWER - 
[2020/02/14 11:35:02] OK - http://p.trackmytarget.com/?tmt_data=49c65960-1840-4b93-a8ad-69268c604842&event_sid=tvwr7o&type=lead&id=3807 - ANSWER - 
[2020/02/14 11:50:01] OK - http://p.trackmytarget.com/?tmt_data=83e87d73-195e-453d-aee2-91263ca1cbd3&event_sid=ob3d71&type=lead&id=3808 - ANSWER - 
[2020/02/14 12:45:02] OK - http://p.trackmytarget.com/?tmt_data=3e6cb840-5062-44e9-b900-95c010af6ca9&event_sid=ob3d71&type=lead&id=3811 - ANSWER - 
[2020/02/14 04:05:02] OK - http://p.trackmytarget.com/?tmt_data=b0f6b5cc-0c10-43fc-b684-7e049ce41c6b&event_sid=ob3d71&type=lead&id=3815 - ANSWER - 
[2020/02/14 06:35:01] OK - http://p.trackmytarget.com/?tmt_data=7a9146a5-8870-44e9-9491-25af6fa06afe&event_sid=4ah5bj&type=lead&id=3817 - ANSWER - 
[2020/02/14 07:50:02] OK - http://p.trackmytarget.com/?tmt_data=d7604c0d-68d5-48f4-b5f1-33ed186f4468&event_sid=ob3d71&type=lead&id=3819 - ANSWER - 
[2020/02/14 11:05:02] OK - http://p.trackmytarget.com/?tmt_data=20656fc3-810f-4387-9c54-74ccff0f0fd1&event_sid=4ah5bj&type=lead&id=3820 - ANSWER - 
[2020/02/15 12:15:02] OK - http://p.trackmytarget.com/?tmt_data=0d50d0ca-bd9c-4617-b81d-47732d6e2f38&event_sid=bnm2d1&type=lead&id=3821 - ANSWER - 
[2020/02/15 03:10:02] OK - http://p.trackmytarget.com/?tmt_data=a738d892-e3b4-4f9f-ac4f-f8e9483f9ae3&event_sid=ob3d71&type=lead&id=3822 - ANSWER - 
[2020/02/15 05:00:02] OK - http://p.trackmytarget.com/?tmt_data=902cc2b1-d466-4b03-9e07-a3111f2fcb69&event_sid=4ah5bj&type=lead&id=3823 - ANSWER - 
[2020/02/15 05:05:01] OK - http://p.trackmytarget.com/?tmt_data=415788df-0139-469f-9e09-0c57a6602538&event_sid=4ah5bj&type=lead&id=3824 - ANSWER - 
[2020/02/16 10:20:01] OK - http://p.trackmytarget.com/?tmt_data=489eb85f-a446-4443-835d-5c7a1cdf6a86&event_sid=ob3d71&type=lead&id=3826 - ANSWER - 
[2020/02/16 11:55:02] OK - http://p.trackmytarget.com/?tmt_data=779e9019-0e22-4ce8-ae99-f78961bcee9c&event_sid=4ah5bj&type=lead&id=3827 - ANSWER - 
[2020/02/17 12:00:01] OK - http://p.trackmytarget.com/?tmt_data=f432cfd0-a02a-4900-b8b5-980b6ac11d17&event_sid=4ah5bj&type=lead&id=3829 - ANSWER - 
[2020/02/17 01:00:02] OK - http://p.trackmytarget.com/?tmt_data=415788df-0139-469f-9e09-0c57a6602538&event_sid=4ah5bj&type=lead&id=3830 - ANSWER - 
[2020/02/17 09:35:01] OK - http://p.trackmytarget.com/?tmt_data=df20d4fb-7846-4c4d-9c9f-2d2cbdd14ece&event_sid=bnm2d1&type=lead&id=3831 - ANSWER - 
[2020/02/17 10:20:02] OK - http://p.trackmytarget.com/?tmt_data=66dd5b0c-66e3-4b5c-9561-e086fb441b82&event_sid=ob3d71&type=lead&id=3832 - ANSWER - 
[2020/02/17 11:10:01] OK - http://p.trackmytarget.com/?tmt_data=54982388-bd14-410b-8be4-a4e2a10bea78&event_sid=4ah5bj&type=lead&id=3833 - ANSWER - 
[2020/02/17 12:00:02] OK - http://p.trackmytarget.com/?tmt_data=ac0984be-3ae6-442e-951d-437d35c28c7e&event_sid=4ah5bj&type=lead&id=3834 - ANSWER - 
[2020/02/17 12:15:02] OK - http://p.trackmytarget.com/?tmt_data=edbc2de0-fb14-4a23-b516-5cd39e0023ae&event_sid=4ah5bj&type=lead&id=3835 - ANSWER - 
[2020/02/17 01:40:02] OK - http://p.trackmytarget.com/?tmt_data=17619667-9a75-4c70-847f-cb17f58e54d4&event_sid=4ah5bj&type=lead&id=3836 - ANSWER - 
[2020/02/17 02:05:02] OK - http://p.trackmytarget.com/?tmt_data=c927617b-7113-4a58-bbc2-2909e85a8da3&event_sid=ob3d71&type=lead&id=3838 - ANSWER - 
[2020/02/17 02:45:01] OK - http://p.trackmytarget.com/?tmt_data=7d62e6a1-9f90-49f0-81e8-48cf362e80a0&event_sid=625w40&type=lead&id=3840 - ANSWER - 
[2020/02/17 03:30:01] OK - http://p.trackmytarget.com/?tmt_data=ad71ad4d-9728-4e34-b26a-8a23fc759915&event_sid=4ah5bj&type=lead&id=3841 - ANSWER - 
[2020/02/17 07:30:02] OK - http://p.trackmytarget.com/?tmt_data=a75d1f24-4411-4f17-a2bb-7981371bda27&event_sid=4ah5bj&type=lead&id=3842 - ANSWER - 
[2020/02/17 08:55:02] OK - http://p.trackmytarget.com/?tmt_data=b5065599-f070-469f-8e36-6111cf3d97c3&event_sid=ob3d71&type=lead&id=3843 - ANSWER - 
[2020/02/18 11:45:02] OK - http://p.trackmytarget.com/?tmt_data=9460aa77-2614-48f9-b0b3-e36c464f753f&event_sid=4ah5bj&type=lead&id=3845 - ANSWER - 
[2020/02/18 02:55:02] OK - http://p.trackmytarget.com/?tmt_data=1f10eedd-0aae-4dd1-8b70-e951e8929ac5&event_sid=ob3d71&type=lead&id=3848 - ANSWER - 
[2020/02/18 05:45:02] OK - http://p.trackmytarget.com/?tmt_data=2c416b70-e8c9-48d7-9ebd-f3b972d7f55e&event_sid=4ah5bj&type=lead&id=3849 - ANSWER - 
[2020/02/18 08:15:02] OK - http://p.trackmytarget.com/?tmt_data=8b12d0fa-cdd5-472c-a479-0460a706ca62&event_sid=bnm2d1&type=lead&id=3851 - ANSWER - 
[2020/02/18 10:40:02] OK - http://p.trackmytarget.com/?tmt_data=134e0e13-6d6f-46dd-86fe-6be58d80bc44&event_sid=4ah5bj&type=lead&id=3853 - ANSWER - 
[2020/02/19 10:35:02] OK - http://p.trackmytarget.com/?tmt_data=32d3eefe-a36d-4e50-8ece-9f2ea6aea90a&event_sid=bnm2d1&type=lead&id=3857 - ANSWER - 
[2020/02/19 11:00:04] OK - http://p.trackmytarget.com/?tmt_data=767024e9-e6cd-4161-b51a-7de1c608e425&event_sid=ob3d71&type=lead&id=3858 - ANSWER - 
[2020/02/19 11:40:01] OK - http://p.trackmytarget.com/?tmt_data=bd0c029d-f0f5-47a3-ab04-14ed40f9e4bc&event_sid=4ah5bj&type=lead&id=3859 - ANSWER - 
[2020/02/19 01:35:01] OK - http://p.trackmytarget.com/?tmt_data=23135e1a-bfcb-465a-9f48-b4ff6a1785e7&event_sid=bnm2d1&type=lead&id=3860 - ANSWER - 
[2020/02/19 02:10:02] OK - http://p.trackmytarget.com/?tmt_data=7c00194c-ea90-4b8b-83a6-324912605b45&event_sid=4ah5bj&type=lead&id=3862 - ANSWER - 
[2020/02/19 04:40:02] OK - http://p.trackmytarget.com/?tmt_data=10688f7a-9feb-430d-b4e0-1944a821281d&event_sid=ob3d71&type=lead&id=3863 - ANSWER - 
[2020/02/19 04:45:02] OK - http://p.trackmytarget.com/?tmt_data=10d4f465-e1ca-4d31-b6e6-0474ac4b0bc8&event_sid=ob3d71&type=lead&id=3864 - ANSWER - 
[2020/02/19 07:50:02] OK - http://p.trackmytarget.com/?tmt_data=6990c90b-605c-49e2-9b7f-42cd3d5fc865&event_sid=4ah5bj&type=lead&id=3866 - ANSWER - 
[2020/02/19 09:30:01] OK - http://p.trackmytarget.com/?tmt_data=02e12617-18dc-4bdf-8164-5c64c50afbdf&event_sid=bnm2d1&type=lead&id=3867 - ANSWER - 
[2020/02/20 12:05:02] OK - http://p.trackmytarget.com/?tmt_data=2a83f898-1d03-4f2f-a61d-4bbcb9d8fb56&event_sid=4ah5bj&type=lead&id=3870 - ANSWER - 
[2020/02/20 12:45:02] OK - http://p.trackmytarget.com/?tmt_data=23e88763-5d58-4ca6-a8cb-e1895f3d9636&event_sid=4ah5bj&type=lead&id=3873 - ANSWER - 
[2020/02/20 01:05:02] OK - http://p.trackmytarget.com/?tmt_data=08739ce2-ac71-41bf-8a88-fe4d56e07902&event_sid=ob3d71&type=lead&id=3874 - ANSWER - 
[2020/02/20 02:05:08] OK - http://p.trackmytarget.com/?tmt_data=8ef771e9-049b-4dba-8fba-b9d14e45c46a&event_sid=4ah5bj&type=lead&id=3877 - ANSWER - 
[2020/02/20 02:10:02] OK - http://p.trackmytarget.com/?tmt_data=4bf8290a-4d75-4329-bb07-fbc2b8dec3c8&event_sid=4ah5bj&type=lead&id=3878 - ANSWER - 
[2020/02/20 03:20:02] OK - http://p.trackmytarget.com/?tmt_data=eaa27139-4f4e-45e9-b57b-797e790cc392&event_sid=4ah5bj&type=lead&id=3880 - ANSWER - 
[2020/02/20 03:55:03] OK - http://p.trackmytarget.com/?tmt_data=43977776-ac29-43bf-be97-35925a016128&event_sid=ob3d71&type=lead&id=3881 - ANSWER - 
[2020/02/20 04:00:03] OK - http://p.trackmytarget.com/?tmt_data=85741178-c174-404a-81fb-7b8b92392256&event_sid=bnm2d1&type=lead&id=3882 - ANSWER - 
[2020/02/20 05:05:02] OK - http://p.trackmytarget.com/?tmt_data=2d720dda-6fb8-48f5-99c0-dea85021e7cc&event_sid=bnm2d1&type=lead&id=3884 - ANSWER - 
[2020/02/20 09:40:02] OK - http://p.trackmytarget.com/?tmt_data=63b11a11-ec1a-4f39-8a2d-b01cf052787c&event_sid=ob3d71&type=lead&id=3885 - ANSWER - 
[2020/02/21 11:25:02] OK - http://p.trackmytarget.com/?tmt_data=3bf239d1-c407-4d72-b316-37974e99d827&event_sid=ob3d71&type=lead&id=3887 - ANSWER - 
[2020/02/21 11:50:02] OK - http://p.trackmytarget.com/?tmt_data=0225bc25-8cd2-42c4-b7f7-43e8e1948922&event_sid=4ah5bj&type=lead&id=3889 - ANSWER - 
[2020/02/21 11:55:03] OK - http://p.trackmytarget.com/?tmt_data=0225bc25-8cd2-42c4-b7f7-43e8e1948922&event_sid=4ah5bj&type=lead&id=3890 - ANSWER - 
[2020/02/21 01:30:03] OK - http://p.trackmytarget.com/?tmt_data=38e3c96a-a266-41c0-94cd-4c59f50e9543&event_sid=4ah5bj&type=lead&id=3891 - ANSWER - 
[2020/02/21 03:00:02] OK - http://p.trackmytarget.com/?tmt_data=10d6019a-24b6-4f0e-9369-9d8a53cc2a25&event_sid=4ah5bj&type=lead&id=3894 - ANSWER - 
[2020/02/21 03:55:02] OK - http://p.trackmytarget.com/?tmt_data=d023b408-678d-4502-a130-6680dc07926c&event_sid=4ah5bj&type=lead&id=3895 - ANSWER - 
[2020/02/21 06:00:02] OK - http://p.trackmytarget.com/?tmt_data=ff955ee6-6f50-4e35-8505-6cf7249100b3&event_sid=4ah5bj&type=lead&id=3897 - ANSWER - 
[2020/02/21 06:05:02] OK - http://p.trackmytarget.com/?tmt_data=d5e193df-9a17-47ef-b521-95af5ac78332&event_sid=4ah5bj&type=lead&id=3898 - ANSWER - 
[2020/02/21 08:55:02] OK - http://p.trackmytarget.com/?tmt_data=255edca0-4a59-4e33-be5e-00b0cec6de28&event_sid=4ah5bj&type=lead&id=3899 - ANSWER - 
[2020/02/22 12:45:02] OK - http://p.trackmytarget.com/?tmt_data=23570111-9969-41b8-81e5-6340c096d730&event_sid=ob3d71&type=lead&id=3901 - ANSWER - 
[2020/02/22 08:40:03] OK - http://p.trackmytarget.com/?tmt_data=77284c92-90e4-4164-91f5-d69fb84e92a2&event_sid=4ah5bj&type=lead&id=3903 - ANSWER - 
[2020/02/22 02:40:02] OK - http://p.trackmytarget.com/?tmt_data=1693a6af-dfd0-4c87-ab07-c45d84d49e8b&event_sid=4ah5bj&type=lead&id=3904 - ANSWER - 
[2020/02/22 03:00:02] OK - http://p.trackmytarget.com/?tmt_data=0c58ec36-f795-412d-9e07-04c959c8c4a9&event_sid=ob3d71&type=lead&id=3905 - ANSWER - 
[2020/02/22 03:25:02] OK - http://p.trackmytarget.com/?tmt_data=710e7432-1838-42f1-a365-77b3e924ad08&event_sid=4ah5bj&type=lead&id=3906 - ANSWER - 
[2020/02/22 03:40:02] OK - http://p.trackmytarget.com/?tmt_data=d74e1a6b-f1ee-4ada-8641-e0383fca147f&event_sid=ob3d71&type=lead&id=3907 - ANSWER - 
[2020/02/22 04:50:02] OK - http://p.trackmytarget.com/?tmt_data=541cf9ba-023d-475e-ad80-ce3bf28d115d&event_sid=625w40&type=lead&id=3908 - ANSWER - 
[2020/02/22 04:55:02] OK - http://p.trackmytarget.com/?tmt_data=b3accbdc-de9c-4787-a7f9-188f24e286a1&event_sid=ob3d71&type=lead&id=3909 - ANSWER - 
[2020/02/22 05:10:02] OK - http://p.trackmytarget.com/?tmt_data=902cc2b1-d466-4b03-9e07-a3111f2fcb69&event_sid=4ah5bj&type=lead&id=3910 - ANSWER - 
[2020/02/23 09:20:02] OK - http://p.trackmytarget.com/?tmt_data=4e6b25c3-22f6-4453-9e26-d7e5547e6944&event_sid=4ah5bj&type=lead&id=3912 - ANSWER - 
[2020/02/23 12:40:02] OK - http://p.trackmytarget.com/?tmt_data=88294df8-fccf-470a-b118-c447d5f240d4&event_sid=4ah5bj&type=lead&id=3913 - ANSWER - 
[2020/02/23 02:15:02] OK - http://p.trackmytarget.com/?tmt_data=255f24bb-3a48-47f4-91a4-85b679349c4c&event_sid=tvwr7o&type=lead&id=3914 - ANSWER - 
[2020/02/23 02:45:02] OK - http://p.trackmytarget.com/?tmt_data=59b89027-08be-4980-9f80-ec101d865688&event_sid=4ah5bj&type=lead&id=3915 - ANSWER - 
[2020/02/24 11:00:02] OK - http://p.trackmytarget.com/?tmt_data=c8498f61-c5a9-4a10-a7e1-39fbab791b44&event_sid=ob3d71&type=lead&id=3916 - ANSWER - 
[2020/02/24 11:30:02] OK - http://p.trackmytarget.com/?tmt_data=ace56f35-e5a4-49e5-915c-456edf4b2477&event_sid=4ah5bj&type=lead&id=3917 - ANSWER - 
[2020/02/24 03:10:03] OK - http://p.trackmytarget.com/?tmt_data=6fa2f22e-2e6b-45d3-a67d-fc039282bca4&event_sid=ob3d71&type=lead&id=3919 - ANSWER - 
[2020/02/24 03:20:02] OK - http://p.trackmytarget.com/?tmt_data=57db52c6-926f-4d44-b630-f8797e13d0d2&event_sid=4ah5bj&type=lead&id=3920 - ANSWER - 
[2020/02/24 05:20:02] OK - http://p.trackmytarget.com/?tmt_data=0b78ed6f-a205-4339-87e1-e91c763c4739&event_sid=bnm2d1&type=lead&id=3921 - ANSWER - 
[2020/02/24 07:20:03] OK - http://p.trackmytarget.com/?tmt_data=b2f47d36-5a71-434e-98d4-17e0133e9c8b&event_sid=bnm2d1&type=lead&id=3923 - ANSWER - 
[2020/02/24 10:05:01] OK - http://p.trackmytarget.com/?tmt_data=bc97f55b-abf8-4e49-9b65-4e5e9e5051c0&event_sid=4ah5bj&type=lead&id=3924 - ANSWER - 
[2020/02/24 11:50:03] OK - http://p.trackmytarget.com/?tmt_data=abe997d1-5e64-4ff0-9eb2-497f7ad61e4d&event_sid=4ah5bj&type=lead&id=3926 - ANSWER - 
[2020/02/25 12:35:03] OK - http://p.trackmytarget.com/?tmt_data=5cd8559c-b289-4718-aded-4d8117307758&event_sid=4ah5bj&type=lead&id=3927 - ANSWER - 
[2020/02/25 09:30:02] OK - http://p.trackmytarget.com/?tmt_data=1c532e39-966a-4d3d-9446-24474904f605&event_sid=4ah5bj&type=lead&id=3928 - ANSWER - 
[2020/02/25 10:15:02] OK - http://p.trackmytarget.com/?tmt_data=d0add84f-3425-43f3-98cc-05c745f1f58c&event_sid=4ah5bj&type=lead&id=3929 - ANSWER - 
[2020/02/25 01:10:02] OK - http://p.trackmytarget.com/?tmt_data=beaf1258-a87b-4889-817c-9e8b04783989&event_sid=ob3d71&type=lead&id=3933 - ANSWER - 
[2020/02/25 03:15:02] OK - http://p.trackmytarget.com/?tmt_data=2aa1d61d-4956-40a9-a45c-0239183e45ea&event_sid=4ah5bj&type=lead&id=3934 - ANSWER - 
[2020/02/25 04:40:02] OK - http://p.trackmytarget.com/?tmt_data=5304b804-d2a4-41a3-8e2c-34e5957a5385&event_sid=4ah5bj&type=lead&id=3937 - ANSWER - 
[2020/02/25 09:20:03] OK - http://p.trackmytarget.com/?tmt_data=f139e4c7-946d-44bd-9ba2-1508fec51a91&event_sid=bnm2d1&type=lead&id=3938 - ANSWER - 
[2020/02/25 10:15:02] OK - http://p.trackmytarget.com/?tmt_data=fc95b188-f150-4c56-a9ae-fa25bdbef1c9&event_sid=4ah5bj&type=lead&id=3939 - ANSWER - 
[2020/02/25 11:40:03] OK - http://p.trackmytarget.com/?tmt_data=2d7735f5-b744-461d-9627-dec46c30be37&event_sid=ob3d71&type=lead&id=3940 - ANSWER - 
[2020/02/26 02:32:02] OK - http://p.trackmytarget.com/?tmt_data=2f7eb450-f1ba-47ff-ac70-7f906cde0ad3&event_sid=4ah5bj&type=lead&id=3946 - ANSWER - 
[2020/02/26 02:32:13] OK - http://p.trackmytarget.com/?tmt_data=589f14b1-610e-4abe-8d58-c4c931f9d9fa&event_sid=ob3d71&type=lead&id=3948 - ANSWER - 
[2020/02/26 03:10:03] OK - http://p.trackmytarget.com/?tmt_data=e4457492-6611-44cb-8c4e-887343903e77&event_sid=4ah5bj&type=lead&id=3949 - ANSWER - 
[2020/02/26 03:27:49] OK - http://p.trackmytarget.com/?tmt_data=7b43a66d-f5b6-4004-9493-ca4df26c765a&event_sid=4ah5bj&type=lead&id=3950 - ANSWER - 
[2020/02/26 08:29:01] OK - http://p.trackmytarget.com/?tmt_data=8cfcda37-4e26-4c4e-ab22-60f17dcaeef4&event_sid=4ah5bj&type=lead&id=3951 - ANSWER - 
[2020/02/26 10:52:00] OK - http://p.trackmytarget.com/?tmt_data=5a4f5e90-34b2-4e1b-8d78-dc8197353e71&event_sid=4ah5bj&type=lead&id=3952 - ANSWER - 
[2020/02/26 10:58:23] OK - http://p.trackmytarget.com/?tmt_data=949a5c08-90b3-4cac-bc1e-4bb1d0fc51ed&event_sid=4ah5bj&type=lead&id=3953 - ANSWER - 
[2020/02/26 11:12:35] OK - http://p.trackmytarget.com/?tmt_data=493c446e-8e50-47ce-8e38-a42489aad40d&event_sid=tvwr7o&type=lead&id=3955 - ANSWER - 
[2020/02/27 11:30:03] OK - http://p.trackmytarget.com/?tmt_data=750e68f4-b27d-452d-b9de-249b8df72226&event_sid=ob3d71&type=lead&id=3956 - ANSWER - 
[2020/02/27 02:20:02] OK - http://p.trackmytarget.com/?tmt_data=02e12617-18dc-4bdf-8164-5c64c50afbdf&event_sid=bnm2d1&type=lead&id=3957 - ANSWER - 
[2020/02/27 04:25:02] OK - http://p.trackmytarget.com/?tmt_data=6033ff52-5ec6-4d16-9018-a5d4deab7c67&event_sid=4ah5bj&type=lead&id=3958 - ANSWER - 
[2020/02/27 07:15:03] OK - http://p.trackmytarget.com/?tmt_data=d6f0a319-671e-4c4a-a2ae-eb38b3afed2d&event_sid=625w40&type=lead&id=3959 - ANSWER - 
[2020/02/27 07:35:02] OK - http://p.trackmytarget.com/?tmt_data=0052bd2c-1fd9-4ac2-9fab-bc8b020035b5&event_sid=ob3d71&type=lead&id=3960 - ANSWER - 
[2020/02/27 07:55:02] OK - http://p.trackmytarget.com/?tmt_data=c1d696fb-1a5c-4d15-83a6-13d7c0fcfe0d&event_sid=4ah5bj&type=lead&id=3961 - ANSWER - 
[2020/02/27 08:00:03] OK - http://p.trackmytarget.com/?tmt_data=5a3f62e0-3e84-4fef-a56c-0449fff5b818&event_sid=625w40&type=lead&id=3962 - ANSWER - 
[2020/02/27 09:00:02] OK - http://p.trackmytarget.com/?tmt_data=4ebf9055-85da-4bfc-acee-dfe71402e928&event_sid=4ah5bj&type=lead&id=3963 - ANSWER - 
[2020/02/28 01:00:04] OK - http://p.trackmytarget.com/?tmt_data=cbd500d0-5769-4781-b6c1-37a1b546d623&event_sid=ob3d71&type=lead&id=3964 - ANSWER - 
[2020/02/28 10:50:02] OK - http://p.trackmytarget.com/?tmt_data=2dc3919a-a096-471f-97ba-e34d4de8a78d&event_sid=4ah5bj&type=lead&id=3965 - ANSWER - 
[2020/02/28 12:10:02] OK - http://p.trackmytarget.com/?tmt_data=7b43a66d-f5b6-4004-9493-ca4df26c765a&event_sid=4ah5bj&type=lead&id=3966 - ANSWER - 
[2020/02/28 12:30:02] OK - http://p.trackmytarget.com/?tmt_data=7b43a66d-f5b6-4004-9493-ca4df26c765a&event_sid=4ah5bj&type=lead&id=3967 - ANSWER - 
[2020/02/28 02:05:02] OK - http://p.trackmytarget.com/?tmt_data=d082ca21-b3f8-41ad-9d9d-ec099167836c&event_sid=4ah5bj&type=lead&id=3968 - ANSWER - 
[2020/02/28 03:10:02] OK - http://p.trackmytarget.com/?tmt_data=aff4d01a-2a84-4f8f-a792-9a22661719c2&event_sid=qc1963&type=lead&id=3969 - ANSWER - 
[2020/02/29 12:05:02] OK - http://p.trackmytarget.com/?tmt_data=3a5d690b-d8ae-4849-8141-32af4f334ee0&event_sid=4ah5bj&type=lead&id=3970 - ANSWER - 
[2020/02/29 12:30:03] OK - http://p.trackmytarget.com/?tmt_data=4f1b6a84-0263-43c7-93d9-1223c9e52f39&event_sid=4ah5bj&type=lead&id=3971 - ANSWER - 
[2020/02/29 02:35:02] OK - http://p.trackmytarget.com/?tmt_data=93eed3c0-1ea8-42c3-8f18-bd040469d6f7&event_sid=ob3d71&type=lead&id=3973 - ANSWER - 
[2020/02/29 07:35:02] OK - http://p.trackmytarget.com/?tmt_data=b4a08e63-e262-4f98-9e4b-b9c5651ea143&event_sid=4ah5bj&type=lead&id=3974 - ANSWER - 
[2020/02/29 09:10:02] OK - http://p.trackmytarget.com/?tmt_data=4b23f281-5547-404e-89ee-805ecade1651&event_sid=ob3d71&type=lead&id=3975 - ANSWER - 
[2020/02/29 10:30:02] OK - http://p.trackmytarget.com/?tmt_data=b4a08e63-e262-4f98-9e4b-b9c5651ea143&event_sid=4ah5bj&type=lead&id=3976 - ANSWER - 
[2020/02/29 10:45:02] OK - http://p.trackmytarget.com/?tmt_data=6e3a5b3d-a284-4728-a54d-97d89795cce4&event_sid=4ah5bj&type=lead&id=3977 - ANSWER - 
[2020/02/29 11:35:02] OK - http://p.trackmytarget.com/?tmt_data=ff70c545-7efc-4095-afb7-4d8b42cb862d&event_sid=4ah5bj&type=lead&id=3979 - ANSWER - 
[2020/03/01 07:15:02] OK - http://p.trackmytarget.com/?tmt_data=9190f8ff-a7a0-430d-b05f-0eb7befe042a&event_sid=ob3d71&type=lead&id=3986 - ANSWER - 
[2020/03/01 08:15:02] OK - http://p.trackmytarget.com/?tmt_data=352282b7-33d3-46fc-8f1a-e50edf94ddd0&event_sid=ob3d71&type=lead&id=3988 - ANSWER - 
[2020/03/02 02:35:03] OK - http://p.trackmytarget.com/?tmt_data=d39e928f-fa62-40f6-8393-92efa41b5816&event_sid=4ah5bj&type=lead&id=3996 - ANSWER - 
[2020/03/02 02:40:02] OK - http://p.trackmytarget.com/?tmt_data=2d720dda-6fb8-48f5-99c0-dea85021e7cc&event_sid=bnm2d1&type=lead&id=3997 - ANSWER - 
[2020/03/02 04:15:02] OK - http://p.trackmytarget.com/?tmt_data=c0c512ea-8343-4f07-bca7-56fa22a1296b&event_sid=4ah5bj&type=lead&id=3998 - ANSWER - 
[2020/03/03 11:55:03] OK - http://p.trackmytarget.com/?tmt_data=959337e6-26c5-4a56-b622-18968e253b6f&event_sid=4ah5bj&type=lead&id=4005 - ANSWER - 
[2020/03/03 12:35:02] OK - http://p.trackmytarget.com/?tmt_data=6ced5238-4bcc-47b4-aad6-0bab9fe608c5&event_sid=4ah5bj&type=lead&id=4007 - ANSWER - 
[2020/03/03 01:35:02] OK - http://p.trackmytarget.com/?tmt_data=30ea542b-9d80-4ef4-a291-4f20519429a3&event_sid=4ah5bj&type=lead&id=4009 - ANSWER - 
[2020/03/03 01:50:02] OK - http://p.trackmytarget.com/?tmt_data=30ea542b-9d80-4ef4-a291-4f20519429a3&event_sid=ob3d71&type=lead&id=4010 - ANSWER - 
[2020/03/03 01:55:02] OK - http://p.trackmytarget.com/?tmt_data=11f938c8-4eab-435d-987c-c7599b0bf473&event_sid=qc1963&type=lead&id=4011 - ANSWER - 
[2020/03/03 04:20:02] OK - http://p.trackmytarget.com/?tmt_data=ee21b08e-d189-4173-9e77-f08cce671c4d&event_sid=4ah5bj&type=lead&id=4012 - ANSWER - 
[2020/03/03 05:30:02] OK - http://p.trackmytarget.com/?tmt_data=cce170d5-2197-49b3-933e-fa662280adc9&event_sid=4ah5bj&type=lead&id=4013 - ANSWER - 
[2020/03/03 05:30:08] OK - http://p.trackmytarget.com/?tmt_data=ef27e869-c274-4b7b-8219-201fbd97523f&event_sid=4ah5bj&type=lead&id=4014 - ANSWER - 
[2020/03/03 05:50:03] OK - http://p.trackmytarget.com/?tmt_data=79a72a06-c39b-4c99-8508-c2688eb1d81b&event_sid=ob3d71&type=lead&id=4016 - ANSWER - 
[2020/03/03 06:20:02] OK - http://p.trackmytarget.com/?tmt_data=a034d63a-2b56-48a1-9273-bce9c6843adc&event_sid=bnm2d1&type=lead&id=4017 - ANSWER - 
[2020/03/03 07:05:02] OK - http://p.trackmytarget.com/?tmt_data=334ee002-a4da-4d10-a84f-39f883da84f4&event_sid=bnm2d1&type=lead&id=4018 - ANSWER - 
[2020/03/04 09:30:03] OK - http://p.trackmytarget.com/?tmt_data=1226aae6-44aa-4ef3-89dc-e9f1b111ef75&event_sid=bnm2d1&type=lead&id=4019 - ANSWER - 
[2020/03/04 10:35:02] OK - http://p.trackmytarget.com/?tmt_data=82869fab-a3ac-4ad7-acfd-56ecd642d811&event_sid=tvwr7o&type=lead&id=4020 - ANSWER - 
[2020/03/04 12:15:03] OK - http://p.trackmytarget.com/?tmt_data=bfab47b0-123b-4942-9e63-776837485adf&event_sid=ob3d71&type=lead&id=4021 - ANSWER - 
[2020/03/04 10:00:03] OK - http://p.trackmytarget.com/?tmt_data=d8c95d1f-8dc9-4d64-beb3-aa2fedc693c2&event_sid=ob3d71&type=lead&id=4022 - ANSWER - 
[2020/03/04 10:30:03] OK - http://p.trackmytarget.com/?tmt_data=d8c95d1f-8dc9-4d64-beb3-aa2fedc693c2&event_sid=ob3d71&type=lead&id=4023 - ANSWER - 
[2020/03/05 12:15:03] OK - http://p.trackmytarget.com/?tmt_data=326b2e73-8812-457d-85f7-97033f407039&event_sid=tvwr7o&type=lead&id=4024 - ANSWER - 
[2020/03/05 01:10:02] OK - http://p.trackmytarget.com/?tmt_data=feb2a18a-c84d-43d8-9526-2b785cd78ff0&event_sid=4ah5bj&type=lead&id=4025 - ANSWER - 
[2020/03/05 01:25:02] OK - http://p.trackmytarget.com/?tmt_data=04b566f0-4d98-41e1-b408-909882e27e64&event_sid=4ah5bj&type=lead&id=4026 - ANSWER - 
[2020/03/05 01:40:02] OK - http://p.trackmytarget.com/?tmt_data=f8293070-0629-4140-b639-187299c5c968&event_sid=4ah5bj&type=lead&id=4027 - ANSWER - 
[2020/03/05 06:00:07] OK - http://p.trackmytarget.com/?tmt_data=40b91471-54f5-436f-a077-cd9e2be89ae5&event_sid=4ah5bj&type=lead&id=4029 - ANSWER - 
[2020/03/05 11:00:03] OK - http://p.trackmytarget.com/?tmt_data=0273c3db-048d-43e1-a820-e227d6418057&event_sid=4ah5bj&type=lead&id=4031 - ANSWER - 
[2020/03/06 12:50:02] OK - http://p.trackmytarget.com/?tmt_data=8f8f8bb3-32e2-4da5-b75b-fad3019d6b88&event_sid=4ah5bj&type=lead&id=4032 - ANSWER - 
[2020/03/06 10:50:02] OK - http://p.trackmytarget.com/?tmt_data=c11dc5f9-04b5-4db6-a388-ba1f55a21b41&event_sid=4ah5bj&type=lead&id=4033 - ANSWER - 
[2020/03/06 11:10:03] OK - http://p.trackmytarget.com/?tmt_data=61e8e0fc-0a52-4f3b-8fdc-7ff033597ed4&event_sid=ob3d71&type=lead&id=4034 - ANSWER - 
[2020/03/06 01:00:03] OK - http://p.trackmytarget.com/?tmt_data=42b03f41-5b3f-4a39-97f5-6f4f9c9db64f&event_sid=ob3d71&type=lead&id=4035 - ANSWER - 
[2020/03/06 01:20:02] OK - http://p.trackmytarget.com/?tmt_data=b64db43d-a429-470d-a43f-95a6f5f658fb&event_sid=4ah5bj&type=lead&id=4036 - ANSWER - 
[2020/03/06 05:00:03] OK - http://p.trackmytarget.com/?tmt_data=7bb1247f-1d5a-49a8-81a8-b30ab07256aa&event_sid=4ah5bj&type=lead&id=4038 - ANSWER - 
[2020/03/06 06:00:03] OK - http://p.trackmytarget.com/?tmt_data=f619acdd-23d0-478b-861b-3fd931000069&event_sid=4ah5bj&type=lead&id=4039 - ANSWER - 
[2020/03/07 10:55:02] OK - http://p.trackmytarget.com/?tmt_data=02b5442d-2530-46cd-9dca-58c5884eefe1&event_sid=ob3d71&type=lead&id=4040 - ANSWER - 
[2020/03/07 01:10:03] OK - http://p.trackmytarget.com/?tmt_data=7ed2a639-927a-421d-ba75-b8c683256e08&event_sid=4ah5bj&type=lead&id=4041 - ANSWER - 
[2020/03/07 01:25:02] OK - http://p.trackmytarget.com/?tmt_data=b1f1bf51-97f1-404c-9b4a-7bf08e7ee53b&event_sid=4ah5bj&type=lead&id=4042 - ANSWER - 
[2020/03/07 11:30:02] OK - http://p.trackmytarget.com/?tmt_data=18229353-8e2b-44ab-abb7-a9df3b226564&event_sid=ob3d71&type=lead&id=4045 - ANSWER - 
[2020/03/08 10:00:02] OK - http://p.trackmytarget.com/?tmt_data=84ac5463-e1e1-4112-8ae2-8ae4e05ff9ea&event_sid=ob3d71&type=lead&id=4046 - ANSWER - 
[2020/03/08 12:50:02] OK - http://p.trackmytarget.com/?tmt_data=04388596-a227-4e07-bccf-95abb8fe0a78&event_sid=ob3d71&type=lead&id=4047 - ANSWER - 
[2020/03/08 06:45:02] OK - http://p.trackmytarget.com/?tmt_data=3ffc9e6c-0c94-466a-8f86-640696a705c8&event_sid=ob3d71&type=lead&id=4048 - ANSWER - 
[2020/03/08 10:45:02] OK - http://p.trackmytarget.com/?tmt_data=4d638c2c-056c-40c2-9d88-678cc746eb70&event_sid=bnm2d1&type=lead&id=4049 - ANSWER - 
[2020/03/09 09:55:04] OK - http://p.trackmytarget.com/?tmt_data=7e82e09f-0277-4d73-9f5b-13ca8cbf7bab&event_sid=ob3d71&type=lead&id=4050 - ANSWER - 
[2020/03/09 11:50:02] OK - http://p.trackmytarget.com/?tmt_data=94c61ded-a1b3-436c-873c-c3d359e703d0&event_sid=4ah5bj&type=lead&id=4051 - ANSWER - 
[2020/03/09 02:35:02] OK - http://p.trackmytarget.com/?tmt_data=ef5a28ff-c32c-4c96-901c-cdaeec45b62b&event_sid=bnm2d1&type=lead&id=4052 - ANSWER - 
[2020/03/09 02:50:03] OK - http://p.trackmytarget.com/?tmt_data=8aa58e71-9a75-43b4-9d88-fe0c9304b2f8&event_sid=4ah5bj&type=lead&id=4053 - ANSWER - 
[2020/03/09 04:15:03] OK - http://p.trackmytarget.com/?tmt_data=fb6a570c-be89-4833-88fc-00d3ff9df02f&event_sid=4ah5bj&type=lead&id=4054 - ANSWER - 
[2020/03/09 08:25:02] OK - http://p.trackmytarget.com/?tmt_data=167c1f13-17d2-43be-af35-fe4c38a571a1&event_sid=ob3d71&type=lead&id=4055 - ANSWER - 
[2020/03/09 10:30:03] OK - http://p.trackmytarget.com/?tmt_data=71e5f49a-7c52-474b-a21f-d6bf4fbe9444&event_sid=4ah5bj&type=lead&id=4056 - ANSWER - 
[2020/03/10 12:55:03] OK - http://p.trackmytarget.com/?tmt_data=f6fd4585-1780-4d95-859f-60d01c9875a1&event_sid=bnm2d1&type=lead&id=4057 - ANSWER - 
[2020/03/10 04:05:02] OK - http://p.trackmytarget.com/?tmt_data=f601259c-8ca8-4bf5-8316-b46f9824d92c&event_sid=4ah5bj&type=lead&id=4058 - ANSWER - 
[2020/03/10 06:20:02] OK - http://p.trackmytarget.com/?tmt_data=416b8d20-624c-4f55-8bdd-93b6f0e18c88&event_sid=4ah5bj&type=lead&id=4059 - ANSWER - 
[2020/03/10 07:35:02] OK - http://p.trackmytarget.com/?tmt_data=7c02aa64-4907-419d-aa53-0fb7dbd908e9&event_sid=4ah5bj&type=lead&id=4060 - ANSWER - 
[2020/03/11 11:15:03] OK - http://p.trackmytarget.com/?tmt_data=f81d3fc4-4741-4cc0-9052-46417a49bbc1&event_sid=625w40&type=lead&id=4062 - ANSWER - 
[2020/03/11 11:40:02] OK - http://p.trackmytarget.com/?tmt_data=a53713ea-b834-472c-bb16-2bfee1abfdf9&event_sid=bnm2d1&type=lead&id=4063 - ANSWER - 
[2020/03/11 12:05:02] OK - http://p.trackmytarget.com/?tmt_data=43d734d6-5db3-4ff2-9b7b-b790261a0194&event_sid=4ah5bj&type=lead&id=4065 - ANSWER - 
[2020/03/11 12:50:02] OK - http://p.trackmytarget.com/?tmt_data=8ffa6def-cd5c-4d9c-bbe6-817e8721b4d1&event_sid=4ah5bj&type=lead&id=4066 - ANSWER - 
[2020/03/11 01:55:02] OK - http://p.trackmytarget.com/?tmt_data=a6ef27cb-2f62-4cb3-afd0-a6093233e5a8&event_sid=ob3d71&type=lead&id=4069 - ANSWER - 
[2020/03/11 07:25:02] OK - http://p.trackmytarget.com/?tmt_data=b582aa1b-ca65-4a47-b4de-c7c90745c1ed&event_sid=bnm2d1&type=lead&id=4071 - ANSWER - 
[2020/03/11 10:15:02] OK - http://p.trackmytarget.com/?tmt_data=8170c7f5-8f5b-435f-b71a-73f066ac9c4d&event_sid=bnm2d1&type=lead&id=4072 - ANSWER - 
[2020/03/12 12:45:02] OK - http://p.trackmytarget.com/?tmt_data=a091e47c-97fa-477e-9679-0e79a13440b3&event_sid=4ah5bj&type=lead&id=4074 - ANSWER - 
[2020/03/12 12:50:02] OK - http://p.trackmytarget.com/?tmt_data=2b08b756-db5a-47fa-8694-646386a1f1f8&event_sid=4ah5bj&type=lead&id=4075 - ANSWER - 
[2020/03/12 10:45:02] OK - http://p.trackmytarget.com/?tmt_data=26c18958-d0b5-46b3-9505-6c234cac8e85&event_sid=bnm2d1&type=lead&id=4077 - ANSWER - 
[2020/03/12 10:45:09] OK - http://p.trackmytarget.com/?tmt_data=26c18958-d0b5-46b3-9505-6c234cac8e85&event_sid=bnm2d1&type=lead&id=4078 - ANSWER - 
[2020/03/12 01:25:02] OK - http://p.trackmytarget.com/?tmt_data=f4d083d0-3d54-4d1d-87d2-25bc0452e82e&event_sid=4ah5bj&type=lead&id=4080 - ANSWER - 
[2020/03/12 10:10:03] OK - http://p.trackmytarget.com/?tmt_data=ba2117e2-8e96-4f1c-8dd9-071483a8f810&event_sid=bnm2d1&type=lead&id=4082 - ANSWER - 
[2020/03/13 08:55:02] OK - http://p.trackmytarget.com/?tmt_data=45cd503d-8e52-46c7-98d3-c0bf98d83a07&event_sid=bnm2d1&type=lead&id=4084 - ANSWER - 
[2020/03/13 10:15:02] OK - http://p.trackmytarget.com/?tmt_data=256cfff7-9555-45f5-a139-20bec9792245&event_sid=4ah5bj&type=lead&id=4085 - ANSWER - 
[2020/03/13 11:00:05] OK - http://p.trackmytarget.com/?tmt_data=96882143-15fd-4498-857f-0f1a8e73df1f&event_sid=ob3d71&type=lead&id=4086 - ANSWER - 
[2020/03/13 12:05:03] OK - http://p.trackmytarget.com/?tmt_data=b86e0b95-0f0b-4ceb-bf9d-d9280724fcb1&event_sid=4ah5bj&type=lead&id=4087 - ANSWER - 
[2020/03/13 01:45:03] OK - http://p.trackmytarget.com/?tmt_data=f55a9f6d-5595-4f7f-8228-f68e864826cb&event_sid=ob3d71&type=lead&id=4088 - ANSWER - 
[2020/03/13 02:25:02] OK - http://p.trackmytarget.com/?tmt_data=d8fc5359-e4f2-459c-a38f-1e72dced0e86&event_sid=bnm2d1&type=lead&id=4089 - ANSWER - 
[2020/03/13 03:10:03] OK - http://p.trackmytarget.com/?tmt_data=22188554-ffaa-4f1d-a50b-a028a66f254f&event_sid=4ah5bj&type=lead&id=4090 - ANSWER - 
[2020/03/13 04:50:03] OK - http://p.trackmytarget.com/?tmt_data=7820a5b6-299b-4ad9-86bd-76d3a4538934&event_sid=bnm2d1&type=lead&id=4091 - ANSWER - 
[2020/03/13 09:45:03] OK - http://p.trackmytarget.com/?tmt_data=7163ae82-f64f-4be6-8f6f-7b6262a4364c&event_sid=ob3d71&type=lead&id=4092 - ANSWER - 
[2020/03/14 05:25:02] OK - http://p.trackmytarget.com/?tmt_data=9981e96f-168d-475e-99b0-b7a1815bf32e&event_sid=bnm2d1&type=lead&id=4093 - ANSWER - 
[2020/03/14 10:30:02] OK - http://p.trackmytarget.com/?tmt_data=e3cddb8d-17f1-41d4-92e4-64180eedaa79&event_sid=ob3d71&type=lead&id=4095 - ANSWER - 
[2020/03/14 06:15:02] OK - http://p.trackmytarget.com/?tmt_data=1041a330-4d0b-4fa1-8206-1904425aca71&event_sid=bnm2d1&type=lead&id=4096 - ANSWER - 
[2020/03/15 12:05:02] OK - http://p.trackmytarget.com/?tmt_data=2b2d56da-9f41-4787-a03a-9ffadb32ce7c&event_sid=4ah5bj&type=lead&id=4098 - ANSWER - 
[2020/03/15 02:30:02] OK - http://p.trackmytarget.com/?tmt_data=9da61e71-4741-41a1-9b78-42ffc30f628e&event_sid=ob3d71&type=lead&id=4099 - ANSWER - 
[2020/03/15 03:00:03] OK - http://p.trackmytarget.com/?tmt_data=525193e9-e3ed-4bac-85f6-36b06c22fa28&event_sid=625w40&type=lead&id=4100 - ANSWER - 
[2020/03/15 09:35:02] OK - http://p.trackmytarget.com/?tmt_data=1e4ae026-4041-4fab-85b0-f8d16ea67a22&event_sid=4ah5bj&type=lead&id=4101 - ANSWER - 
[2020/03/15 09:45:02] OK - http://p.trackmytarget.com/?tmt_data=ef8dbf3c-e861-41f8-8f48-dbffe94189d5&event_sid=bnm2d1&type=lead&id=4102 - ANSWER - 
[2020/03/16 11:40:02] OK - http://p.trackmytarget.com/?tmt_data=848808b7-611c-45ac-be94-d7efc25de65e&event_sid=4ah5bj&type=lead&id=4104 - ANSWER - 
[2020/03/16 11:55:03] OK - http://p.trackmytarget.com/?tmt_data=4e6b25c3-22f6-4453-9e26-d7e5547e6944&event_sid=625w40&type=lead&id=4108 - ANSWER - 
[2020/03/16 12:05:03] OK - http://p.trackmytarget.com/?tmt_data=6245558d-9c30-4fb4-b3cd-e91fd5674483&event_sid=4ah5bj&type=lead&id=4109 - ANSWER - 
[2020/03/16 01:00:03] OK - http://p.trackmytarget.com/?tmt_data=2de84cf7-6784-496e-b23b-6fe5793e0783&event_sid=4ah5bj&type=lead&id=4110 - ANSWER - 
[2020/03/16 03:20:03] OK - http://p.trackmytarget.com/?tmt_data=d4298638-5ab0-4983-bd1e-cf4a9b451733&event_sid=4ah5bj&type=lead&id=4112 - ANSWER - 
[2020/03/16 06:30:03] OK - http://p.trackmytarget.com/?tmt_data=02dc67ca-058e-4edd-8a55-1a2929ea9c67&event_sid=4ah5bj&type=lead&id=4114 - ANSWER - 
[2020/03/16 06:30:10] OK - http://p.trackmytarget.com/?tmt_data=c37087b1-7a6b-487f-b429-0dc71c18c6ab&event_sid=tvwr7o&type=lead&id=4115 - ANSWER - 
[2020/03/16 06:35:03] OK - http://p.trackmytarget.com/?tmt_data=c37087b1-7a6b-487f-b429-0dc71c18c6ab&event_sid=tvwr7o&type=lead&id=4116 - ANSWER - 
[2020/03/16 06:55:04] OK - http://p.trackmytarget.com/?tmt_data=7e778440-bedc-4666-8bb5-cd9ef6545cec&event_sid=ob3d71&type=lead&id=4117 - ANSWER - 
[2020/03/17 09:35:02] OK - http://p.trackmytarget.com/?tmt_data=116e36bc-9af5-4910-92ce-c527fa669452&event_sid=ob3d71&type=lead&id=4119 - ANSWER - 
[2020/03/17 09:50:02] OK - http://p.trackmytarget.com/?tmt_data=c71e1587-cfab-4b0c-9f75-71377dafaccc&event_sid=bnm2d1&type=lead&id=4120 - ANSWER - 
[2020/03/17 12:55:02] OK - http://p.trackmytarget.com/?tmt_data=0d9041b5-f953-490e-a225-0cf07ade39d6&event_sid=4ah5bj&type=lead&id=4121 - ANSWER - 
[2020/03/17 01:00:03] OK - http://p.trackmytarget.com/?tmt_data=790efc48-0216-4612-89c2-98b4863b3d68&event_sid=tvwr7o&type=lead&id=4122 - ANSWER - 
[2020/03/17 01:05:03] OK - http://p.trackmytarget.com/?tmt_data=c048f059-21b7-4f3a-a592-b601070a57f8&event_sid=625w40&type=lead&id=4123 - ANSWER - 
[2020/03/17 08:30:03] OK - http://p.trackmytarget.com/?tmt_data=8b37824e-ee32-421b-99d9-5d93d3b1a431&event_sid=4ah5bj&type=lead&id=4127 - ANSWER - 
[2020/03/18 10:25:03] OK - http://p.trackmytarget.com/?tmt_data=4a4460e9-49da-4051-8eba-d2e9c4a40b42&event_sid=625w40&type=lead&id=4128 - ANSWER - 
[2020/03/18 11:05:04] OK - http://p.trackmytarget.com/?tmt_data=a579a0fc-5046-49ea-8242-2f43d250937f&event_sid=4ah5bj&type=lead&id=4129 - ANSWER - 
[2020/03/27 03:25:04] OK - http://p.trackmytarget.com/?tmt_data=aad09dd0-d922-4232-8744-d5970ab86491&event_sid=4ah5bj&type=lead&id=4381 - ANSWER - 
[2020/03/27 05:35:04] OK - http://p.trackmytarget.com/?tmt_data=62253021-7514-44ae-97a3-c0fb7f2f8daf&event_sid=ob3d71&type=lead&id=4384 - ANSWER - 
[2020/03/28 10:30:05] OK - http://p.trackmytarget.com/?tmt_data=12f4e430-caa5-4462-917f-57bf7e4ff167&event_sid=4ah5bj&type=lead&id=4385 - ANSWER - 
[2020/03/28 11:50:05] OK - http://p.trackmytarget.com/?tmt_data=c8358e62-7aa3-4f37-9283-d9adafd9b110&event_sid=4ah5bj&type=lead&id=4386 - ANSWER - 
[2020/03/28 12:10:04] OK - http://p.trackmytarget.com/?tmt_data=cdb9f0f7-58ad-4ec7-b275-42424eb2e0a9&event_sid=ob3d71&type=lead&id=4387 - ANSWER - 
[2020/03/29 12:10:05] OK - http://p.trackmytarget.com/?tmt_data=2e6839cf-1310-411a-9e79-8edd67b2b5f8&event_sid=ob3d71&type=lead&id=4388 - ANSWER - 
[2020/03/29 12:45:05] OK - http://p.trackmytarget.com/?tmt_data=fdff61f8-9c00-4ac0-9d2a-5ceea3fb7a1a&event_sid=ob3d71&type=lead&id=4390 - ANSWER - 
[2020/03/29 02:35:05] OK - http://p.trackmytarget.com/?tmt_data=bfa54d43-8093-4cc6-a76b-178936536e6a&event_sid=ob3d71&type=lead&id=4393 - ANSWER - 
[2020/03/29 07:25:05] OK - http://p.trackmytarget.com/?tmt_data=c57f0791-ab42-4e04-bdc0-7f4bdbc4c618&event_sid=4ah5bj&type=lead&id=4395 - ANSWER - 
[2020/03/30 09:25:05] OK - http://p.trackmytarget.com/?tmt_data=e5ae516e-4edc-4deb-9b7f-6d13bde81c9c&event_sid=ob3d71&type=lead&id=4397 - ANSWER - 
[2020/03/30 12:20:05] OK - http://p.trackmytarget.com/?tmt_data=4180ab8d-94a0-4a88-b0e9-3ca563114a6e&event_sid=ob3d71&type=lead&id=4398 - ANSWER - 
[2020/03/30 02:40:05] OK - http://p.trackmytarget.com/?tmt_data=fb427bfb-ee3c-45c6-ab42-c3248166cce0&event_sid=bnm2d1&type=lead&id=4399 - ANSWER - 
[2020/03/30 06:25:05] OK - http://p.trackmytarget.com/?tmt_data=6491f394-3ccf-4ade-a9ef-2c310a7ddf4b&event_sid=4ah5bj&type=lead&id=4401 - ANSWER - 
[2020/03/30 07:20:04] OK - http://p.trackmytarget.com/?tmt_data=b556eca6-a737-40ea-94db-1d2b1e7e376f&event_sid=bnm2d1&type=lead&id=4402 - ANSWER - 
[2020/03/30 07:25:04] OK - http://p.trackmytarget.com/?tmt_data=cf9dcf9d-32bb-4d83-9f0b-74a93506712a&event_sid=ob3d71&type=lead&id=4403 - ANSWER - 
[2020/03/31 06:25:04] OK - http://p.trackmytarget.com/?tmt_data=2dee25ce-2e7c-42ac-8257-cd6fafee1af5&event_sid=4ah5bj&type=lead&id=4404 - ANSWER - 
[2020/03/31 12:20:04] ERROR - http://p.trackmytarget.com/?tmt_data=12345&event_sid=4ah5bj&type=lead&id=4405
[2020/03/31 02:25:04] OK - http://p.trackmytarget.com/?tmt_data=d9e2e768-061f-42e8-8abf-8c25af0a2d5f&event_sid=4ah5bj&type=lead&id=4406 - ANSWER - 
[2020/03/31 03:35:05] OK - http://p.trackmytarget.com/?tmt_data=75498890-6703-4738-a34d-ff1f503ccf99&event_sid=bnm2d1&type=lead&id=4407 - ANSWER - 
[2020/03/31 04:45:05] OK - http://p.trackmytarget.com/?tmt_data=941b4c8f-634f-4d71-be04-6c436d34ff41&event_sid=bnm2d1&type=lead&id=4409 - ANSWER - 
[2020/03/31 04:55:05] OK - http://p.trackmytarget.com/?tmt_data=8ecb15d1-3fce-40ae-aa87-d3f8193d403f&event_sid=4ah5bj&type=lead&id=4410 - ANSWER - 
[2020/03/31 05:35:05] OK - http://p.trackmytarget.com/?tmt_data=46802290-ed50-4297-bb6e-bef4de428ed6&event_sid=ob3d71&type=lead&id=4411 - ANSWER - 
[2020/03/31 05:55:05] OK - http://p.trackmytarget.com/?tmt_data=78f33543-9bf1-4e03-b1ab-21138c9ff9bf&event_sid=bnm2d1&type=lead&id=4413 - ANSWER - 
[2020/03/31 08:10:05] OK - http://p.trackmytarget.com/?tmt_data=e700e0a0-b521-4b2c-b5fd-01797bc50fe5&event_sid=bnm2d1&type=lead&id=4414 - ANSWER - 
[2020/04/01 01:55:04] OK - http://p.trackmytarget.com/?tmt_data=0c6af52b-c8c7-4746-a597-b3aec99caa11&event_sid=ob3d71&type=lead&id=4416 - ANSWER - 
[2020/04/01 10:40:05] OK - http://p.trackmytarget.com/?tmt_data=78f33543-9bf1-4e03-b1ab-21138c9ff9bf&event_sid=bnm2d1&type=lead&id=4418 - ANSWER - 
[2020/04/01 12:00:05] OK - http://p.trackmytarget.com/?tmt_data=144c3c24-cb08-423f-9782-759c60084b38&event_sid=ob3d71&type=lead&id=4419 - ANSWER - 
[2020/04/03 02:15:05] OK - http://p.trackmytarget.com/?tmt_data=c4a28297-21f1-4307-a408-dd0c52280e49&event_sid=625w40&type=lead&id=4423 - ANSWER - 
